[2026-05-31T06:00:25Z] ===== kronos_train_weekly starting =====
[2026-05-31T06:00:25Z] Fetching fresh Alpaca bars...
  Fetching NVDA (730d hourly)...
    Got 4109 bars. Range: 2024-05-31 12:00:00+00:00 → 2026-05-29 20:00:00+00:00
  Saved → /home/itsju/04_RESEARCH/Kronos/finetune_csv/data/us_stocks_1h_NVDA.csv
  Fetching TSLA (730d hourly)...
    Got 3920 bars. Range: 2024-05-31 12:00:00+00:00 → 2026-05-29 20:00:00+00:00
  Saved → /home/itsju/04_RESEARCH/Kronos/finetune_csv/data/us_stocks_1h_TSLA.csv
  Fetching SPY (730d hourly)...
    Got 4136 bars. Range: 2024-05-31 13:00:00+00:00 → 2026-05-29 20:00:00+00:00
  Saved → /home/itsju/04_RESEARCH/Kronos/finetune_csv/data/us_stocks_1h_SPY.csv
  Fetching QQQ (730d hourly)...
    Got 4357 bars. Range: 2024-05-31 12:00:00+00:00 → 2026-05-29 20:00:00+00:00
  Saved → /home/itsju/04_RESEARCH/Kronos/finetune_csv/data/us_stocks_1h_QQQ.csv
  Fetching AAPL (730d hourly)...
    Got 3681 bars. Range: 2024-05-31 13:00:00+00:00 → 2026-05-29 20:00:00+00:00
  Saved → /home/itsju/04_RESEARCH/Kronos/finetune_csv/data/us_stocks_1h_AAPL.csv
  Fetching MSFT (730d hourly)...
    Got 3671 bars. Range: 2024-05-31 13:00:00+00:00 → 2026-05-29 20:00:00+00:00
  Saved → /home/itsju/04_RESEARCH/Kronos/finetune_csv/data/us_stocks_1h_MSFT.csv
  Fetching AMD (730d hourly)...
    Got 3752 bars. Range: 2024-05-31 13:00:00+00:00 → 2026-05-29 20:00:00+00:00
  Saved → /home/itsju/04_RESEARCH/Kronos/finetune_csv/data/us_stocks_1h_AMD.csv
  Fetching SMCI (730d hourly)...
    Got 3741 bars. Range: 2024-05-31 13:00:00+00:00 → 2026-05-29 20:00:00+00:00
  Saved → /home/itsju/04_RESEARCH/Kronos/finetune_csv/data/us_stocks_1h_SMCI.csv
  Fetching META (730d hourly)...
    Got 3633 bars. Range: 2024-05-31 13:00:00+00:00 → 2026-05-29 20:00:00+00:00
  Saved → /home/itsju/04_RESEARCH/Kronos/finetune_csv/data/us_stocks_1h_META.csv
  Fetching MU (730d hourly)...
    Got 3692 bars. Range: 2024-05-31 13:00:00+00:00 → 2026-05-29 20:00:00+00:00
  Saved → /home/itsju/04_RESEARCH/Kronos/finetune_csv/data/us_stocks_1h_MU.csv
  Fetching AMZN (730d hourly)...
    Got 3592 bars. Range: 2024-05-31 13:00:00+00:00 → 2026-05-29 20:00:00+00:00
  Saved → /home/itsju/04_RESEARCH/Kronos/finetune_csv/data/us_stocks_1h_AMZN.csv
  Fetching GOOGL (730d hourly)...
    Got 3725 bars. Range: 2024-05-31 13:00:00+00:00 → 2026-05-29 20:00:00+00:00
  Saved → /home/itsju/04_RESEARCH/Kronos/finetune_csv/data/us_stocks_1h_GOOGL.csv
  Fetching COIN (730d hourly)...
    Got 3680 bars. Range: 2024-05-31 13:00:00+00:00 → 2026-05-29 19:00:00+00:00
  Saved → /home/itsju/04_RESEARCH/Kronos/finetune_csv/data/us_stocks_1h_COIN.csv
  Fetching BTCUSD crypto (730d hourly via Alpaca)...
    Got 17516 bars. Range: 2024-05-31 07:00:00+00:00 → 2026-05-31 06:00:00+00:00
  Saved → /home/itsju/04_RESEARCH/Kronos/finetune_csv/data/us_stocks_1h_BTCUSD.csv

Combined dataset: 67205 rows → /home/itsju/04_RESEARCH/Kronos/finetune_csv/data/us_stocks_1h_all.csv

Next steps:
  1. Edit ~/04_RESEARCH/Kronos/finetune_csv/configs/config_us_stocks_1h.yaml
  2. cd ~/04_RESEARCH/Kronos/finetune_csv
  3. ~/02_DATA/mc-kb/.venv/bin/python train_sequential.py --config configs/config_us_stocks_1h.yaml
[2026-05-31T06:02:41Z] Starting weekly full retrain...
2026-05-31 02:02:43 - tokenizer_training_rank_0 - INFO - === Tokenizer Training Started ===
2026-05-31 02:02:43 - tokenizer_training_rank_0 - INFO - Experiment Name: us_stocks_1h
2026-05-31 02:02:43 - tokenizer_training_rank_0 - INFO - Log Directory: /home/itsju/04_RESEARCH/Kronos/finetune_csv/finetuned//us_stocks_1h/logs
2026-05-31 02:02:43 - tokenizer_training_rank_0 - INFO - Rank: 0
2026-05-31 02:02:43 - tokenizer_training_rank_0 - INFO - Timestamp: 2026-05-31 02:02:43
2026-05-31 02:02:43 - tokenizer_training_rank_0 - INFO - Loading pretrained tokenizer...
Warning: You are sending unauthenticated requests to the HF Hub. Please set a HF_TOKEN to enable higher rate limits and faster downloads.
2026-05-31 02:02:44 - tokenizer_training_rank_0 - INFO - Tokenizer parameters: 3,958,042
2026-05-31 02:02:44 - tokenizer_training_rank_0 - INFO - === Training Configuration ===
2026-05-31 02:02:44 - tokenizer_training_rank_0 - INFO - Data path: /home/itsju/04_RESEARCH/Kronos/finetune_csv/data/us_stocks_1h_all.csv
2026-05-31 02:02:44 - tokenizer_training_rank_0 - INFO - Lookback window: 512
2026-05-31 02:02:44 - tokenizer_training_rank_0 - INFO - Predict window: 24
2026-05-31 02:02:44 - tokenizer_training_rank_0 - INFO - Batch size: 16
2026-05-31 02:02:44 - tokenizer_training_rank_0 - INFO - Learning rate: 0.0002
2026-05-31 02:02:44 - tokenizer_training_rank_0 - INFO - Training epochs: 10
2026-05-31 02:02:44 - tokenizer_training_rank_0 - INFO - Device: cuda:0
2026-05-31 02:02:44 - tokenizer_training_rank_0 - INFO - Distributed training: False
2026-05-31 02:02:44 - tokenizer_training_rank_0 - INFO - Starting tokenizer fine-tuning training...
2026-05-31 02:02:44 - tokenizer_training_rank_0 - INFO - Starting tokenizer training...
Using device: cuda:0 (rank=0, world_size=1, local_rank=0)
============================================================
Kronos finetuning configuration summary
============================================================
Experiment name: us_stocks_1h
Data path: /home/itsju/04_RESEARCH/Kronos/finetune_csv/data/us_stocks_1h_all.csv
Lookback window: 512
Predict window: 24
Tokenizer training epochs: 10
Basemodel training epochs: 8
Batch size: 16
Tokenizer learning rate: 0.0002
Predictor learning rate: 1e-06
Train tokenizer: True
Train basemodel: True
Skip existing: False
Use pre-trained tokenizer: True
Use pre-trained predictor: True
Base save path: /home/itsju/04_RESEARCH/Kronos/finetune_csv/finetuned//us_stocks_1h
Tokenizer save path: /home/itsju/04_RESEARCH/Kronos/finetune_csv/finetuned//us_stocks_1h/tokenizer
Basemodel save path: /home/itsju/04_RESEARCH/Kronos/finetune_csv/finetuned//us_stocks_1h/basemodel
============================================================
Starting Kronos model sequential fine-tuning training
Experiment name: kronos_us_stocks_1h
Experiment description: Fine-tune Kronos-small on US stock + BTC 1h bars (NVDA, TSLA, SPY, QQQ, AAPL, MSFT, AMD, SMCI, META, MU, AMZN, GOOGL, COIN, BTCUSD)
Distributed training not enabled, using single GPU/CPU training
Created directory: /home/itsju/04_RESEARCH/Kronos/finetune_csv/finetuned//us_stocks_1h/tokenizer
Created directory: /home/itsju/04_RESEARCH/Kronos/finetune_csv/finetuned//us_stocks_1h/basemodel
Tokenizer model exists: True
Basemodel model exists: True

============================================================
Starting Tokenizer Fine-tuning Phase
============================================================
Tokenizer model exists: True
Basemodel model exists: True
Loading pretrained tokenizer...
Tokenizer parameters: 3,958,042
Starting tokenizer fine-tuning training...
Creating tokenizer training data loaders...
Original data time range: 2024-05-31 07:00:00+00:00 to 2026-05-31 06:00:00+00:00
Original data total length: 67205 records
[TRAIN] Training set: first 59140 time points (0.88)
[TRAIN] Training set time range: 2024-05-31 07:00:00+00:00 to 2026-03-09 19:00:00+00:00
[TRAIN] Data length after split: 59140 records
[TRAIN] Data length: 59140, Available samples: 58604
Original data time range: 2024-05-31 07:00:00+00:00 to 2026-05-31 06:00:00+00:00
Original data total length: 67205 records
[VAL] Validation set: time points 59141 to 67205 (0.12)
[VAL] Validation set time range: 2026-03-09 19:00:00+00:00 to 2026-05-31 06:00:00+00:00
[VAL] Data length after split: 8065 records
[VAL] Data length: 8065, Available samples: 7529
Training set size: 58604, Validation set size: 7529
2026-05-31 02:03:13 - tokenizer_training_rank_0 - INFO - [Epoch 1/10, Step 100/3662] LR: 0.000024, Loss: 0.0027
2026-05-31 02:03:13 - tokenizer_training_rank_0 - INFO -   - VQ Loss: -0.0674
  - Recon Loss Pre: 0.0407
  - Recon Loss All: 0.0324
2026-05-31 02:03:37 - tokenizer_training_rank_0 - INFO - [Epoch 1/10, Step 200/3662] LR: 0.000034, Loss: -0.0030
2026-05-31 02:03:37 - tokenizer_training_rank_0 - INFO -   - VQ Loss: -0.0675
  - Recon Loss Pre: 0.0401
  - Recon Loss All: 0.0309
2026-05-31 02:04:02 - tokenizer_training_rank_0 - INFO - [Epoch 1/10, Step 300/3662] LR: 0.000051, Loss: -0.0078
2026-05-31 02:04:02 - tokenizer_training_rank_0 - INFO -   - VQ Loss: -0.0686
  - Recon Loss Pre: 0.0309
  - Recon Loss All: 0.0229
2026-05-31 02:04:27 - tokenizer_training_rank_0 - INFO - [Epoch 1/10, Step 400/3662] LR: 0.000073, Loss: -0.0142
2026-05-31 02:04:27 - tokenizer_training_rank_0 - INFO -   - VQ Loss: -0.0693
  - Recon Loss Pre: 0.0208
  - Recon Loss All: 0.0157
2026-05-31 02:04:56 - tokenizer_training_rank_0 - INFO - [Epoch 1/10, Step 500/3662] LR: 0.000097, Loss: -0.0194
2026-05-31 02:04:56 - tokenizer_training_rank_0 - INFO -   - VQ Loss: -0.0692
  - Recon Loss Pre: 0.0173
  - Recon Loss All: 0.0125
2026-05-31 02:05:23 - tokenizer_training_rank_0 - INFO - [Epoch 1/10, Step 600/3662] LR: 0.000123, Loss: -0.0235
2026-05-31 02:05:23 - tokenizer_training_rank_0 - INFO -   - VQ Loss: -0.0695
  - Recon Loss Pre: 0.0147
  - Recon Loss All: 0.0082
2026-05-31 02:05:50 - tokenizer_training_rank_0 - INFO - [Epoch 1/10, Step 700/3662] LR: 0.000148, Loss: -0.0264
2026-05-31 02:05:50 - tokenizer_training_rank_0 - INFO -   - VQ Loss: -0.0698
  - Recon Loss Pre: 0.0106
  - Recon Loss All: 0.0075
2026-05-31 02:06:15 - tokenizer_training_rank_0 - INFO - [Epoch 1/10, Step 800/3662] LR: 0.000169, Loss: -0.0276
2026-05-31 02:06:15 - tokenizer_training_rank_0 - INFO -   - VQ Loss: -0.0699
  - Recon Loss Pre: 0.0104
  - Recon Loss All: 0.0069
2026-05-31 02:06:43 - tokenizer_training_rank_0 - INFO - [Epoch 1/10, Step 900/3662] LR: 0.000186, Loss: -0.0274
2026-05-31 02:06:43 - tokenizer_training_rank_0 - INFO -   - VQ Loss: -0.0701
  - Recon Loss Pre: 0.0076
  - Recon Loss All: 0.0053
2026-05-31 02:07:10 - tokenizer_training_rank_0 - INFO - [Epoch 1/10, Step 1000/3662] LR: 0.000197, Loss: -0.0293
2026-05-31 02:07:10 - tokenizer_training_rank_0 - INFO -   - VQ Loss: -0.0703
  - Recon Loss Pre: 0.0077
  - Recon Loss All: 0.0044
2026-05-31 02:07:33 - tokenizer_training_rank_0 - INFO - [Epoch 1/10, Step 1100/3662] LR: 0.000200, Loss: -0.0289
2026-05-31 02:07:33 - tokenizer_training_rank_0 - INFO -   - VQ Loss: -0.0705
  - Recon Loss Pre: 0.0079
  - Recon Loss All: 0.0051
2026-05-31 02:07:57 - tokenizer_training_rank_0 - INFO - [Epoch 1/10, Step 1200/3662] LR: 0.000200, Loss: -0.0301
2026-05-31 02:07:57 - tokenizer_training_rank_0 - INFO -   - VQ Loss: -0.0706
  - Recon Loss Pre: 0.0066
  - Recon Loss All: 0.0035
2026-05-31 02:08:21 - tokenizer_training_rank_0 - INFO - [Epoch 1/10, Step 1300/3662] LR: 0.000200, Loss: -0.0300
2026-05-31 02:08:21 - tokenizer_training_rank_0 - INFO -   - VQ Loss: -0.0707
  - Recon Loss Pre: 0.0058
  - Recon Loss All: 0.0037
2026-05-31 02:08:44 - tokenizer_training_rank_0 - INFO - [Epoch 1/10, Step 1400/3662] LR: 0.000200, Loss: -0.0300
2026-05-31 02:08:44 - tokenizer_training_rank_0 - INFO -   - VQ Loss: -0.0706
  - Recon Loss Pre: 0.0063
  - Recon Loss All: 0.0037
2026-05-31 02:09:09 - tokenizer_training_rank_0 - INFO - [Epoch 1/10, Step 1500/3662] LR: 0.000200, Loss: -0.0308
2026-05-31 02:09:09 - tokenizer_training_rank_0 - INFO -   - VQ Loss: -0.0705
  - Recon Loss Pre: 0.0060
  - Recon Loss All: 0.0035
2026-05-31 02:09:33 - tokenizer_training_rank_0 - INFO - [Epoch 1/10, Step 1600/3662] LR: 0.000200, Loss: -0.0299
2026-05-31 02:09:33 - tokenizer_training_rank_0 - INFO -   - VQ Loss: -0.0708
  - Recon Loss Pre: 0.0060
  - Recon Loss All: 0.0032
2026-05-31 02:09:59 - tokenizer_training_rank_0 - INFO - [Epoch 1/10, Step 1700/3662] LR: 0.000200, Loss: -0.0307
2026-05-31 02:09:59 - tokenizer_training_rank_0 - INFO -   - VQ Loss: -0.0708
  - Recon Loss Pre: 0.0064
  - Recon Loss All: 0.0035
2026-05-31 02:10:22 - tokenizer_training_rank_0 - INFO - [Epoch 1/10, Step 1800/3662] LR: 0.000200, Loss: -0.0312
2026-05-31 02:10:22 - tokenizer_training_rank_0 - INFO -   - VQ Loss: -0.0709
  - Recon Loss Pre: 0.0050
  - Recon Loss All: 0.0029
2026-05-31 02:10:47 - tokenizer_training_rank_0 - INFO - [Epoch 1/10, Step 1900/3662] LR: 0.000200, Loss: -0.0310
2026-05-31 02:10:47 - tokenizer_training_rank_0 - INFO -   - VQ Loss: -0.0706
  - Recon Loss Pre: 0.0063
  - Recon Loss All: 0.0036
2026-05-31 02:11:13 - tokenizer_training_rank_0 - INFO - [Epoch 1/10, Step 2000/3662] LR: 0.000200, Loss: -0.0308
2026-05-31 02:11:13 - tokenizer_training_rank_0 - INFO -   - VQ Loss: -0.0711
  - Recon Loss Pre: 0.0050
  - Recon Loss All: 0.0028
2026-05-31 02:11:40 - tokenizer_training_rank_0 - INFO - [Epoch 1/10, Step 2100/3662] LR: 0.000200, Loss: -0.0316
2026-05-31 02:11:40 - tokenizer_training_rank_0 - INFO -   - VQ Loss: -0.0711
  - Recon Loss Pre: 0.0045
  - Recon Loss All: 0.0027
2026-05-31 02:12:20 - tokenizer_training_rank_0 - INFO - [Epoch 1/10, Step 2200/3662] LR: 0.000200, Loss: -0.0321
2026-05-31 02:12:20 - tokenizer_training_rank_0 - INFO -   - VQ Loss: -0.0710
  - Recon Loss Pre: 0.0043
  - Recon Loss All: 0.0024
2026-05-31 02:12:56 - tokenizer_training_rank_0 - INFO - [Epoch 1/10, Step 2300/3662] LR: 0.000199, Loss: -0.0313
2026-05-31 02:12:56 - tokenizer_training_rank_0 - INFO -   - VQ Loss: -0.0709
  - Recon Loss Pre: 0.0054
  - Recon Loss All: 0.0035
2026-05-31 02:13:18 - tokenizer_training_rank_0 - INFO - [Epoch 1/10, Step 2400/3662] LR: 0.000199, Loss: -0.0320
2026-05-31 02:13:18 - tokenizer_training_rank_0 - INFO -   - VQ Loss: -0.0712
  - Recon Loss Pre: 0.0051
  - Recon Loss All: 0.0028
2026-05-31 02:13:44 - tokenizer_training_rank_0 - INFO - [Epoch 1/10, Step 2500/3662] LR: 0.000199, Loss: -0.0323
2026-05-31 02:13:44 - tokenizer_training_rank_0 - INFO -   - VQ Loss: -0.0711
  - Recon Loss Pre: 0.0040
  - Recon Loss All: 0.0023
2026-05-31 02:14:10 - tokenizer_training_rank_0 - INFO - [Epoch 1/10, Step 2600/3662] LR: 0.000199, Loss: -0.0318
2026-05-31 02:14:10 - tokenizer_training_rank_0 - INFO -   - VQ Loss: -0.0711
  - Recon Loss Pre: 0.0046
  - Recon Loss All: 0.0027
2026-05-31 02:14:37 - tokenizer_training_rank_0 - INFO - [Epoch 1/10, Step 2700/3662] LR: 0.000199, Loss: -0.0320
2026-05-31 02:14:37 - tokenizer_training_rank_0 - INFO -   - VQ Loss: -0.0712
  - Recon Loss Pre: 0.0044
  - Recon Loss All: 0.0025
2026-05-31 02:15:03 - tokenizer_training_rank_0 - INFO - [Epoch 1/10, Step 2800/3662] LR: 0.000199, Loss: -0.0318
2026-05-31 02:15:03 - tokenizer_training_rank_0 - INFO -   - VQ Loss: -0.0711
  - Recon Loss Pre: 0.0050
  - Recon Loss All: 0.0028
2026-05-31 02:15:27 - tokenizer_training_rank_0 - INFO - [Epoch 1/10, Step 2900/3662] LR: 0.000199, Loss: -0.0321
2026-05-31 02:15:27 - tokenizer_training_rank_0 - INFO -   - VQ Loss: -0.0710
  - Recon Loss Pre: 0.0051
  - Recon Loss All: 0.0029
2026-05-31 02:15:52 - tokenizer_training_rank_0 - INFO - [Epoch 1/10, Step 3000/3662] LR: 0.000199, Loss: -0.0319
2026-05-31 02:15:52 - tokenizer_training_rank_0 - INFO -   - VQ Loss: -0.0713
  - Recon Loss Pre: 0.0043
  - Recon Loss All: 0.0024
2026-05-31 02:16:17 - tokenizer_training_rank_0 - INFO - [Epoch 1/10, Step 3100/3662] LR: 0.000198, Loss: -0.0323
2026-05-31 02:16:17 - tokenizer_training_rank_0 - INFO -   - VQ Loss: -0.0712
  - Recon Loss Pre: 0.0041
  - Recon Loss All: 0.0023
2026-05-31 02:16:43 - tokenizer_training_rank_0 - INFO - [Epoch 1/10, Step 3200/3662] LR: 0.000198, Loss: -0.0321
2026-05-31 02:16:43 - tokenizer_training_rank_0 - INFO -   - VQ Loss: -0.0711
  - Recon Loss Pre: 0.0049
  - Recon Loss All: 0.0030
2026-05-31 02:17:08 - tokenizer_training_rank_0 - INFO - [Epoch 1/10, Step 3300/3662] LR: 0.000198, Loss: -0.0324
2026-05-31 02:17:08 - tokenizer_training_rank_0 - INFO -   - VQ Loss: -0.0713
  - Recon Loss Pre: 0.0039
  - Recon Loss All: 0.0021
2026-05-31 02:17:32 - tokenizer_training_rank_0 - INFO - [Epoch 1/10, Step 3400/3662] LR: 0.000198, Loss: -0.0325
2026-05-31 02:17:32 - tokenizer_training_rank_0 - INFO -   - VQ Loss: -0.0713
  - Recon Loss Pre: 0.0042
  - Recon Loss All: 0.0027
2026-05-31 02:17:56 - tokenizer_training_rank_0 - INFO - [Epoch 1/10, Step 3500/3662] LR: 0.000198, Loss: -0.0323
2026-05-31 02:17:56 - tokenizer_training_rank_0 - INFO -   - VQ Loss: -0.0713
  - Recon Loss Pre: 0.0049
  - Recon Loss All: 0.0026
2026-05-31 02:18:22 - tokenizer_training_rank_0 - INFO - [Epoch 1/10, Step 3600/3662] LR: 0.000198, Loss: -0.0327
2026-05-31 02:18:22 - tokenizer_training_rank_0 - INFO -   - VQ Loss: -0.0717
  - Recon Loss Pre: 0.0034
  - Recon Loss All: 0.0019
[Epoch 1/10, Step 100/3662] LR: 0.000024, Loss: 0.0027
  - VQ Loss: -0.0674
  - Recon Loss Pre: 0.0407
  - Recon Loss All: 0.0324
[Epoch 1/10, Step 200/3662] LR: 0.000034, Loss: -0.0030
  - VQ Loss: -0.0675
  - Recon Loss Pre: 0.0401
  - Recon Loss All: 0.0309
[Epoch 1/10, Step 300/3662] LR: 0.000051, Loss: -0.0078
  - VQ Loss: -0.0686
  - Recon Loss Pre: 0.0309
  - Recon Loss All: 0.0229
[Epoch 1/10, Step 400/3662] LR: 0.000073, Loss: -0.0142
  - VQ Loss: -0.0693
  - Recon Loss Pre: 0.0208
  - Recon Loss All: 0.0157
[Epoch 1/10, Step 500/3662] LR: 0.000097, Loss: -0.0194
  - VQ Loss: -0.0692
  - Recon Loss Pre: 0.0173
  - Recon Loss All: 0.0125
[Epoch 1/10, Step 600/3662] LR: 0.000123, Loss: -0.0235
  - VQ Loss: -0.0695
  - Recon Loss Pre: 0.0147
  - Recon Loss All: 0.0082
[Epoch 1/10, Step 700/3662] LR: 0.000148, Loss: -0.0264
  - VQ Loss: -0.0698
  - Recon Loss Pre: 0.0106
  - Recon Loss All: 0.0075
[Epoch 1/10, Step 800/3662] LR: 0.000169, Loss: -0.0276
  - VQ Loss: -0.0699
  - Recon Loss Pre: 0.0104
  - Recon Loss All: 0.0069
[Epoch 1/10, Step 900/3662] LR: 0.000186, Loss: -0.0274
  - VQ Loss: -0.0701
  - Recon Loss Pre: 0.0076
  - Recon Loss All: 0.0053
[Epoch 1/10, Step 1000/3662] LR: 0.000197, Loss: -0.0293
  - VQ Loss: -0.0703
  - Recon Loss Pre: 0.0077
  - Recon Loss All: 0.0044
[Epoch 1/10, Step 1100/3662] LR: 0.000200, Loss: -0.0289
  - VQ Loss: -0.0705
  - Recon Loss Pre: 0.0079
  - Recon Loss All: 0.0051
[Epoch 1/10, Step 1200/3662] LR: 0.000200, Loss: -0.0301
  - VQ Loss: -0.0706
  - Recon Loss Pre: 0.0066
  - Recon Loss All: 0.0035
[Epoch 1/10, Step 1300/3662] LR: 0.000200, Loss: -0.0300
  - VQ Loss: -0.0707
  - Recon Loss Pre: 0.0058
  - Recon Loss All: 0.0037
[Epoch 1/10, Step 1400/3662] LR: 0.000200, Loss: -0.0300
  - VQ Loss: -0.0706
  - Recon Loss Pre: 0.0063
  - Recon Loss All: 0.0037
[Epoch 1/10, Step 1500/3662] LR: 0.000200, Loss: -0.0308
  - VQ Loss: -0.0705
  - Recon Loss Pre: 0.0060
  - Recon Loss All: 0.0035
[Epoch 1/10, Step 1600/3662] LR: 0.000200, Loss: -0.0299
  - VQ Loss: -0.0708
  - Recon Loss Pre: 0.0060
  - Recon Loss All: 0.0032
[Epoch 1/10, Step 1700/3662] LR: 0.000200, Loss: -0.0307
  - VQ Loss: -0.0708
  - Recon Loss Pre: 0.0064
  - Recon Loss All: 0.0035
[Epoch 1/10, Step 1800/3662] LR: 0.000200, Loss: -0.0312
  - VQ Loss: -0.0709
  - Recon Loss Pre: 0.0050
  - Recon Loss All: 0.0029
[Epoch 1/10, Step 1900/3662] LR: 0.000200, Loss: -0.0310
  - VQ Loss: -0.0706
  - Recon Loss Pre: 0.0063
  - Recon Loss All: 0.0036
[Epoch 1/10, Step 2000/3662] LR: 0.000200, Loss: -0.0308
  - VQ Loss: -0.0711
  - Recon Loss Pre: 0.0050
  - Recon Loss All: 0.0028
[Epoch 1/10, Step 2100/3662] LR: 0.000200, Loss: -0.0316
  - VQ Loss: -0.0711
  - Recon Loss Pre: 0.0045
  - Recon Loss All: 0.0027
[Epoch 1/10, Step 2200/3662] LR: 0.000200, Loss: -0.0321
  - VQ Loss: -0.0710
  - Recon Loss Pre: 0.0043
  - Recon Loss All: 0.0024
[Epoch 1/10, Step 2300/3662] LR: 0.000199, Loss: -0.0313
  - VQ Loss: -0.0709
  - Recon Loss Pre: 0.0054
  - Recon Loss All: 0.0035
[Epoch 1/10, Step 2400/3662] LR: 0.000199, Loss: -0.0320
  - VQ Loss: -0.0712
  - Recon Loss Pre: 0.0051
  - Recon Loss All: 0.0028
[Epoch 1/10, Step 2500/3662] LR: 0.000199, Loss: -0.0323
  - VQ Loss: -0.0711
  - Recon Loss Pre: 0.0040
  - Recon Loss All: 0.0023
[Epoch 1/10, Step 2600/3662] LR: 0.000199, Loss: -0.0318
  - VQ Loss: -0.0711
  - Recon Loss Pre: 0.0046
  - Recon Loss All: 0.0027
[Epoch 1/10, Step 2700/3662] LR: 0.000199, Loss: -0.0320
  - VQ Loss: -0.0712
  - Recon Loss Pre: 0.0044
  - Recon Loss All: 0.0025
[Epoch 1/10, Step 2800/3662] LR: 0.000199, Loss: -0.0318
  - VQ Loss: -0.0711
  - Recon Loss Pre: 0.0050
  - Recon Loss All: 0.0028
[Epoch 1/10, Step 2900/3662] LR: 0.000199, Loss: -0.0321
  - VQ Loss: -0.0710
  - Recon Loss Pre: 0.0051
  - Recon Loss All: 0.0029
[Epoch 1/10, Step 3000/3662] LR: 0.000199, Loss: -0.0319
  - VQ Loss: -0.0713
  - Recon Loss Pre: 0.0043
  - Recon Loss All: 0.0024
[Epoch 1/10, Step 3100/3662] LR: 0.000198, Loss: -0.0323
  - VQ Loss: -0.0712
  - Recon Loss Pre: 0.0041
  - Recon Loss All: 0.0023
[Epoch 1/10, Step 3200/3662] LR: 0.000198, Loss: -0.0321
  - VQ Loss: -0.0711
  - Recon Loss Pre: 0.0049
  - Recon Loss All: 0.0030
[Epoch 1/10, Step 3300/3662] LR: 0.000198, Loss: -0.0324
  - VQ Loss: -0.0713
  - Recon Loss Pre: 0.0039
  - Recon Loss All: 0.0021
[Epoch 1/10, Step 3400/3662] LR: 0.000198, Loss: -0.0325
  - VQ Loss: -0.0713
  - Recon Loss Pre: 0.0042
  - Recon Loss All: 0.0027
[Epoch 1/10, Step 3500/3662] LR: 0.000198, Loss: -0.0323
  - VQ Loss: -0.0713
  - Recon Loss Pre: 0.0049
  - Recon Loss All: 0.0026
[Epoch 1/10, Step 3600/3662] LR: 0.000198, Loss: -0.0327
  - VQ Loss: -0.0717
  - Recon Loss Pre: 0.0034
  - Recon Loss All: 0.0019
2026-05-31 02:19:05 - tokenizer_training_rank_0 - INFO - 
--- Epoch 1/10 Summary ---
Validation Loss: 0.0024
Epoch Time: 0:16:19
Total Training Time: 0:16:19

2026-05-31 02:19:05 - tokenizer_training_rank_0 - INFO - Best model saved to: /home/itsju/04_RESEARCH/Kronos/finetune_csv/finetuned//us_stocks_1h/tokenizer/best_model (validation loss: 0.0024)

--- Epoch 1/10 Summary ---
Validation Loss: 0.0024
Epoch Time: 0:16:19
Total Training Time: 0:16:19

Best model saved to: /home/itsju/04_RESEARCH/Kronos/finetune_csv/finetuned//us_stocks_1h/tokenizer/best_model (validation loss: 0.0024)
2026-05-31 02:19:14 - tokenizer_training_rank_0 - INFO - [Epoch 2/10, Step 38/3662] LR: 0.000197, Loss: -0.0325
2026-05-31 02:19:14 - tokenizer_training_rank_0 - INFO -   - VQ Loss: -0.0715
  - Recon Loss Pre: 0.0046
  - Recon Loss All: 0.0022
2026-05-31 02:19:39 - tokenizer_training_rank_0 - INFO - [Epoch 2/10, Step 138/3662] LR: 0.000197, Loss: -0.0325
2026-05-31 02:19:39 - tokenizer_training_rank_0 - INFO -   - VQ Loss: -0.0715
  - Recon Loss Pre: 0.0048
  - Recon Loss All: 0.0024
2026-05-31 02:20:04 - tokenizer_training_rank_0 - INFO - [Epoch 2/10, Step 238/3662] LR: 0.000197, Loss: -0.0328
2026-05-31 02:20:04 - tokenizer_training_rank_0 - INFO -   - VQ Loss: -0.0716
  - Recon Loss Pre: 0.0041
  - Recon Loss All: 0.0021
2026-05-31 02:20:28 - tokenizer_training_rank_0 - INFO - [Epoch 2/10, Step 338/3662] LR: 0.000197, Loss: -0.0324
2026-05-31 02:20:28 - tokenizer_training_rank_0 - INFO -   - VQ Loss: -0.0716
  - Recon Loss Pre: 0.0037
  - Recon Loss All: 0.0020
2026-05-31 02:20:56 - tokenizer_training_rank_0 - INFO - [Epoch 2/10, Step 438/3662] LR: 0.000196, Loss: -0.0329
2026-05-31 02:20:56 - tokenizer_training_rank_0 - INFO -   - VQ Loss: -0.0717
  - Recon Loss Pre: 0.0036
  - Recon Loss All: 0.0020
2026-05-31 02:21:22 - tokenizer_training_rank_0 - INFO - [Epoch 2/10, Step 538/3662] LR: 0.000196, Loss: -0.0331
2026-05-31 02:21:22 - tokenizer_training_rank_0 - INFO -   - VQ Loss: -0.0717
  - Recon Loss Pre: 0.0041
  - Recon Loss All: 0.0021
2026-05-31 02:21:47 - tokenizer_training_rank_0 - INFO - [Epoch 2/10, Step 638/3662] LR: 0.000196, Loss: -0.0330
2026-05-31 02:21:47 - tokenizer_training_rank_0 - INFO -   - VQ Loss: -0.0719
  - Recon Loss Pre: 0.0034
  - Recon Loss All: 0.0021
2026-05-31 02:22:13 - tokenizer_training_rank_0 - INFO - [Epoch 2/10, Step 738/3662] LR: 0.000196, Loss: -0.0330
2026-05-31 02:22:13 - tokenizer_training_rank_0 - INFO -   - VQ Loss: -0.0717
  - Recon Loss Pre: 0.0038
  - Recon Loss All: 0.0022
2026-05-31 02:22:37 - tokenizer_training_rank_0 - INFO - [Epoch 2/10, Step 838/3662] LR: 0.000196, Loss: -0.0330
2026-05-31 02:22:37 - tokenizer_training_rank_0 - INFO -   - VQ Loss: -0.0717
  - Recon Loss Pre: 0.0034
  - Recon Loss All: 0.0019
2026-05-31 02:23:01 - tokenizer_training_rank_0 - INFO - [Epoch 2/10, Step 938/3662] LR: 0.000195, Loss: -0.0331
2026-05-31 02:23:01 - tokenizer_training_rank_0 - INFO -   - VQ Loss: -0.0718
  - Recon Loss Pre: 0.0041
  - Recon Loss All: 0.0025
2026-05-31 02:23:25 - tokenizer_training_rank_0 - INFO - [Epoch 2/10, Step 1038/3662] LR: 0.000195, Loss: -0.0328
2026-05-31 02:23:25 - tokenizer_training_rank_0 - INFO -   - VQ Loss: -0.0718
  - Recon Loss Pre: 0.0052
  - Recon Loss All: 0.0027
2026-05-31 02:23:48 - tokenizer_training_rank_0 - INFO - [Epoch 2/10, Step 1138/3662] LR: 0.000195, Loss: -0.0326
2026-05-31 02:23:48 - tokenizer_training_rank_0 - INFO -   - VQ Loss: -0.0717
  - Recon Loss Pre: 0.0041
  - Recon Loss All: 0.0022
2026-05-31 02:24:11 - tokenizer_training_rank_0 - INFO - [Epoch 2/10, Step 1238/3662] LR: 0.000194, Loss: -0.0331
2026-05-31 02:24:11 - tokenizer_training_rank_0 - INFO -   - VQ Loss: -0.0719
  - Recon Loss Pre: 0.0032
  - Recon Loss All: 0.0019
2026-05-31 02:24:35 - tokenizer_training_rank_0 - INFO - [Epoch 2/10, Step 1338/3662] LR: 0.000194, Loss: -0.0330
2026-05-31 02:24:35 - tokenizer_training_rank_0 - INFO -   - VQ Loss: -0.0719
  - Recon Loss Pre: 0.0038
  - Recon Loss All: 0.0019
2026-05-31 02:25:02 - tokenizer_training_rank_0 - INFO - [Epoch 2/10, Step 1438/3662] LR: 0.000194, Loss: -0.0331
2026-05-31 02:25:02 - tokenizer_training_rank_0 - INFO -   - VQ Loss: -0.0718
  - Recon Loss Pre: 0.0039
  - Recon Loss All: 0.0022
2026-05-31 02:25:29 - tokenizer_training_rank_0 - INFO - [Epoch 2/10, Step 1538/3662] LR: 0.000193, Loss: -0.0332
2026-05-31 02:25:29 - tokenizer_training_rank_0 - INFO -   - VQ Loss: -0.0718
  - Recon Loss Pre: 0.0035
  - Recon Loss All: 0.0022
2026-05-31 02:25:53 - tokenizer_training_rank_0 - INFO - [Epoch 2/10, Step 1638/3662] LR: 0.000193, Loss: -0.0333
2026-05-31 02:25:53 - tokenizer_training_rank_0 - INFO -   - VQ Loss: -0.0720
  - Recon Loss Pre: 0.0032
  - Recon Loss All: 0.0018
2026-05-31 02:26:19 - tokenizer_training_rank_0 - INFO - [Epoch 2/10, Step 1738/3662] LR: 0.000193, Loss: -0.0331
2026-05-31 02:26:19 - tokenizer_training_rank_0 - INFO -   - VQ Loss: -0.0718
  - Recon Loss Pre: 0.0041
  - Recon Loss All: 0.0024
2026-05-31 02:26:45 - tokenizer_training_rank_0 - INFO - [Epoch 2/10, Step 1838/3662] LR: 0.000193, Loss: -0.0329
2026-05-31 02:26:45 - tokenizer_training_rank_0 - INFO -   - VQ Loss: -0.0719
  - Recon Loss Pre: 0.0036
  - Recon Loss All: 0.0020
2026-05-31 02:27:11 - tokenizer_training_rank_0 - INFO - [Epoch 2/10, Step 1938/3662] LR: 0.000192, Loss: -0.0332
2026-05-31 02:27:11 - tokenizer_training_rank_0 - INFO -   - VQ Loss: -0.0717
  - Recon Loss Pre: 0.0033
  - Recon Loss All: 0.0019
2026-05-31 02:27:37 - tokenizer_training_rank_0 - INFO - [Epoch 2/10, Step 2038/3662] LR: 0.000192, Loss: -0.0333
2026-05-31 02:27:37 - tokenizer_training_rank_0 - INFO -   - VQ Loss: -0.0722
  - Recon Loss Pre: 0.0027
  - Recon Loss All: 0.0016
2026-05-31 02:28:01 - tokenizer_training_rank_0 - INFO - [Epoch 2/10, Step 2138/3662] LR: 0.000191, Loss: -0.0330
2026-05-31 02:28:01 - tokenizer_training_rank_0 - INFO -   - VQ Loss: -0.0717
  - Recon Loss Pre: 0.0041
  - Recon Loss All: 0.0023
2026-05-31 02:28:26 - tokenizer_training_rank_0 - INFO - [Epoch 2/10, Step 2238/3662] LR: 0.000191, Loss: -0.0332
2026-05-31 02:28:26 - tokenizer_training_rank_0 - INFO -   - VQ Loss: -0.0720
  - Recon Loss Pre: 0.0033
  - Recon Loss All: 0.0019
2026-05-31 02:28:50 - tokenizer_training_rank_0 - INFO - [Epoch 2/10, Step 2338/3662] LR: 0.000191, Loss: -0.0328
2026-05-31 02:28:50 - tokenizer_training_rank_0 - INFO -   - VQ Loss: -0.0718
  - Recon Loss Pre: 0.0038
  - Recon Loss All: 0.0023
2026-05-31 02:29:15 - tokenizer_training_rank_0 - INFO - [Epoch 2/10, Step 2438/3662] LR: 0.000190, Loss: -0.0335
2026-05-31 02:29:15 - tokenizer_training_rank_0 - INFO -   - VQ Loss: -0.0720
  - Recon Loss Pre: 0.0035
  - Recon Loss All: 0.0019
2026-05-31 02:29:40 - tokenizer_training_rank_0 - INFO - [Epoch 2/10, Step 2538/3662] LR: 0.000190, Loss: -0.0333
2026-05-31 02:29:40 - tokenizer_training_rank_0 - INFO -   - VQ Loss: -0.0721
  - Recon Loss Pre: 0.0032
  - Recon Loss All: 0.0022
2026-05-31 02:30:07 - tokenizer_training_rank_0 - INFO - [Epoch 2/10, Step 2638/3662] LR: 0.000190, Loss: -0.0333
2026-05-31 02:30:07 - tokenizer_training_rank_0 - INFO -   - VQ Loss: -0.0721
  - Recon Loss Pre: 0.0032
  - Recon Loss All: 0.0020
2026-05-31 02:30:32 - tokenizer_training_rank_0 - INFO - [Epoch 2/10, Step 2738/3662] LR: 0.000189, Loss: -0.0333
2026-05-31 02:30:32 - tokenizer_training_rank_0 - INFO -   - VQ Loss: -0.0721
  - Recon Loss Pre: 0.0029
  - Recon Loss All: 0.0018
2026-05-31 02:30:56 - tokenizer_training_rank_0 - INFO - [Epoch 2/10, Step 2838/3662] LR: 0.000189, Loss: -0.0331
2026-05-31 02:30:56 - tokenizer_training_rank_0 - INFO -   - VQ Loss: -0.0718
  - Recon Loss Pre: 0.0035
  - Recon Loss All: 0.0021
2026-05-31 02:31:20 - tokenizer_training_rank_0 - INFO - [Epoch 2/10, Step 2938/3662] LR: 0.000188, Loss: -0.0330
2026-05-31 02:31:20 - tokenizer_training_rank_0 - INFO -   - VQ Loss: -0.0718
  - Recon Loss Pre: 0.0042
  - Recon Loss All: 0.0023
2026-05-31 02:31:43 - tokenizer_training_rank_0 - INFO - [Epoch 2/10, Step 3038/3662] LR: 0.000188, Loss: -0.0333
2026-05-31 02:31:43 - tokenizer_training_rank_0 - INFO -   - VQ Loss: -0.0720
  - Recon Loss Pre: 0.0028
  - Recon Loss All: 0.0016
2026-05-31 02:32:06 - tokenizer_training_rank_0 - INFO - [Epoch 2/10, Step 3138/3662] LR: 0.000188, Loss: -0.0331
2026-05-31 02:32:06 - tokenizer_training_rank_0 - INFO -   - VQ Loss: -0.0722
  - Recon Loss Pre: 0.0029
  - Recon Loss All: 0.0019
2026-05-31 02:32:31 - tokenizer_training_rank_0 - INFO - [Epoch 2/10, Step 3238/3662] LR: 0.000187, Loss: -0.0329
2026-05-31 02:32:31 - tokenizer_training_rank_0 - INFO -   - VQ Loss: -0.0718
  - Recon Loss Pre: 0.0047
  - Recon Loss All: 0.0028
2026-05-31 02:32:56 - tokenizer_training_rank_0 - INFO - [Epoch 2/10, Step 3338/3662] LR: 0.000187, Loss: -0.0328
2026-05-31 02:32:56 - tokenizer_training_rank_0 - INFO -   - VQ Loss: -0.0717
  - Recon Loss Pre: 0.0038
  - Recon Loss All: 0.0021
2026-05-31 02:33:24 - tokenizer_training_rank_0 - INFO - [Epoch 2/10, Step 3438/3662] LR: 0.000186, Loss: -0.0323
2026-05-31 02:33:24 - tokenizer_training_rank_0 - INFO -   - VQ Loss: -0.0713
  - Recon Loss Pre: 0.0043
  - Recon Loss All: 0.0026
2026-05-31 02:34:14 - tokenizer_training_rank_0 - INFO - [Epoch 2/10, Step 3538/3662] LR: 0.000186, Loss: -0.0330
2026-05-31 02:34:14 - tokenizer_training_rank_0 - INFO -   - VQ Loss: -0.0719
  - Recon Loss Pre: 0.0059
  - Recon Loss All: 0.0027
2026-05-31 02:35:26 - tokenizer_training_rank_0 - INFO - [Epoch 2/10, Step 3638/3662] LR: 0.000185, Loss: -0.0332
2026-05-31 02:35:26 - tokenizer_training_rank_0 - INFO -   - VQ Loss: -0.0720
  - Recon Loss Pre: 0.0036
  - Recon Loss All: 0.0021
[Epoch 2/10, Step 38/3662] LR: 0.000197, Loss: -0.0325
  - VQ Loss: -0.0715
  - Recon Loss Pre: 0.0046
  - Recon Loss All: 0.0022
[Epoch 2/10, Step 138/3662] LR: 0.000197, Loss: -0.0325
  - VQ Loss: -0.0715
  - Recon Loss Pre: 0.0048
  - Recon Loss All: 0.0024
[Epoch 2/10, Step 238/3662] LR: 0.000197, Loss: -0.0328
  - VQ Loss: -0.0716
  - Recon Loss Pre: 0.0041
  - Recon Loss All: 0.0021
[Epoch 2/10, Step 338/3662] LR: 0.000197, Loss: -0.0324
  - VQ Loss: -0.0716
  - Recon Loss Pre: 0.0037
  - Recon Loss All: 0.0020
[Epoch 2/10, Step 438/3662] LR: 0.000196, Loss: -0.0329
  - VQ Loss: -0.0717
  - Recon Loss Pre: 0.0036
  - Recon Loss All: 0.0020
[Epoch 2/10, Step 538/3662] LR: 0.000196, Loss: -0.0331
  - VQ Loss: -0.0717
  - Recon Loss Pre: 0.0041
  - Recon Loss All: 0.0021
[Epoch 2/10, Step 638/3662] LR: 0.000196, Loss: -0.0330
  - VQ Loss: -0.0719
  - Recon Loss Pre: 0.0034
  - Recon Loss All: 0.0021
[Epoch 2/10, Step 738/3662] LR: 0.000196, Loss: -0.0330
  - VQ Loss: -0.0717
  - Recon Loss Pre: 0.0038
  - Recon Loss All: 0.0022
[Epoch 2/10, Step 838/3662] LR: 0.000196, Loss: -0.0330
  - VQ Loss: -0.0717
  - Recon Loss Pre: 0.0034
  - Recon Loss All: 0.0019
[Epoch 2/10, Step 938/3662] LR: 0.000195, Loss: -0.0331
  - VQ Loss: -0.0718
  - Recon Loss Pre: 0.0041
  - Recon Loss All: 0.0025
[Epoch 2/10, Step 1038/3662] LR: 0.000195, Loss: -0.0328
  - VQ Loss: -0.0718
  - Recon Loss Pre: 0.0052
  - Recon Loss All: 0.0027
[Epoch 2/10, Step 1138/3662] LR: 0.000195, Loss: -0.0326
  - VQ Loss: -0.0717
  - Recon Loss Pre: 0.0041
  - Recon Loss All: 0.0022
[Epoch 2/10, Step 1238/3662] LR: 0.000194, Loss: -0.0331
  - VQ Loss: -0.0719
  - Recon Loss Pre: 0.0032
  - Recon Loss All: 0.0019
[Epoch 2/10, Step 1338/3662] LR: 0.000194, Loss: -0.0330
  - VQ Loss: -0.0719
  - Recon Loss Pre: 0.0038
  - Recon Loss All: 0.0019
[Epoch 2/10, Step 1438/3662] LR: 0.000194, Loss: -0.0331
  - VQ Loss: -0.0718
  - Recon Loss Pre: 0.0039
  - Recon Loss All: 0.0022
[Epoch 2/10, Step 1538/3662] LR: 0.000193, Loss: -0.0332
  - VQ Loss: -0.0718
  - Recon Loss Pre: 0.0035
  - Recon Loss All: 0.0022
[Epoch 2/10, Step 1638/3662] LR: 0.000193, Loss: -0.0333
  - VQ Loss: -0.0720
  - Recon Loss Pre: 0.0032
  - Recon Loss All: 0.0018
[Epoch 2/10, Step 1738/3662] LR: 0.000193, Loss: -0.0331
  - VQ Loss: -0.0718
  - Recon Loss Pre: 0.0041
  - Recon Loss All: 0.0024
[Epoch 2/10, Step 1838/3662] LR: 0.000193, Loss: -0.0329
  - VQ Loss: -0.0719
  - Recon Loss Pre: 0.0036
  - Recon Loss All: 0.0020
[Epoch 2/10, Step 1938/3662] LR: 0.000192, Loss: -0.0332
  - VQ Loss: -0.0717
  - Recon Loss Pre: 0.0033
  - Recon Loss All: 0.0019
[Epoch 2/10, Step 2038/3662] LR: 0.000192, Loss: -0.0333
  - VQ Loss: -0.0722
  - Recon Loss Pre: 0.0027
  - Recon Loss All: 0.0016
[Epoch 2/10, Step 2138/3662] LR: 0.000191, Loss: -0.0330
  - VQ Loss: -0.0717
  - Recon Loss Pre: 0.0041
  - Recon Loss All: 0.0023
[Epoch 2/10, Step 2238/3662] LR: 0.000191, Loss: -0.0332
  - VQ Loss: -0.0720
  - Recon Loss Pre: 0.0033
  - Recon Loss All: 0.0019
[Epoch 2/10, Step 2338/3662] LR: 0.000191, Loss: -0.0328
  - VQ Loss: -0.0718
  - Recon Loss Pre: 0.0038
  - Recon Loss All: 0.0023
[Epoch 2/10, Step 2438/3662] LR: 0.000190, Loss: -0.0335
  - VQ Loss: -0.0720
  - Recon Loss Pre: 0.0035
  - Recon Loss All: 0.0019
[Epoch 2/10, Step 2538/3662] LR: 0.000190, Loss: -0.0333
  - VQ Loss: -0.0721
  - Recon Loss Pre: 0.0032
  - Recon Loss All: 0.0022
[Epoch 2/10, Step 2638/3662] LR: 0.000190, Loss: -0.0333
  - VQ Loss: -0.0721
  - Recon Loss Pre: 0.0032
  - Recon Loss All: 0.0020
[Epoch 2/10, Step 2738/3662] LR: 0.000189, Loss: -0.0333
  - VQ Loss: -0.0721
  - Recon Loss Pre: 0.0029
  - Recon Loss All: 0.0018
[Epoch 2/10, Step 2838/3662] LR: 0.000189, Loss: -0.0331
  - VQ Loss: -0.0718
  - Recon Loss Pre: 0.0035
  - Recon Loss All: 0.0021
[Epoch 2/10, Step 2938/3662] LR: 0.000188, Loss: -0.0330
  - VQ Loss: -0.0718
  - Recon Loss Pre: 0.0042
  - Recon Loss All: 0.0023
[Epoch 2/10, Step 3038/3662] LR: 0.000188, Loss: -0.0333
  - VQ Loss: -0.0720
  - Recon Loss Pre: 0.0028
  - Recon Loss All: 0.0016
[Epoch 2/10, Step 3138/3662] LR: 0.000188, Loss: -0.0331
  - VQ Loss: -0.0722
  - Recon Loss Pre: 0.0029
  - Recon Loss All: 0.0019
[Epoch 2/10, Step 3238/3662] LR: 0.000187, Loss: -0.0329
  - VQ Loss: -0.0718
  - Recon Loss Pre: 0.0047
  - Recon Loss All: 0.0028
[Epoch 2/10, Step 3338/3662] LR: 0.000187, Loss: -0.0328
  - VQ Loss: -0.0717
  - Recon Loss Pre: 0.0038
  - Recon Loss All: 0.0021
[Epoch 2/10, Step 3438/3662] LR: 0.000186, Loss: -0.0323
  - VQ Loss: -0.0713
  - Recon Loss Pre: 0.0043
  - Recon Loss All: 0.0026
[Epoch 2/10, Step 3538/3662] LR: 0.000186, Loss: -0.0330
  - VQ Loss: -0.0719
  - Recon Loss Pre: 0.0059
  - Recon Loss All: 0.0027
[Epoch 2/10, Step 3638/3662] LR: 0.000185, Loss: -0.0332
  - VQ Loss: -0.0720
  - Recon Loss Pre: 0.0036
  - Recon Loss All: 0.0021
2026-05-31 02:36:13 - tokenizer_training_rank_0 - INFO - 
--- Epoch 2/10 Summary ---
Validation Loss: 0.0020
Epoch Time: 0:17:07
Total Training Time: 0:17:07

2026-05-31 02:36:13 - tokenizer_training_rank_0 - INFO - Best model saved to: /home/itsju/04_RESEARCH/Kronos/finetune_csv/finetuned//us_stocks_1h/tokenizer/best_model (validation loss: 0.0020)

--- Epoch 2/10 Summary ---
Validation Loss: 0.0020
Epoch Time: 0:17:07
Total Training Time: 0:17:07

Best model saved to: /home/itsju/04_RESEARCH/Kronos/finetune_csv/finetuned//us_stocks_1h/tokenizer/best_model (validation loss: 0.0020)
2026-05-31 02:36:42 - tokenizer_training_rank_0 - INFO - [Epoch 3/10, Step 76/3662] LR: 0.000185, Loss: -0.0332
2026-05-31 02:36:42 - tokenizer_training_rank_0 - INFO -   - VQ Loss: -0.0720
  - Recon Loss Pre: 0.0036
  - Recon Loss All: 0.0019
2026-05-31 02:37:13 - tokenizer_training_rank_0 - INFO - [Epoch 3/10, Step 176/3662] LR: 0.000184, Loss: -0.0335
2026-05-31 02:37:13 - tokenizer_training_rank_0 - INFO -   - VQ Loss: -0.0719
  - Recon Loss Pre: 0.0030
  - Recon Loss All: 0.0017
2026-05-31 02:37:50 - tokenizer_training_rank_0 - INFO - [Epoch 3/10, Step 276/3662] LR: 0.000184, Loss: -0.0333
2026-05-31 02:37:50 - tokenizer_training_rank_0 - INFO -   - VQ Loss: -0.0720
  - Recon Loss Pre: 0.0033
  - Recon Loss All: 0.0018
2026-05-31 02:38:20 - tokenizer_training_rank_0 - INFO - [Epoch 3/10, Step 376/3662] LR: 0.000183, Loss: -0.0329
2026-05-31 02:38:20 - tokenizer_training_rank_0 - INFO -   - VQ Loss: -0.0719
  - Recon Loss Pre: 0.0035
  - Recon Loss All: 0.0021
2026-05-31 02:38:48 - tokenizer_training_rank_0 - INFO - [Epoch 3/10, Step 476/3662] LR: 0.000183, Loss: -0.0331
2026-05-31 02:38:48 - tokenizer_training_rank_0 - INFO -   - VQ Loss: -0.0721
  - Recon Loss Pre: 0.0041
  - Recon Loss All: 0.0020
2026-05-31 02:39:16 - tokenizer_training_rank_0 - INFO - [Epoch 3/10, Step 576/3662] LR: 0.000182, Loss: -0.0329
2026-05-31 02:39:16 - tokenizer_training_rank_0 - INFO -   - VQ Loss: -0.0719
  - Recon Loss Pre: 0.0033
  - Recon Loss All: 0.0019
2026-05-31 02:39:43 - tokenizer_training_rank_0 - INFO - [Epoch 3/10, Step 676/3662] LR: 0.000182, Loss: -0.0334
2026-05-31 02:39:43 - tokenizer_training_rank_0 - INFO -   - VQ Loss: -0.0721
  - Recon Loss Pre: 0.0039
  - Recon Loss All: 0.0020
2026-05-31 02:40:10 - tokenizer_training_rank_0 - INFO - [Epoch 3/10, Step 776/3662] LR: 0.000181, Loss: -0.0331
2026-05-31 02:40:10 - tokenizer_training_rank_0 - INFO -   - VQ Loss: -0.0720
  - Recon Loss Pre: 0.0061
  - Recon Loss All: 0.0018
2026-05-31 02:40:39 - tokenizer_training_rank_0 - INFO - [Epoch 3/10, Step 876/3662] LR: 0.000181, Loss: -0.0333
2026-05-31 02:40:39 - tokenizer_training_rank_0 - INFO -   - VQ Loss: -0.0720
  - Recon Loss Pre: 0.0030
  - Recon Loss All: 0.0021
2026-05-31 02:41:08 - tokenizer_training_rank_0 - INFO - [Epoch 3/10, Step 976/3662] LR: 0.000180, Loss: -0.0333
2026-05-31 02:41:08 - tokenizer_training_rank_0 - INFO -   - VQ Loss: -0.0720
  - Recon Loss Pre: 0.0035
  - Recon Loss All: 0.0021
2026-05-31 02:41:36 - tokenizer_training_rank_0 - INFO - [Epoch 3/10, Step 1076/3662] LR: 0.000180, Loss: -0.0335
2026-05-31 02:41:36 - tokenizer_training_rank_0 - INFO -   - VQ Loss: -0.0719
  - Recon Loss Pre: 0.0032
  - Recon Loss All: 0.0018
2026-05-31 02:42:02 - tokenizer_training_rank_0 - INFO - [Epoch 3/10, Step 1176/3662] LR: 0.000179, Loss: -0.0334
2026-05-31 02:42:02 - tokenizer_training_rank_0 - INFO -   - VQ Loss: -0.0721
  - Recon Loss Pre: 0.0031
  - Recon Loss All: 0.0019
2026-05-31 02:42:27 - tokenizer_training_rank_0 - INFO - [Epoch 3/10, Step 1276/3662] LR: 0.000179, Loss: -0.0335
2026-05-31 02:42:27 - tokenizer_training_rank_0 - INFO -   - VQ Loss: -0.0723
  - Recon Loss Pre: 0.0026
  - Recon Loss All: 0.0016
2026-05-31 02:42:51 - tokenizer_training_rank_0 - INFO - [Epoch 3/10, Step 1376/3662] LR: 0.000178, Loss: -0.0333
2026-05-31 02:42:51 - tokenizer_training_rank_0 - INFO -   - VQ Loss: -0.0721
  - Recon Loss Pre: 0.0029
  - Recon Loss All: 0.0018
2026-05-31 02:43:15 - tokenizer_training_rank_0 - INFO - [Epoch 3/10, Step 1476/3662] LR: 0.000178, Loss: -0.0328
2026-05-31 02:43:15 - tokenizer_training_rank_0 - INFO -   - VQ Loss: -0.0719
  - Recon Loss Pre: 0.0043
  - Recon Loss All: 0.0029
2026-05-31 02:43:40 - tokenizer_training_rank_0 - INFO - [Epoch 3/10, Step 1576/3662] LR: 0.000177, Loss: -0.0334
2026-05-31 02:43:40 - tokenizer_training_rank_0 - INFO -   - VQ Loss: -0.0718
  - Recon Loss Pre: 0.0032
  - Recon Loss All: 0.0019
2026-05-31 02:44:07 - tokenizer_training_rank_0 - INFO - [Epoch 3/10, Step 1676/3662] LR: 0.000177, Loss: -0.0332
2026-05-31 02:44:07 - tokenizer_training_rank_0 - INFO -   - VQ Loss: -0.0720
  - Recon Loss Pre: 0.0034
  - Recon Loss All: 0.0019
2026-05-31 02:44:34 - tokenizer_training_rank_0 - INFO - [Epoch 3/10, Step 1776/3662] LR: 0.000176, Loss: -0.0337
2026-05-31 02:44:34 - tokenizer_training_rank_0 - INFO -   - VQ Loss: -0.0721
  - Recon Loss Pre: 0.0032
  - Recon Loss All: 0.0018
2026-05-31 02:45:03 - tokenizer_training_rank_0 - INFO - [Epoch 3/10, Step 1876/3662] LR: 0.000175, Loss: -0.0339
2026-05-31 02:45:03 - tokenizer_training_rank_0 - INFO -   - VQ Loss: -0.0723
  - Recon Loss Pre: 0.0024
  - Recon Loss All: 0.0014
2026-05-31 02:45:48 - tokenizer_training_rank_0 - INFO - [Epoch 3/10, Step 1976/3662] LR: 0.000175, Loss: -0.0335
2026-05-31 02:45:48 - tokenizer_training_rank_0 - INFO -   - VQ Loss: -0.0721
  - Recon Loss Pre: 0.0031
  - Recon Loss All: 0.0019
2026-05-31 02:46:15 - tokenizer_training_rank_0 - INFO - [Epoch 3/10, Step 2076/3662] LR: 0.000174, Loss: -0.0331
2026-05-31 02:46:15 - tokenizer_training_rank_0 - INFO -   - VQ Loss: -0.0721
  - Recon Loss Pre: 0.0038
  - Recon Loss All: 0.0019
2026-05-31 02:46:42 - tokenizer_training_rank_0 - INFO - [Epoch 3/10, Step 2176/3662] LR: 0.000174, Loss: -0.0336
2026-05-31 02:46:42 - tokenizer_training_rank_0 - INFO -   - VQ Loss: -0.0722
  - Recon Loss Pre: 0.0025
  - Recon Loss All: 0.0016
2026-05-31 02:47:08 - tokenizer_training_rank_0 - INFO - [Epoch 3/10, Step 2276/3662] LR: 0.000173, Loss: -0.0334
2026-05-31 02:47:08 - tokenizer_training_rank_0 - INFO -   - VQ Loss: -0.0720
  - Recon Loss Pre: 0.0029
  - Recon Loss All: 0.0017
2026-05-31 02:47:34 - tokenizer_training_rank_0 - INFO - [Epoch 3/10, Step 2376/3662] LR: 0.000172, Loss: -0.0335
2026-05-31 02:47:34 - tokenizer_training_rank_0 - INFO -   - VQ Loss: -0.0718
  - Recon Loss Pre: 0.0032
  - Recon Loss All: 0.0021
2026-05-31 02:47:59 - tokenizer_training_rank_0 - INFO - [Epoch 3/10, Step 2476/3662] LR: 0.000172, Loss: -0.0333
2026-05-31 02:47:59 - tokenizer_training_rank_0 - INFO -   - VQ Loss: -0.0721
  - Recon Loss Pre: 0.0030
  - Recon Loss All: 0.0019
2026-05-31 02:48:24 - tokenizer_training_rank_0 - INFO - [Epoch 3/10, Step 2576/3662] LR: 0.000171, Loss: -0.0332
2026-05-31 02:48:24 - tokenizer_training_rank_0 - INFO -   - VQ Loss: -0.0721
  - Recon Loss Pre: 0.0032
  - Recon Loss All: 0.0020
2026-05-31 02:48:48 - tokenizer_training_rank_0 - INFO - [Epoch 3/10, Step 2676/3662] LR: 0.000171, Loss: -0.0333
2026-05-31 02:48:48 - tokenizer_training_rank_0 - INFO -   - VQ Loss: -0.0721
  - Recon Loss Pre: 0.0033
  - Recon Loss All: 0.0019
2026-05-31 02:49:13 - tokenizer_training_rank_0 - INFO - [Epoch 3/10, Step 2776/3662] LR: 0.000170, Loss: -0.0334
2026-05-31 02:49:13 - tokenizer_training_rank_0 - INFO -   - VQ Loss: -0.0722
  - Recon Loss Pre: 0.0026
  - Recon Loss All: 0.0016
2026-05-31 02:49:37 - tokenizer_training_rank_0 - INFO - [Epoch 3/10, Step 2876/3662] LR: 0.000169, Loss: -0.0334
2026-05-31 02:49:37 - tokenizer_training_rank_0 - INFO -   - VQ Loss: -0.0720
  - Recon Loss Pre: 0.0029
  - Recon Loss All: 0.0020
2026-05-31 02:50:02 - tokenizer_training_rank_0 - INFO - [Epoch 3/10, Step 2976/3662] LR: 0.000169, Loss: -0.0338
2026-05-31 02:50:02 - tokenizer_training_rank_0 - INFO -   - VQ Loss: -0.0723
  - Recon Loss Pre: 0.0028
  - Recon Loss All: 0.0016
2026-05-31 02:50:25 - tokenizer_training_rank_0 - INFO - [Epoch 3/10, Step 3076/3662] LR: 0.000168, Loss: -0.0337
2026-05-31 02:50:25 - tokenizer_training_rank_0 - INFO -   - VQ Loss: -0.0719
  - Recon Loss Pre: 0.0030
  - Recon Loss All: 0.0021
2026-05-31 02:50:48 - tokenizer_training_rank_0 - INFO - [Epoch 3/10, Step 3176/3662] LR: 0.000167, Loss: -0.0334
2026-05-31 02:50:48 - tokenizer_training_rank_0 - INFO -   - VQ Loss: -0.0722
  - Recon Loss Pre: 0.0037
  - Recon Loss All: 0.0019
2026-05-31 02:51:12 - tokenizer_training_rank_0 - INFO - [Epoch 3/10, Step 3276/3662] LR: 0.000167, Loss: -0.0336
2026-05-31 02:51:12 - tokenizer_training_rank_0 - INFO -   - VQ Loss: -0.0720
  - Recon Loss Pre: 0.0032
  - Recon Loss All: 0.0022
2026-05-31 02:51:35 - tokenizer_training_rank_0 - INFO - [Epoch 3/10, Step 3376/3662] LR: 0.000166, Loss: -0.0336
2026-05-31 02:51:35 - tokenizer_training_rank_0 - INFO -   - VQ Loss: -0.0721
  - Recon Loss Pre: 0.0033
  - Recon Loss All: 0.0018
2026-05-31 02:51:59 - tokenizer_training_rank_0 - INFO - [Epoch 3/10, Step 3476/3662] LR: 0.000165, Loss: -0.0337
2026-05-31 02:51:59 - tokenizer_training_rank_0 - INFO -   - VQ Loss: -0.0722
  - Recon Loss Pre: 0.0029
  - Recon Loss All: 0.0018
2026-05-31 02:52:26 - tokenizer_training_rank_0 - INFO - [Epoch 3/10, Step 3576/3662] LR: 0.000165, Loss: -0.0336
2026-05-31 02:52:26 - tokenizer_training_rank_0 - INFO -   - VQ Loss: -0.0723
  - Recon Loss Pre: 0.0024
  - Recon Loss All: 0.0015
[Epoch 3/10, Step 76/3662] LR: 0.000185, Loss: -0.0332
  - VQ Loss: -0.0720
  - Recon Loss Pre: 0.0036
  - Recon Loss All: 0.0019
[Epoch 3/10, Step 176/3662] LR: 0.000184, Loss: -0.0335
  - VQ Loss: -0.0719
  - Recon Loss Pre: 0.0030
  - Recon Loss All: 0.0017
[Epoch 3/10, Step 276/3662] LR: 0.000184, Loss: -0.0333
  - VQ Loss: -0.0720
  - Recon Loss Pre: 0.0033
  - Recon Loss All: 0.0018
[Epoch 3/10, Step 376/3662] LR: 0.000183, Loss: -0.0329
  - VQ Loss: -0.0719
  - Recon Loss Pre: 0.0035
  - Recon Loss All: 0.0021
[Epoch 3/10, Step 476/3662] LR: 0.000183, Loss: -0.0331
  - VQ Loss: -0.0721
  - Recon Loss Pre: 0.0041
  - Recon Loss All: 0.0020
[Epoch 3/10, Step 576/3662] LR: 0.000182, Loss: -0.0329
  - VQ Loss: -0.0719
  - Recon Loss Pre: 0.0033
  - Recon Loss All: 0.0019
[Epoch 3/10, Step 676/3662] LR: 0.000182, Loss: -0.0334
  - VQ Loss: -0.0721
  - Recon Loss Pre: 0.0039
  - Recon Loss All: 0.0020
[Epoch 3/10, Step 776/3662] LR: 0.000181, Loss: -0.0331
  - VQ Loss: -0.0720
  - Recon Loss Pre: 0.0061
  - Recon Loss All: 0.0018
[Epoch 3/10, Step 876/3662] LR: 0.000181, Loss: -0.0333
  - VQ Loss: -0.0720
  - Recon Loss Pre: 0.0030
  - Recon Loss All: 0.0021
[Epoch 3/10, Step 976/3662] LR: 0.000180, Loss: -0.0333
  - VQ Loss: -0.0720
  - Recon Loss Pre: 0.0035
  - Recon Loss All: 0.0021
[Epoch 3/10, Step 1076/3662] LR: 0.000180, Loss: -0.0335
  - VQ Loss: -0.0719
  - Recon Loss Pre: 0.0032
  - Recon Loss All: 0.0018
[Epoch 3/10, Step 1176/3662] LR: 0.000179, Loss: -0.0334
  - VQ Loss: -0.0721
  - Recon Loss Pre: 0.0031
  - Recon Loss All: 0.0019
[Epoch 3/10, Step 1276/3662] LR: 0.000179, Loss: -0.0335
  - VQ Loss: -0.0723
  - Recon Loss Pre: 0.0026
  - Recon Loss All: 0.0016
[Epoch 3/10, Step 1376/3662] LR: 0.000178, Loss: -0.0333
  - VQ Loss: -0.0721
  - Recon Loss Pre: 0.0029
  - Recon Loss All: 0.0018
[Epoch 3/10, Step 1476/3662] LR: 0.000178, Loss: -0.0328
  - VQ Loss: -0.0719
  - Recon Loss Pre: 0.0043
  - Recon Loss All: 0.0029
[Epoch 3/10, Step 1576/3662] LR: 0.000177, Loss: -0.0334
  - VQ Loss: -0.0718
  - Recon Loss Pre: 0.0032
  - Recon Loss All: 0.0019
[Epoch 3/10, Step 1676/3662] LR: 0.000177, Loss: -0.0332
  - VQ Loss: -0.0720
  - Recon Loss Pre: 0.0034
  - Recon Loss All: 0.0019
[Epoch 3/10, Step 1776/3662] LR: 0.000176, Loss: -0.0337
  - VQ Loss: -0.0721
  - Recon Loss Pre: 0.0032
  - Recon Loss All: 0.0018
[Epoch 3/10, Step 1876/3662] LR: 0.000175, Loss: -0.0339
  - VQ Loss: -0.0723
  - Recon Loss Pre: 0.0024
  - Recon Loss All: 0.0014
[Epoch 3/10, Step 1976/3662] LR: 0.000175, Loss: -0.0335
  - VQ Loss: -0.0721
  - Recon Loss Pre: 0.0031
  - Recon Loss All: 0.0019
[Epoch 3/10, Step 2076/3662] LR: 0.000174, Loss: -0.0331
  - VQ Loss: -0.0721
  - Recon Loss Pre: 0.0038
  - Recon Loss All: 0.0019
[Epoch 3/10, Step 2176/3662] LR: 0.000174, Loss: -0.0336
  - VQ Loss: -0.0722
  - Recon Loss Pre: 0.0025
  - Recon Loss All: 0.0016
[Epoch 3/10, Step 2276/3662] LR: 0.000173, Loss: -0.0334
  - VQ Loss: -0.0720
  - Recon Loss Pre: 0.0029
  - Recon Loss All: 0.0017
[Epoch 3/10, Step 2376/3662] LR: 0.000172, Loss: -0.0335
  - VQ Loss: -0.0718
  - Recon Loss Pre: 0.0032
  - Recon Loss All: 0.0021
[Epoch 3/10, Step 2476/3662] LR: 0.000172, Loss: -0.0333
  - VQ Loss: -0.0721
  - Recon Loss Pre: 0.0030
  - Recon Loss All: 0.0019
[Epoch 3/10, Step 2576/3662] LR: 0.000171, Loss: -0.0332
  - VQ Loss: -0.0721
  - Recon Loss Pre: 0.0032
  - Recon Loss All: 0.0020
[Epoch 3/10, Step 2676/3662] LR: 0.000171, Loss: -0.0333
  - VQ Loss: -0.0721
  - Recon Loss Pre: 0.0033
  - Recon Loss All: 0.0019
[Epoch 3/10, Step 2776/3662] LR: 0.000170, Loss: -0.0334
  - VQ Loss: -0.0722
  - Recon Loss Pre: 0.0026
  - Recon Loss All: 0.0016
[Epoch 3/10, Step 2876/3662] LR: 0.000169, Loss: -0.0334
  - VQ Loss: -0.0720
  - Recon Loss Pre: 0.0029
  - Recon Loss All: 0.0020
[Epoch 3/10, Step 2976/3662] LR: 0.000169, Loss: -0.0338
  - VQ Loss: -0.0723
  - Recon Loss Pre: 0.0028
  - Recon Loss All: 0.0016
[Epoch 3/10, Step 3076/3662] LR: 0.000168, Loss: -0.0337
  - VQ Loss: -0.0719
  - Recon Loss Pre: 0.0030
  - Recon Loss All: 0.0021
[Epoch 3/10, Step 3176/3662] LR: 0.000167, Loss: -0.0334
  - VQ Loss: -0.0722
  - Recon Loss Pre: 0.0037
  - Recon Loss All: 0.0019
[Epoch 3/10, Step 3276/3662] LR: 0.000167, Loss: -0.0336
  - VQ Loss: -0.0720
  - Recon Loss Pre: 0.0032
  - Recon Loss All: 0.0022
[Epoch 3/10, Step 3376/3662] LR: 0.000166, Loss: -0.0336
  - VQ Loss: -0.0721
  - Recon Loss Pre: 0.0033
  - Recon Loss All: 0.0018
[Epoch 3/10, Step 3476/3662] LR: 0.000165, Loss: -0.0337
  - VQ Loss: -0.0722
  - Recon Loss Pre: 0.0029
  - Recon Loss All: 0.0018
[Epoch 3/10, Step 3576/3662] LR: 0.000165, Loss: -0.0336
  - VQ Loss: -0.0723
  - Recon Loss Pre: 0.0024
  - Recon Loss All: 0.0015
2026-05-31 02:53:14 - tokenizer_training_rank_0 - INFO - 
--- Epoch 3/10 Summary ---
Validation Loss: 0.0017
Epoch Time: 0:17:01
Total Training Time: 0:17:01

2026-05-31 02:53:14 - tokenizer_training_rank_0 - INFO - Best model saved to: /home/itsju/04_RESEARCH/Kronos/finetune_csv/finetuned//us_stocks_1h/tokenizer/best_model (validation loss: 0.0017)

--- Epoch 3/10 Summary ---
Validation Loss: 0.0017
Epoch Time: 0:17:01
Total Training Time: 0:17:01

Best model saved to: /home/itsju/04_RESEARCH/Kronos/finetune_csv/finetuned//us_stocks_1h/tokenizer/best_model (validation loss: 0.0017)
2026-05-31 02:53:18 - tokenizer_training_rank_0 - INFO - [Epoch 4/10, Step 14/3662] LR: 0.000164, Loss: -0.0336
2026-05-31 02:53:18 - tokenizer_training_rank_0 - INFO -   - VQ Loss: -0.0719
  - Recon Loss Pre: 0.0040
  - Recon Loss All: 0.0025
2026-05-31 02:53:43 - tokenizer_training_rank_0 - INFO - [Epoch 4/10, Step 114/3662] LR: 0.000163, Loss: -0.0335
2026-05-31 02:53:43 - tokenizer_training_rank_0 - INFO -   - VQ Loss: -0.0722
  - Recon Loss Pre: 0.0028
  - Recon Loss All: 0.0019
2026-05-31 02:54:06 - tokenizer_training_rank_0 - INFO - [Epoch 4/10, Step 214/3662] LR: 0.000163, Loss: -0.0331
2026-05-31 02:54:06 - tokenizer_training_rank_0 - INFO -   - VQ Loss: -0.0721
  - Recon Loss Pre: 0.0036
  - Recon Loss All: 0.0018
2026-05-31 02:54:30 - tokenizer_training_rank_0 - INFO - [Epoch 4/10, Step 314/3662] LR: 0.000162, Loss: -0.0338
2026-05-31 02:54:30 - tokenizer_training_rank_0 - INFO -   - VQ Loss: -0.0722
  - Recon Loss Pre: 0.0030
  - Recon Loss All: 0.0016
2026-05-31 02:54:54 - tokenizer_training_rank_0 - INFO - [Epoch 4/10, Step 414/3662] LR: 0.000161, Loss: -0.0338
2026-05-31 02:54:54 - tokenizer_training_rank_0 - INFO -   - VQ Loss: -0.0724
  - Recon Loss Pre: 0.0030
  - Recon Loss All: 0.0016
2026-05-31 02:55:17 - tokenizer_training_rank_0 - INFO - [Epoch 4/10, Step 514/3662] LR: 0.000161, Loss: -0.0338
2026-05-31 02:55:17 - tokenizer_training_rank_0 - INFO -   - VQ Loss: -0.0723
  - Recon Loss Pre: 0.0026
  - Recon Loss All: 0.0017
2026-05-31 02:55:40 - tokenizer_training_rank_0 - INFO - [Epoch 4/10, Step 614/3662] LR: 0.000160, Loss: -0.0337
2026-05-31 02:55:40 - tokenizer_training_rank_0 - INFO -   - VQ Loss: -0.0722
  - Recon Loss Pre: 0.0029
  - Recon Loss All: 0.0018
2026-05-31 02:56:05 - tokenizer_training_rank_0 - INFO - [Epoch 4/10, Step 714/3662] LR: 0.000159, Loss: -0.0338
2026-05-31 02:56:05 - tokenizer_training_rank_0 - INFO -   - VQ Loss: -0.0721
  - Recon Loss Pre: 0.0028
  - Recon Loss All: 0.0017
2026-05-31 02:56:28 - tokenizer_training_rank_0 - INFO - [Epoch 4/10, Step 814/3662] LR: 0.000158, Loss: -0.0335
2026-05-31 02:56:28 - tokenizer_training_rank_0 - INFO -   - VQ Loss: -0.0719
  - Recon Loss Pre: 0.0042
  - Recon Loss All: 0.0021
2026-05-31 02:56:52 - tokenizer_training_rank_0 - INFO - [Epoch 4/10, Step 914/3662] LR: 0.000158, Loss: -0.0331
2026-05-31 02:56:52 - tokenizer_training_rank_0 - INFO -   - VQ Loss: -0.0718
  - Recon Loss Pre: 0.0042
  - Recon Loss All: 0.0021
2026-05-31 02:57:15 - tokenizer_training_rank_0 - INFO - [Epoch 4/10, Step 1014/3662] LR: 0.000157, Loss: -0.0336
2026-05-31 02:57:15 - tokenizer_training_rank_0 - INFO -   - VQ Loss: -0.0720
  - Recon Loss Pre: 0.0033
  - Recon Loss All: 0.0021
2026-05-31 02:57:43 - tokenizer_training_rank_0 - INFO - [Epoch 4/10, Step 1114/3662] LR: 0.000156, Loss: -0.0336
2026-05-31 02:57:43 - tokenizer_training_rank_0 - INFO -   - VQ Loss: -0.0722
  - Recon Loss Pre: 0.0034
  - Recon Loss All: 0.0019
2026-05-31 02:58:09 - tokenizer_training_rank_0 - INFO - [Epoch 4/10, Step 1214/3662] LR: 0.000156, Loss: -0.0337
2026-05-31 02:58:09 - tokenizer_training_rank_0 - INFO -   - VQ Loss: -0.0724
  - Recon Loss Pre: 0.0038
  - Recon Loss All: 0.0015
2026-05-31 02:58:34 - tokenizer_training_rank_0 - INFO - [Epoch 4/10, Step 1314/3662] LR: 0.000155, Loss: -0.0337
2026-05-31 02:58:34 - tokenizer_training_rank_0 - INFO -   - VQ Loss: -0.0722
  - Recon Loss Pre: 0.0029
  - Recon Loss All: 0.0017
2026-05-31 02:59:09 - tokenizer_training_rank_0 - INFO - [Epoch 4/10, Step 1414/3662] LR: 0.000154, Loss: -0.0339
2026-05-31 02:59:09 - tokenizer_training_rank_0 - INFO -   - VQ Loss: -0.0723
  - Recon Loss Pre: 0.0025
  - Recon Loss All: 0.0016
2026-05-31 02:59:47 - tokenizer_training_rank_0 - INFO - [Epoch 4/10, Step 1514/3662] LR: 0.000153, Loss: -0.0337
2026-05-31 02:59:47 - tokenizer_training_rank_0 - INFO -   - VQ Loss: -0.0722
  - Recon Loss Pre: 0.0034
  - Recon Loss All: 0.0019
2026-05-31 03:00:13 - tokenizer_training_rank_0 - INFO - [Epoch 4/10, Step 1614/3662] LR: 0.000153, Loss: -0.0339
2026-05-31 03:00:13 - tokenizer_training_rank_0 - INFO -   - VQ Loss: -0.0723
  - Recon Loss Pre: 0.0027
  - Recon Loss All: 0.0016
2026-05-31 03:00:39 - tokenizer_training_rank_0 - INFO - [Epoch 4/10, Step 1714/3662] LR: 0.000152, Loss: -0.0335
2026-05-31 03:00:39 - tokenizer_training_rank_0 - INFO -   - VQ Loss: -0.0722
  - Recon Loss Pre: 0.0037
  - Recon Loss All: 0.0017
2026-05-31 03:01:21 - tokenizer_training_rank_0 - INFO - [Epoch 4/10, Step 1814/3662] LR: 0.000151, Loss: -0.0335
2026-05-31 03:01:21 - tokenizer_training_rank_0 - INFO -   - VQ Loss: -0.0719
  - Recon Loss Pre: 0.0030
  - Recon Loss All: 0.0019
2026-05-31 03:01:44 - tokenizer_training_rank_0 - INFO - [Epoch 4/10, Step 1914/3662] LR: 0.000150, Loss: -0.0336
2026-05-31 03:01:44 - tokenizer_training_rank_0 - INFO -   - VQ Loss: -0.0722
  - Recon Loss Pre: 0.0031
  - Recon Loss All: 0.0019
2026-05-31 03:02:11 - tokenizer_training_rank_0 - INFO - [Epoch 4/10, Step 2014/3662] LR: 0.000150, Loss: -0.0327
2026-05-31 03:02:11 - tokenizer_training_rank_0 - INFO -   - VQ Loss: -0.0716
  - Recon Loss Pre: 0.0078
  - Recon Loss All: 0.0025
2026-05-31 03:02:37 - tokenizer_training_rank_0 - INFO - [Epoch 4/10, Step 2114/3662] LR: 0.000149, Loss: -0.0329
2026-05-31 03:02:37 - tokenizer_training_rank_0 - INFO -   - VQ Loss: -0.0719
  - Recon Loss Pre: 0.0047
  - Recon Loss All: 0.0021
2026-05-31 03:03:03 - tokenizer_training_rank_0 - INFO - [Epoch 4/10, Step 2214/3662] LR: 0.000148, Loss: -0.0328
2026-05-31 03:03:03 - tokenizer_training_rank_0 - INFO -   - VQ Loss: -0.0722
  - Recon Loss Pre: 0.0043
  - Recon Loss All: 0.0019
2026-05-31 03:03:28 - tokenizer_training_rank_0 - INFO - [Epoch 4/10, Step 2314/3662] LR: 0.000147, Loss: -0.0332
2026-05-31 03:03:28 - tokenizer_training_rank_0 - INFO -   - VQ Loss: -0.0719
  - Recon Loss Pre: 0.0031
  - Recon Loss All: 0.0019
2026-05-31 03:03:53 - tokenizer_training_rank_0 - INFO - [Epoch 4/10, Step 2414/3662] LR: 0.000146, Loss: -0.0340
2026-05-31 03:03:53 - tokenizer_training_rank_0 - INFO -   - VQ Loss: -0.0722
  - Recon Loss Pre: 0.0027
  - Recon Loss All: 0.0016
2026-05-31 03:04:21 - tokenizer_training_rank_0 - INFO - [Epoch 4/10, Step 2514/3662] LR: 0.000146, Loss: -0.0335
2026-05-31 03:04:21 - tokenizer_training_rank_0 - INFO -   - VQ Loss: -0.0721
  - Recon Loss Pre: 0.0035
  - Recon Loss All: 0.0019
2026-05-31 03:04:46 - tokenizer_training_rank_0 - INFO - [Epoch 4/10, Step 2614/3662] LR: 0.000145, Loss: -0.0338
2026-05-31 03:04:46 - tokenizer_training_rank_0 - INFO -   - VQ Loss: -0.0723
  - Recon Loss Pre: 0.0026
  - Recon Loss All: 0.0016
2026-05-31 03:05:13 - tokenizer_training_rank_0 - INFO - [Epoch 4/10, Step 2714/3662] LR: 0.000144, Loss: -0.0333
2026-05-31 03:05:13 - tokenizer_training_rank_0 - INFO -   - VQ Loss: -0.0721
  - Recon Loss Pre: 0.0037
  - Recon Loss All: 0.0018
2026-05-31 03:05:39 - tokenizer_training_rank_0 - INFO - [Epoch 4/10, Step 2814/3662] LR: 0.000143, Loss: -0.0323
2026-05-31 03:05:39 - tokenizer_training_rank_0 - INFO -   - VQ Loss: -0.0720
  - Recon Loss Pre: 0.0061
  - Recon Loss All: 0.0021
2026-05-31 03:06:05 - tokenizer_training_rank_0 - INFO - [Epoch 4/10, Step 2914/3662] LR: 0.000142, Loss: -0.0328
2026-05-31 03:06:05 - tokenizer_training_rank_0 - INFO -   - VQ Loss: -0.0717
  - Recon Loss Pre: 0.0040
  - Recon Loss All: 0.0023
2026-05-31 03:06:31 - tokenizer_training_rank_0 - INFO - [Epoch 4/10, Step 3014/3662] LR: 0.000142, Loss: -0.0333
2026-05-31 03:06:31 - tokenizer_training_rank_0 - INFO -   - VQ Loss: -0.0720
  - Recon Loss Pre: 0.0038
  - Recon Loss All: 0.0022
2026-05-31 03:06:56 - tokenizer_training_rank_0 - INFO - [Epoch 4/10, Step 3114/3662] LR: 0.000141, Loss: -0.0334
2026-05-31 03:06:56 - tokenizer_training_rank_0 - INFO -   - VQ Loss: -0.0723
  - Recon Loss Pre: 0.0034
  - Recon Loss All: 0.0019
2026-05-31 03:07:22 - tokenizer_training_rank_0 - INFO - [Epoch 4/10, Step 3214/3662] LR: 0.000140, Loss: -0.0337
2026-05-31 03:07:22 - tokenizer_training_rank_0 - INFO -   - VQ Loss: -0.0723
  - Recon Loss Pre: 0.0028
  - Recon Loss All: 0.0017
2026-05-31 03:07:49 - tokenizer_training_rank_0 - INFO - [Epoch 4/10, Step 3314/3662] LR: 0.000139, Loss: -0.0334
2026-05-31 03:07:49 - tokenizer_training_rank_0 - INFO -   - VQ Loss: -0.0720
  - Recon Loss Pre: 0.0034
  - Recon Loss All: 0.0021
2026-05-31 03:08:20 - tokenizer_training_rank_0 - INFO - [Epoch 4/10, Step 3414/3662] LR: 0.000138, Loss: -0.0333
2026-05-31 03:08:20 - tokenizer_training_rank_0 - INFO -   - VQ Loss: -0.0722
  - Recon Loss Pre: 0.0031
  - Recon Loss All: 0.0019
2026-05-31 03:09:05 - tokenizer_training_rank_0 - INFO - [Epoch 4/10, Step 3514/3662] LR: 0.000138, Loss: -0.0336
2026-05-31 03:09:05 - tokenizer_training_rank_0 - INFO -   - VQ Loss: -0.0721
  - Recon Loss Pre: 0.0033
  - Recon Loss All: 0.0018
2026-05-31 03:09:47 - tokenizer_training_rank_0 - INFO - [Epoch 4/10, Step 3614/3662] LR: 0.000137, Loss: -0.0337
2026-05-31 03:09:47 - tokenizer_training_rank_0 - INFO -   - VQ Loss: -0.0723
  - Recon Loss Pre: 0.0025
  - Recon Loss All: 0.0015
[Epoch 4/10, Step 14/3662] LR: 0.000164, Loss: -0.0336
  - VQ Loss: -0.0719
  - Recon Loss Pre: 0.0040
  - Recon Loss All: 0.0025
[Epoch 4/10, Step 114/3662] LR: 0.000163, Loss: -0.0335
  - VQ Loss: -0.0722
  - Recon Loss Pre: 0.0028
  - Recon Loss All: 0.0019
[Epoch 4/10, Step 214/3662] LR: 0.000163, Loss: -0.0331
  - VQ Loss: -0.0721
  - Recon Loss Pre: 0.0036
  - Recon Loss All: 0.0018
[Epoch 4/10, Step 314/3662] LR: 0.000162, Loss: -0.0338
  - VQ Loss: -0.0722
  - Recon Loss Pre: 0.0030
  - Recon Loss All: 0.0016
[Epoch 4/10, Step 414/3662] LR: 0.000161, Loss: -0.0338
  - VQ Loss: -0.0724
  - Recon Loss Pre: 0.0030
  - Recon Loss All: 0.0016
[Epoch 4/10, Step 514/3662] LR: 0.000161, Loss: -0.0338
  - VQ Loss: -0.0723
  - Recon Loss Pre: 0.0026
  - Recon Loss All: 0.0017
[Epoch 4/10, Step 614/3662] LR: 0.000160, Loss: -0.0337
  - VQ Loss: -0.0722
  - Recon Loss Pre: 0.0029
  - Recon Loss All: 0.0018
[Epoch 4/10, Step 714/3662] LR: 0.000159, Loss: -0.0338
  - VQ Loss: -0.0721
  - Recon Loss Pre: 0.0028
  - Recon Loss All: 0.0017
[Epoch 4/10, Step 814/3662] LR: 0.000158, Loss: -0.0335
  - VQ Loss: -0.0719
  - Recon Loss Pre: 0.0042
  - Recon Loss All: 0.0021
[Epoch 4/10, Step 914/3662] LR: 0.000158, Loss: -0.0331
  - VQ Loss: -0.0718
  - Recon Loss Pre: 0.0042
  - Recon Loss All: 0.0021
[Epoch 4/10, Step 1014/3662] LR: 0.000157, Loss: -0.0336
  - VQ Loss: -0.0720
  - Recon Loss Pre: 0.0033
  - Recon Loss All: 0.0021
[Epoch 4/10, Step 1114/3662] LR: 0.000156, Loss: -0.0336
  - VQ Loss: -0.0722
  - Recon Loss Pre: 0.0034
  - Recon Loss All: 0.0019
[Epoch 4/10, Step 1214/3662] LR: 0.000156, Loss: -0.0337
  - VQ Loss: -0.0724
  - Recon Loss Pre: 0.0038
  - Recon Loss All: 0.0015
[Epoch 4/10, Step 1314/3662] LR: 0.000155, Loss: -0.0337
  - VQ Loss: -0.0722
  - Recon Loss Pre: 0.0029
  - Recon Loss All: 0.0017
[Epoch 4/10, Step 1414/3662] LR: 0.000154, Loss: -0.0339
  - VQ Loss: -0.0723
  - Recon Loss Pre: 0.0025
  - Recon Loss All: 0.0016
[Epoch 4/10, Step 1514/3662] LR: 0.000153, Loss: -0.0337
  - VQ Loss: -0.0722
  - Recon Loss Pre: 0.0034
  - Recon Loss All: 0.0019
[Epoch 4/10, Step 1614/3662] LR: 0.000153, Loss: -0.0339
  - VQ Loss: -0.0723
  - Recon Loss Pre: 0.0027
  - Recon Loss All: 0.0016
[Epoch 4/10, Step 1714/3662] LR: 0.000152, Loss: -0.0335
  - VQ Loss: -0.0722
  - Recon Loss Pre: 0.0037
  - Recon Loss All: 0.0017
[Epoch 4/10, Step 1814/3662] LR: 0.000151, Loss: -0.0335
  - VQ Loss: -0.0719
  - Recon Loss Pre: 0.0030
  - Recon Loss All: 0.0019
[Epoch 4/10, Step 1914/3662] LR: 0.000150, Loss: -0.0336
  - VQ Loss: -0.0722
  - Recon Loss Pre: 0.0031
  - Recon Loss All: 0.0019
[Epoch 4/10, Step 2014/3662] LR: 0.000150, Loss: -0.0327
  - VQ Loss: -0.0716
  - Recon Loss Pre: 0.0078
  - Recon Loss All: 0.0025
[Epoch 4/10, Step 2114/3662] LR: 0.000149, Loss: -0.0329
  - VQ Loss: -0.0719
  - Recon Loss Pre: 0.0047
  - Recon Loss All: 0.0021
[Epoch 4/10, Step 2214/3662] LR: 0.000148, Loss: -0.0328
  - VQ Loss: -0.0722
  - Recon Loss Pre: 0.0043
  - Recon Loss All: 0.0019
[Epoch 4/10, Step 2314/3662] LR: 0.000147, Loss: -0.0332
  - VQ Loss: -0.0719
  - Recon Loss Pre: 0.0031
  - Recon Loss All: 0.0019
[Epoch 4/10, Step 2414/3662] LR: 0.000146, Loss: -0.0340
  - VQ Loss: -0.0722
  - Recon Loss Pre: 0.0027
  - Recon Loss All: 0.0016
[Epoch 4/10, Step 2514/3662] LR: 0.000146, Loss: -0.0335
  - VQ Loss: -0.0721
  - Recon Loss Pre: 0.0035
  - Recon Loss All: 0.0019
[Epoch 4/10, Step 2614/3662] LR: 0.000145, Loss: -0.0338
  - VQ Loss: -0.0723
  - Recon Loss Pre: 0.0026
  - Recon Loss All: 0.0016
[Epoch 4/10, Step 2714/3662] LR: 0.000144, Loss: -0.0333
  - VQ Loss: -0.0721
  - Recon Loss Pre: 0.0037
  - Recon Loss All: 0.0018
[Epoch 4/10, Step 2814/3662] LR: 0.000143, Loss: -0.0323
  - VQ Loss: -0.0720
  - Recon Loss Pre: 0.0061
  - Recon Loss All: 0.0021
[Epoch 4/10, Step 2914/3662] LR: 0.000142, Loss: -0.0328
  - VQ Loss: -0.0717
  - Recon Loss Pre: 0.0040
  - Recon Loss All: 0.0023
[Epoch 4/10, Step 3014/3662] LR: 0.000142, Loss: -0.0333
  - VQ Loss: -0.0720
  - Recon Loss Pre: 0.0038
  - Recon Loss All: 0.0022
[Epoch 4/10, Step 3114/3662] LR: 0.000141, Loss: -0.0334
  - VQ Loss: -0.0723
  - Recon Loss Pre: 0.0034
  - Recon Loss All: 0.0019
[Epoch 4/10, Step 3214/3662] LR: 0.000140, Loss: -0.0337
  - VQ Loss: -0.0723
  - Recon Loss Pre: 0.0028
  - Recon Loss All: 0.0017
[Epoch 4/10, Step 3314/3662] LR: 0.000139, Loss: -0.0334
  - VQ Loss: -0.0720
  - Recon Loss Pre: 0.0034
  - Recon Loss All: 0.0021
[Epoch 4/10, Step 3414/3662] LR: 0.000138, Loss: -0.0333
  - VQ Loss: -0.0722
  - Recon Loss Pre: 0.0031
  - Recon Loss All: 0.0019
[Epoch 4/10, Step 3514/3662] LR: 0.000138, Loss: -0.0336
  - VQ Loss: -0.0721
  - Recon Loss Pre: 0.0033
  - Recon Loss All: 0.0018
[Epoch 4/10, Step 3614/3662] LR: 0.000137, Loss: -0.0337
  - VQ Loss: -0.0723
  - Recon Loss Pre: 0.0025
  - Recon Loss All: 0.0015
2026-05-31 03:10:31 - tokenizer_training_rank_0 - INFO - 
--- Epoch 4/10 Summary ---
Validation Loss: 0.0017
Epoch Time: 0:17:17
Total Training Time: 0:17:17


--- Epoch 4/10 Summary ---
Validation Loss: 0.0017
Epoch Time: 0:17:17
Total Training Time: 0:17:17

2026-05-31 03:10:46 - tokenizer_training_rank_0 - INFO - [Epoch 5/10, Step 52/3662] LR: 0.000136, Loss: -0.0335
2026-05-31 03:10:46 - tokenizer_training_rank_0 - INFO -   - VQ Loss: -0.0722
  - Recon Loss Pre: 0.0031
  - Recon Loss All: 0.0020
2026-05-31 03:11:14 - tokenizer_training_rank_0 - INFO - [Epoch 5/10, Step 152/3662] LR: 0.000135, Loss: -0.0334
2026-05-31 03:11:14 - tokenizer_training_rank_0 - INFO -   - VQ Loss: -0.0721
  - Recon Loss Pre: 0.0029
  - Recon Loss All: 0.0020
2026-05-31 03:11:41 - tokenizer_training_rank_0 - INFO - [Epoch 5/10, Step 252/3662] LR: 0.000134, Loss: -0.0338
2026-05-31 03:11:41 - tokenizer_training_rank_0 - INFO -   - VQ Loss: -0.0722
  - Recon Loss Pre: 0.0028
  - Recon Loss All: 0.0017
2026-05-31 03:12:10 - tokenizer_training_rank_0 - INFO - [Epoch 5/10, Step 352/3662] LR: 0.000133, Loss: -0.0340
2026-05-31 03:12:10 - tokenizer_training_rank_0 - INFO -   - VQ Loss: -0.0725
  - Recon Loss Pre: 0.0030
  - Recon Loss All: 0.0015
2026-05-31 03:12:39 - tokenizer_training_rank_0 - INFO - [Epoch 5/10, Step 452/3662] LR: 0.000133, Loss: -0.0338
2026-05-31 03:12:39 - tokenizer_training_rank_0 - INFO -   - VQ Loss: -0.0724
  - Recon Loss Pre: 0.0030
  - Recon Loss All: 0.0018
2026-05-31 03:13:14 - tokenizer_training_rank_0 - INFO - [Epoch 5/10, Step 552/3662] LR: 0.000132, Loss: -0.0338
2026-05-31 03:13:14 - tokenizer_training_rank_0 - INFO -   - VQ Loss: -0.0724
  - Recon Loss Pre: 0.0025
  - Recon Loss All: 0.0016
2026-05-31 03:13:45 - tokenizer_training_rank_0 - INFO - [Epoch 5/10, Step 652/3662] LR: 0.000131, Loss: -0.0341
2026-05-31 03:13:45 - tokenizer_training_rank_0 - INFO -   - VQ Loss: -0.0723
  - Recon Loss Pre: 0.0027
  - Recon Loss All: 0.0016
2026-05-31 03:14:14 - tokenizer_training_rank_0 - INFO - [Epoch 5/10, Step 752/3662] LR: 0.000130, Loss: -0.0343
2026-05-31 03:14:14 - tokenizer_training_rank_0 - INFO -   - VQ Loss: -0.0725
  - Recon Loss Pre: 0.0026
  - Recon Loss All: 0.0015
2026-05-31 03:14:48 - tokenizer_training_rank_0 - INFO - [Epoch 5/10, Step 852/3662] LR: 0.000129, Loss: -0.0340
2026-05-31 03:14:48 - tokenizer_training_rank_0 - INFO -   - VQ Loss: -0.0724
  - Recon Loss Pre: 0.0025
  - Recon Loss All: 0.0015
2026-05-31 03:15:26 - tokenizer_training_rank_0 - INFO - [Epoch 5/10, Step 952/3662] LR: 0.000128, Loss: -0.0337
2026-05-31 03:15:26 - tokenizer_training_rank_0 - INFO -   - VQ Loss: -0.0723
  - Recon Loss Pre: 0.0026
  - Recon Loss All: 0.0016
2026-05-31 03:15:59 - tokenizer_training_rank_0 - INFO - [Epoch 5/10, Step 1052/3662] LR: 0.000128, Loss: -0.0339
2026-05-31 03:15:59 - tokenizer_training_rank_0 - INFO -   - VQ Loss: -0.0723
  - Recon Loss Pre: 0.0029
  - Recon Loss All: 0.0017
2026-05-31 03:16:28 - tokenizer_training_rank_0 - INFO - [Epoch 5/10, Step 1152/3662] LR: 0.000127, Loss: -0.0339
2026-05-31 03:16:28 - tokenizer_training_rank_0 - INFO -   - VQ Loss: -0.0723
  - Recon Loss Pre: 0.0028
  - Recon Loss All: 0.0016
2026-05-31 03:16:56 - tokenizer_training_rank_0 - INFO - [Epoch 5/10, Step 1252/3662] LR: 0.000126, Loss: -0.0339
2026-05-31 03:16:56 - tokenizer_training_rank_0 - INFO -   - VQ Loss: -0.0722
  - Recon Loss Pre: 0.0031
  - Recon Loss All: 0.0019
2026-05-31 03:17:24 - tokenizer_training_rank_0 - INFO - [Epoch 5/10, Step 1352/3662] LR: 0.000125, Loss: -0.0341
2026-05-31 03:17:24 - tokenizer_training_rank_0 - INFO -   - VQ Loss: -0.0724
  - Recon Loss Pre: 0.0026
  - Recon Loss All: 0.0017
2026-05-31 03:17:54 - tokenizer_training_rank_0 - INFO - [Epoch 5/10, Step 1452/3662] LR: 0.000124, Loss: -0.0340
2026-05-31 03:17:54 - tokenizer_training_rank_0 - INFO -   - VQ Loss: -0.0724
  - Recon Loss Pre: 0.0031
  - Recon Loss All: 0.0019
2026-05-31 03:18:25 - tokenizer_training_rank_0 - INFO - [Epoch 5/10, Step 1552/3662] LR: 0.000123, Loss: -0.0340
2026-05-31 03:18:25 - tokenizer_training_rank_0 - INFO -   - VQ Loss: -0.0723
  - Recon Loss Pre: 0.0027
  - Recon Loss All: 0.0016
2026-05-31 03:18:58 - tokenizer_training_rank_0 - INFO - [Epoch 5/10, Step 1652/3662] LR: 0.000122, Loss: -0.0338
2026-05-31 03:18:58 - tokenizer_training_rank_0 - INFO -   - VQ Loss: -0.0723
  - Recon Loss Pre: 0.0027
  - Recon Loss All: 0.0017
2026-05-31 03:19:26 - tokenizer_training_rank_0 - INFO - [Epoch 5/10, Step 1752/3662] LR: 0.000122, Loss: -0.0339
2026-05-31 03:19:26 - tokenizer_training_rank_0 - INFO -   - VQ Loss: -0.0725
  - Recon Loss Pre: 0.0021
  - Recon Loss All: 0.0014
2026-05-31 03:19:57 - tokenizer_training_rank_0 - INFO - [Epoch 5/10, Step 1852/3662] LR: 0.000121, Loss: -0.0342
2026-05-31 03:19:57 - tokenizer_training_rank_0 - INFO -   - VQ Loss: -0.0724
  - Recon Loss Pre: 0.0027
  - Recon Loss All: 0.0016
2026-05-31 03:20:26 - tokenizer_training_rank_0 - INFO - [Epoch 5/10, Step 1952/3662] LR: 0.000120, Loss: -0.0341
2026-05-31 03:20:26 - tokenizer_training_rank_0 - INFO -   - VQ Loss: -0.0724
  - Recon Loss Pre: 0.0026
  - Recon Loss All: 0.0016
2026-05-31 03:20:55 - tokenizer_training_rank_0 - INFO - [Epoch 5/10, Step 2052/3662] LR: 0.000119, Loss: -0.0340
2026-05-31 03:20:55 - tokenizer_training_rank_0 - INFO -   - VQ Loss: -0.0726
  - Recon Loss Pre: 0.0024
  - Recon Loss All: 0.0016
2026-05-31 03:21:22 - tokenizer_training_rank_0 - INFO - [Epoch 5/10, Step 2152/3662] LR: 0.000118, Loss: -0.0340
2026-05-31 03:21:22 - tokenizer_training_rank_0 - INFO -   - VQ Loss: -0.0724
  - Recon Loss Pre: 0.0028
  - Recon Loss All: 0.0018
2026-05-31 03:21:51 - tokenizer_training_rank_0 - INFO - [Epoch 5/10, Step 2252/3662] LR: 0.000117, Loss: -0.0339
2026-05-31 03:21:51 - tokenizer_training_rank_0 - INFO -   - VQ Loss: -0.0724
  - Recon Loss Pre: 0.0027
  - Recon Loss All: 0.0018
2026-05-31 03:22:22 - tokenizer_training_rank_0 - INFO - [Epoch 5/10, Step 2352/3662] LR: 0.000116, Loss: -0.0339
2026-05-31 03:22:22 - tokenizer_training_rank_0 - INFO -   - VQ Loss: -0.0721
  - Recon Loss Pre: 0.0030
  - Recon Loss All: 0.0022
2026-05-31 03:22:50 - tokenizer_training_rank_0 - INFO - [Epoch 5/10, Step 2452/3662] LR: 0.000115, Loss: -0.0342
2026-05-31 03:22:50 - tokenizer_training_rank_0 - INFO -   - VQ Loss: -0.0726
  - Recon Loss Pre: 0.0024
  - Recon Loss All: 0.0015
2026-05-31 03:23:22 - tokenizer_training_rank_0 - INFO - [Epoch 5/10, Step 2552/3662] LR: 0.000115, Loss: -0.0340
2026-05-31 03:23:22 - tokenizer_training_rank_0 - INFO -   - VQ Loss: -0.0725
  - Recon Loss Pre: 0.0024
  - Recon Loss All: 0.0015
2026-05-31 03:24:02 - tokenizer_training_rank_0 - INFO - [Epoch 5/10, Step 2652/3662] LR: 0.000114, Loss: -0.0340
2026-05-31 03:24:02 - tokenizer_training_rank_0 - INFO -   - VQ Loss: -0.0723
  - Recon Loss Pre: 0.0026
  - Recon Loss All: 0.0017
2026-05-31 03:24:37 - tokenizer_training_rank_0 - INFO - [Epoch 5/10, Step 2752/3662] LR: 0.000113, Loss: -0.0340
2026-05-31 03:24:37 - tokenizer_training_rank_0 - INFO -   - VQ Loss: -0.0726
  - Recon Loss Pre: 0.0022
  - Recon Loss All: 0.0015
2026-05-31 03:25:10 - tokenizer_training_rank_0 - INFO - [Epoch 5/10, Step 2852/3662] LR: 0.000112, Loss: -0.0340
2026-05-31 03:25:10 - tokenizer_training_rank_0 - INFO -   - VQ Loss: -0.0724
  - Recon Loss Pre: 0.0026
  - Recon Loss All: 0.0017
2026-05-31 03:25:52 - tokenizer_training_rank_0 - INFO - [Epoch 5/10, Step 2952/3662] LR: 0.000111, Loss: -0.0341
2026-05-31 03:25:52 - tokenizer_training_rank_0 - INFO -   - VQ Loss: -0.0723
  - Recon Loss Pre: 0.0026
  - Recon Loss All: 0.0016
2026-05-31 03:26:31 - tokenizer_training_rank_0 - INFO - [Epoch 5/10, Step 3052/3662] LR: 0.000110, Loss: -0.0342
2026-05-31 03:26:31 - tokenizer_training_rank_0 - INFO -   - VQ Loss: -0.0725
  - Recon Loss Pre: 0.0027
  - Recon Loss All: 0.0015
2026-05-31 03:27:05 - tokenizer_training_rank_0 - INFO - [Epoch 5/10, Step 3152/3662] LR: 0.000109, Loss: -0.0342
2026-05-31 03:27:05 - tokenizer_training_rank_0 - INFO -   - VQ Loss: -0.0725
  - Recon Loss Pre: 0.0022
  - Recon Loss All: 0.0015
2026-05-31 03:27:43 - tokenizer_training_rank_0 - INFO - [Epoch 5/10, Step 3252/3662] LR: 0.000108, Loss: -0.0340
2026-05-31 03:27:43 - tokenizer_training_rank_0 - INFO -   - VQ Loss: -0.0724
  - Recon Loss Pre: 0.0026
  - Recon Loss All: 0.0015
2026-05-31 03:28:27 - tokenizer_training_rank_0 - INFO - [Epoch 5/10, Step 3352/3662] LR: 0.000108, Loss: -0.0342
2026-05-31 03:28:27 - tokenizer_training_rank_0 - INFO -   - VQ Loss: -0.0725
  - Recon Loss Pre: 0.0031
  - Recon Loss All: 0.0015
2026-05-31 03:29:04 - tokenizer_training_rank_0 - INFO - [Epoch 5/10, Step 3452/3662] LR: 0.000107, Loss: -0.0342
2026-05-31 03:29:04 - tokenizer_training_rank_0 - INFO -   - VQ Loss: -0.0724
  - Recon Loss Pre: 0.0026
  - Recon Loss All: 0.0017
2026-05-31 03:29:39 - tokenizer_training_rank_0 - INFO - [Epoch 5/10, Step 3552/3662] LR: 0.000106, Loss: -0.0342
2026-05-31 03:29:39 - tokenizer_training_rank_0 - INFO -   - VQ Loss: -0.0725
  - Recon Loss Pre: 0.0024
  - Recon Loss All: 0.0016
2026-05-31 03:30:13 - tokenizer_training_rank_0 - INFO - [Epoch 5/10, Step 3652/3662] LR: 0.000105, Loss: -0.0341
2026-05-31 03:30:13 - tokenizer_training_rank_0 - INFO -   - VQ Loss: -0.0724
  - Recon Loss Pre: 0.0024
  - Recon Loss All: 0.0016
[Epoch 5/10, Step 52/3662] LR: 0.000136, Loss: -0.0335
  - VQ Loss: -0.0722
  - Recon Loss Pre: 0.0031
  - Recon Loss All: 0.0020
[Epoch 5/10, Step 152/3662] LR: 0.000135, Loss: -0.0334
  - VQ Loss: -0.0721
  - Recon Loss Pre: 0.0029
  - Recon Loss All: 0.0020
[Epoch 5/10, Step 252/3662] LR: 0.000134, Loss: -0.0338
  - VQ Loss: -0.0722
  - Recon Loss Pre: 0.0028
  - Recon Loss All: 0.0017
[Epoch 5/10, Step 352/3662] LR: 0.000133, Loss: -0.0340
  - VQ Loss: -0.0725
  - Recon Loss Pre: 0.0030
  - Recon Loss All: 0.0015
[Epoch 5/10, Step 452/3662] LR: 0.000133, Loss: -0.0338
  - VQ Loss: -0.0724
  - Recon Loss Pre: 0.0030
  - Recon Loss All: 0.0018
[Epoch 5/10, Step 552/3662] LR: 0.000132, Loss: -0.0338
  - VQ Loss: -0.0724
  - Recon Loss Pre: 0.0025
  - Recon Loss All: 0.0016
[Epoch 5/10, Step 652/3662] LR: 0.000131, Loss: -0.0341
  - VQ Loss: -0.0723
  - Recon Loss Pre: 0.0027
  - Recon Loss All: 0.0016
[Epoch 5/10, Step 752/3662] LR: 0.000130, Loss: -0.0343
  - VQ Loss: -0.0725
  - Recon Loss Pre: 0.0026
  - Recon Loss All: 0.0015
[Epoch 5/10, Step 852/3662] LR: 0.000129, Loss: -0.0340
  - VQ Loss: -0.0724
  - Recon Loss Pre: 0.0025
  - Recon Loss All: 0.0015
[Epoch 5/10, Step 952/3662] LR: 0.000128, Loss: -0.0337
  - VQ Loss: -0.0723
  - Recon Loss Pre: 0.0026
  - Recon Loss All: 0.0016
[Epoch 5/10, Step 1052/3662] LR: 0.000128, Loss: -0.0339
  - VQ Loss: -0.0723
  - Recon Loss Pre: 0.0029
  - Recon Loss All: 0.0017
[Epoch 5/10, Step 1152/3662] LR: 0.000127, Loss: -0.0339
  - VQ Loss: -0.0723
  - Recon Loss Pre: 0.0028
  - Recon Loss All: 0.0016
[Epoch 5/10, Step 1252/3662] LR: 0.000126, Loss: -0.0339
  - VQ Loss: -0.0722
  - Recon Loss Pre: 0.0031
  - Recon Loss All: 0.0019
[Epoch 5/10, Step 1352/3662] LR: 0.000125, Loss: -0.0341
  - VQ Loss: -0.0724
  - Recon Loss Pre: 0.0026
  - Recon Loss All: 0.0017
[Epoch 5/10, Step 1452/3662] LR: 0.000124, Loss: -0.0340
  - VQ Loss: -0.0724
  - Recon Loss Pre: 0.0031
  - Recon Loss All: 0.0019
[Epoch 5/10, Step 1552/3662] LR: 0.000123, Loss: -0.0340
  - VQ Loss: -0.0723
  - Recon Loss Pre: 0.0027
  - Recon Loss All: 0.0016
[Epoch 5/10, Step 1652/3662] LR: 0.000122, Loss: -0.0338
  - VQ Loss: -0.0723
  - Recon Loss Pre: 0.0027
  - Recon Loss All: 0.0017
[Epoch 5/10, Step 1752/3662] LR: 0.000122, Loss: -0.0339
  - VQ Loss: -0.0725
  - Recon Loss Pre: 0.0021
  - Recon Loss All: 0.0014
[Epoch 5/10, Step 1852/3662] LR: 0.000121, Loss: -0.0342
  - VQ Loss: -0.0724
  - Recon Loss Pre: 0.0027
  - Recon Loss All: 0.0016
[Epoch 5/10, Step 1952/3662] LR: 0.000120, Loss: -0.0341
  - VQ Loss: -0.0724
  - Recon Loss Pre: 0.0026
  - Recon Loss All: 0.0016
[Epoch 5/10, Step 2052/3662] LR: 0.000119, Loss: -0.0340
  - VQ Loss: -0.0726
  - Recon Loss Pre: 0.0024
  - Recon Loss All: 0.0016
[Epoch 5/10, Step 2152/3662] LR: 0.000118, Loss: -0.0340
  - VQ Loss: -0.0724
  - Recon Loss Pre: 0.0028
  - Recon Loss All: 0.0018
[Epoch 5/10, Step 2252/3662] LR: 0.000117, Loss: -0.0339
  - VQ Loss: -0.0724
  - Recon Loss Pre: 0.0027
  - Recon Loss All: 0.0018
[Epoch 5/10, Step 2352/3662] LR: 0.000116, Loss: -0.0339
  - VQ Loss: -0.0721
  - Recon Loss Pre: 0.0030
  - Recon Loss All: 0.0022
[Epoch 5/10, Step 2452/3662] LR: 0.000115, Loss: -0.0342
  - VQ Loss: -0.0726
  - Recon Loss Pre: 0.0024
  - Recon Loss All: 0.0015
[Epoch 5/10, Step 2552/3662] LR: 0.000115, Loss: -0.0340
  - VQ Loss: -0.0725
  - Recon Loss Pre: 0.0024
  - Recon Loss All: 0.0015
[Epoch 5/10, Step 2652/3662] LR: 0.000114, Loss: -0.0340
  - VQ Loss: -0.0723
  - Recon Loss Pre: 0.0026
  - Recon Loss All: 0.0017
[Epoch 5/10, Step 2752/3662] LR: 0.000113, Loss: -0.0340
  - VQ Loss: -0.0726
  - Recon Loss Pre: 0.0022
  - Recon Loss All: 0.0015
[Epoch 5/10, Step 2852/3662] LR: 0.000112, Loss: -0.0340
  - VQ Loss: -0.0724
  - Recon Loss Pre: 0.0026
  - Recon Loss All: 0.0017
[Epoch 5/10, Step 2952/3662] LR: 0.000111, Loss: -0.0341
  - VQ Loss: -0.0723
  - Recon Loss Pre: 0.0026
  - Recon Loss All: 0.0016
[Epoch 5/10, Step 3052/3662] LR: 0.000110, Loss: -0.0342
  - VQ Loss: -0.0725
  - Recon Loss Pre: 0.0027
  - Recon Loss All: 0.0015
[Epoch 5/10, Step 3152/3662] LR: 0.000109, Loss: -0.0342
  - VQ Loss: -0.0725
  - Recon Loss Pre: 0.0022
  - Recon Loss All: 0.0015
[Epoch 5/10, Step 3252/3662] LR: 0.000108, Loss: -0.0340
  - VQ Loss: -0.0724
  - Recon Loss Pre: 0.0026
  - Recon Loss All: 0.0015
[Epoch 5/10, Step 3352/3662] LR: 0.000108, Loss: -0.0342
  - VQ Loss: -0.0725
  - Recon Loss Pre: 0.0031
  - Recon Loss All: 0.0015
[Epoch 5/10, Step 3452/3662] LR: 0.000107, Loss: -0.0342
  - VQ Loss: -0.0724
  - Recon Loss Pre: 0.0026
  - Recon Loss All: 0.0017
[Epoch 5/10, Step 3552/3662] LR: 0.000106, Loss: -0.0342
  - VQ Loss: -0.0725
  - Recon Loss Pre: 0.0024
  - Recon Loss All: 0.0016
[Epoch 5/10, Step 3652/3662] LR: 0.000105, Loss: -0.0341
  - VQ Loss: -0.0724
  - Recon Loss Pre: 0.0024
  - Recon Loss All: 0.0016
2026-05-31 03:30:45 - tokenizer_training_rank_0 - INFO - 
--- Epoch 5/10 Summary ---
Validation Loss: 0.0015
Epoch Time: 0:20:13
Total Training Time: 0:20:13

2026-05-31 03:30:45 - tokenizer_training_rank_0 - INFO - Best model saved to: /home/itsju/04_RESEARCH/Kronos/finetune_csv/finetuned//us_stocks_1h/tokenizer/best_model (validation loss: 0.0015)

--- Epoch 5/10 Summary ---
Validation Loss: 0.0015
Epoch Time: 0:20:13
Total Training Time: 0:20:13

Best model saved to: /home/itsju/04_RESEARCH/Kronos/finetune_csv/finetuned//us_stocks_1h/tokenizer/best_model (validation loss: 0.0015)
2026-05-31 03:31:22 - tokenizer_training_rank_0 - INFO - [Epoch 6/10, Step 90/3662] LR: 0.000104, Loss: -0.0340
2026-05-31 03:31:22 - tokenizer_training_rank_0 - INFO -   - VQ Loss: -0.0724
  - Recon Loss Pre: 0.0028
  - Recon Loss All: 0.0016
2026-05-31 03:31:58 - tokenizer_training_rank_0 - INFO - [Epoch 6/10, Step 190/3662] LR: 0.000103, Loss: -0.0340
2026-05-31 03:31:58 - tokenizer_training_rank_0 - INFO -   - VQ Loss: -0.0724
  - Recon Loss Pre: 0.0027
  - Recon Loss All: 0.0016
2026-05-31 03:32:29 - tokenizer_training_rank_0 - INFO - [Epoch 6/10, Step 290/3662] LR: 0.000102, Loss: -0.0342
2026-05-31 03:32:29 - tokenizer_training_rank_0 - INFO -   - VQ Loss: -0.0722
  - Recon Loss Pre: 0.0032
  - Recon Loss All: 0.0019
2026-05-31 03:32:58 - tokenizer_training_rank_0 - INFO - [Epoch 6/10, Step 390/3662] LR: 0.000101, Loss: -0.0343
2026-05-31 03:32:58 - tokenizer_training_rank_0 - INFO -   - VQ Loss: -0.0726
  - Recon Loss Pre: 0.0022
  - Recon Loss All: 0.0014
2026-05-31 03:33:27 - tokenizer_training_rank_0 - INFO - [Epoch 6/10, Step 490/3662] LR: 0.000101, Loss: -0.0340
2026-05-31 03:33:27 - tokenizer_training_rank_0 - INFO -   - VQ Loss: -0.0724
  - Recon Loss Pre: 0.0026
  - Recon Loss All: 0.0016
2026-05-31 03:33:58 - tokenizer_training_rank_0 - INFO - [Epoch 6/10, Step 590/3662] LR: 0.000100, Loss: -0.0341
2026-05-31 03:33:58 - tokenizer_training_rank_0 - INFO -   - VQ Loss: -0.0724
  - Recon Loss Pre: 0.0025
  - Recon Loss All: 0.0017
2026-05-31 03:34:29 - tokenizer_training_rank_0 - INFO - [Epoch 6/10, Step 690/3662] LR: 0.000099, Loss: -0.0341
2026-05-31 03:34:29 - tokenizer_training_rank_0 - INFO -   - VQ Loss: -0.0724
  - Recon Loss Pre: 0.0027
  - Recon Loss All: 0.0016
2026-05-31 03:34:59 - tokenizer_training_rank_0 - INFO - [Epoch 6/10, Step 790/3662] LR: 0.000098, Loss: -0.0342
2026-05-31 03:34:59 - tokenizer_training_rank_0 - INFO -   - VQ Loss: -0.0726
  - Recon Loss Pre: 0.0021
  - Recon Loss All: 0.0015
2026-05-31 03:35:27 - tokenizer_training_rank_0 - INFO - [Epoch 6/10, Step 890/3662] LR: 0.000097, Loss: -0.0343
2026-05-31 03:35:27 - tokenizer_training_rank_0 - INFO -   - VQ Loss: -0.0726
  - Recon Loss Pre: 0.0025
  - Recon Loss All: 0.0015
2026-05-31 03:35:52 - tokenizer_training_rank_0 - INFO - [Epoch 6/10, Step 990/3662] LR: 0.000096, Loss: -0.0342
2026-05-31 03:35:52 - tokenizer_training_rank_0 - INFO -   - VQ Loss: -0.0724
  - Recon Loss Pre: 0.0030
  - Recon Loss All: 0.0016
2026-05-31 03:36:18 - tokenizer_training_rank_0 - INFO - [Epoch 6/10, Step 1090/3662] LR: 0.000095, Loss: -0.0343
2026-05-31 03:36:18 - tokenizer_training_rank_0 - INFO -   - VQ Loss: -0.0726
  - Recon Loss Pre: 0.0029
  - Recon Loss All: 0.0012
2026-05-31 03:36:41 - tokenizer_training_rank_0 - INFO - [Epoch 6/10, Step 1190/3662] LR: 0.000094, Loss: -0.0339
2026-05-31 03:36:41 - tokenizer_training_rank_0 - INFO -   - VQ Loss: -0.0724
  - Recon Loss Pre: 0.0025
  - Recon Loss All: 0.0015
2026-05-31 03:37:05 - tokenizer_training_rank_0 - INFO - [Epoch 6/10, Step 1290/3662] LR: 0.000093, Loss: -0.0343
2026-05-31 03:37:05 - tokenizer_training_rank_0 - INFO -   - VQ Loss: -0.0726
  - Recon Loss Pre: 0.0025
  - Recon Loss All: 0.0014
2026-05-31 03:37:29 - tokenizer_training_rank_0 - INFO - [Epoch 6/10, Step 1390/3662] LR: 0.000093, Loss: -0.0343
2026-05-31 03:37:29 - tokenizer_training_rank_0 - INFO -   - VQ Loss: -0.0725
  - Recon Loss Pre: 0.0026
  - Recon Loss All: 0.0015
2026-05-31 03:37:55 - tokenizer_training_rank_0 - INFO - [Epoch 6/10, Step 1490/3662] LR: 0.000092, Loss: -0.0341
2026-05-31 03:37:55 - tokenizer_training_rank_0 - INFO -   - VQ Loss: -0.0725
  - Recon Loss Pre: 0.0023
  - Recon Loss All: 0.0014
2026-05-31 03:38:22 - tokenizer_training_rank_0 - INFO - [Epoch 6/10, Step 1590/3662] LR: 0.000091, Loss: -0.0340
2026-05-31 03:38:22 - tokenizer_training_rank_0 - INFO -   - VQ Loss: -0.0725
  - Recon Loss Pre: 0.0026
  - Recon Loss All: 0.0016
2026-05-31 03:38:50 - tokenizer_training_rank_0 - INFO - [Epoch 6/10, Step 1690/3662] LR: 0.000090, Loss: -0.0342
2026-05-31 03:38:50 - tokenizer_training_rank_0 - INFO -   - VQ Loss: -0.0726
  - Recon Loss Pre: 0.0023
  - Recon Loss All: 0.0014
2026-05-31 03:39:20 - tokenizer_training_rank_0 - INFO - [Epoch 6/10, Step 1790/3662] LR: 0.000089, Loss: -0.0343
2026-05-31 03:39:20 - tokenizer_training_rank_0 - INFO -   - VQ Loss: -0.0725
  - Recon Loss Pre: 0.0026
  - Recon Loss All: 0.0014
2026-05-31 03:39:49 - tokenizer_training_rank_0 - INFO - [Epoch 6/10, Step 1890/3662] LR: 0.000088, Loss: -0.0343
2026-05-31 03:39:49 - tokenizer_training_rank_0 - INFO -   - VQ Loss: -0.0725
  - Recon Loss Pre: 0.0024
  - Recon Loss All: 0.0015
2026-05-31 03:40:14 - tokenizer_training_rank_0 - INFO - [Epoch 6/10, Step 1990/3662] LR: 0.000087, Loss: -0.0343
2026-05-31 03:40:14 - tokenizer_training_rank_0 - INFO -   - VQ Loss: -0.0727
  - Recon Loss Pre: 0.0023
  - Recon Loss All: 0.0013
2026-05-31 03:40:39 - tokenizer_training_rank_0 - INFO - [Epoch 6/10, Step 2090/3662] LR: 0.000086, Loss: -0.0345
2026-05-31 03:40:39 - tokenizer_training_rank_0 - INFO -   - VQ Loss: -0.0727
  - Recon Loss Pre: 0.0020
  - Recon Loss All: 0.0013
2026-05-31 03:41:04 - tokenizer_training_rank_0 - INFO - [Epoch 6/10, Step 2190/3662] LR: 0.000086, Loss: -0.0342
2026-05-31 03:41:04 - tokenizer_training_rank_0 - INFO -   - VQ Loss: -0.0726
  - Recon Loss Pre: 0.0025
  - Recon Loss All: 0.0016
2026-05-31 03:41:28 - tokenizer_training_rank_0 - INFO - [Epoch 6/10, Step 2290/3662] LR: 0.000085, Loss: -0.0343
2026-05-31 03:41:28 - tokenizer_training_rank_0 - INFO -   - VQ Loss: -0.0723
  - Recon Loss Pre: 0.0024
  - Recon Loss All: 0.0017
2026-05-31 03:41:54 - tokenizer_training_rank_0 - INFO - [Epoch 6/10, Step 2390/3662] LR: 0.000084, Loss: -0.0344
2026-05-31 03:41:54 - tokenizer_training_rank_0 - INFO -   - VQ Loss: -0.0727
  - Recon Loss Pre: 0.0021
  - Recon Loss All: 0.0013
2026-05-31 03:42:19 - tokenizer_training_rank_0 - INFO - [Epoch 6/10, Step 2490/3662] LR: 0.000083, Loss: -0.0344
2026-05-31 03:42:19 - tokenizer_training_rank_0 - INFO -   - VQ Loss: -0.0726
  - Recon Loss Pre: 0.0023
  - Recon Loss All: 0.0016
2026-05-31 03:42:49 - tokenizer_training_rank_0 - INFO - [Epoch 6/10, Step 2590/3662] LR: 0.000082, Loss: -0.0343
2026-05-31 03:42:49 - tokenizer_training_rank_0 - INFO -   - VQ Loss: -0.0725
  - Recon Loss Pre: 0.0023
  - Recon Loss All: 0.0015
2026-05-31 03:43:23 - tokenizer_training_rank_0 - INFO - [Epoch 6/10, Step 2690/3662] LR: 0.000081, Loss: -0.0344
2026-05-31 03:43:23 - tokenizer_training_rank_0 - INFO -   - VQ Loss: -0.0726
  - Recon Loss Pre: 0.0021
  - Recon Loss All: 0.0014
2026-05-31 03:43:57 - tokenizer_training_rank_0 - INFO - [Epoch 6/10, Step 2790/3662] LR: 0.000080, Loss: -0.0344
2026-05-31 03:43:57 - tokenizer_training_rank_0 - INFO -   - VQ Loss: -0.0726
  - Recon Loss Pre: 0.0021
  - Recon Loss All: 0.0015
2026-05-31 03:44:30 - tokenizer_training_rank_0 - INFO - [Epoch 6/10, Step 2890/3662] LR: 0.000079, Loss: -0.0342
2026-05-31 03:44:30 - tokenizer_training_rank_0 - INFO -   - VQ Loss: -0.0726
  - Recon Loss Pre: 0.0025
  - Recon Loss All: 0.0015
2026-05-31 03:45:08 - tokenizer_training_rank_0 - INFO - [Epoch 6/10, Step 2990/3662] LR: 0.000079, Loss: -0.0343
2026-05-31 03:45:08 - tokenizer_training_rank_0 - INFO -   - VQ Loss: -0.0725
  - Recon Loss Pre: 0.0027
  - Recon Loss All: 0.0016
2026-05-31 03:46:03 - tokenizer_training_rank_0 - INFO - [Epoch 6/10, Step 3090/3662] LR: 0.000078, Loss: -0.0344
2026-05-31 03:46:03 - tokenizer_training_rank_0 - INFO -   - VQ Loss: -0.0724
  - Recon Loss Pre: 0.0025
  - Recon Loss All: 0.0015
2026-05-31 03:46:55 - tokenizer_training_rank_0 - INFO - [Epoch 6/10, Step 3190/3662] LR: 0.000077, Loss: -0.0341
2026-05-31 03:46:55 - tokenizer_training_rank_0 - INFO -   - VQ Loss: -0.0726
  - Recon Loss Pre: 0.0028
  - Recon Loss All: 0.0015
2026-05-31 03:47:36 - tokenizer_training_rank_0 - INFO - [Epoch 6/10, Step 3290/3662] LR: 0.000076, Loss: -0.0344
2026-05-31 03:47:36 - tokenizer_training_rank_0 - INFO -   - VQ Loss: -0.0726
  - Recon Loss Pre: 0.0021
  - Recon Loss All: 0.0014
2026-05-31 03:48:12 - tokenizer_training_rank_0 - INFO - [Epoch 6/10, Step 3390/3662] LR: 0.000075, Loss: -0.0344
2026-05-31 03:48:12 - tokenizer_training_rank_0 - INFO -   - VQ Loss: -0.0726
  - Recon Loss Pre: 0.0023
  - Recon Loss All: 0.0014
2026-05-31 03:48:47 - tokenizer_training_rank_0 - INFO - [Epoch 6/10, Step 3490/3662] LR: 0.000074, Loss: -0.0346
2026-05-31 03:48:47 - tokenizer_training_rank_0 - INFO -   - VQ Loss: -0.0727
  - Recon Loss Pre: 0.0019
  - Recon Loss All: 0.0012
2026-05-31 03:49:20 - tokenizer_training_rank_0 - INFO - [Epoch 6/10, Step 3590/3662] LR: 0.000073, Loss: -0.0344
2026-05-31 03:49:20 - tokenizer_training_rank_0 - INFO -   - VQ Loss: -0.0727
  - Recon Loss Pre: 0.0022
  - Recon Loss All: 0.0014
[Epoch 6/10, Step 90/3662] LR: 0.000104, Loss: -0.0340
  - VQ Loss: -0.0724
  - Recon Loss Pre: 0.0028
  - Recon Loss All: 0.0016
[Epoch 6/10, Step 190/3662] LR: 0.000103, Loss: -0.0340
  - VQ Loss: -0.0724
  - Recon Loss Pre: 0.0027
  - Recon Loss All: 0.0016
[Epoch 6/10, Step 290/3662] LR: 0.000102, Loss: -0.0342
  - VQ Loss: -0.0722
  - Recon Loss Pre: 0.0032
  - Recon Loss All: 0.0019
[Epoch 6/10, Step 390/3662] LR: 0.000101, Loss: -0.0343
  - VQ Loss: -0.0726
  - Recon Loss Pre: 0.0022
  - Recon Loss All: 0.0014
[Epoch 6/10, Step 490/3662] LR: 0.000101, Loss: -0.0340
  - VQ Loss: -0.0724
  - Recon Loss Pre: 0.0026
  - Recon Loss All: 0.0016
[Epoch 6/10, Step 590/3662] LR: 0.000100, Loss: -0.0341
  - VQ Loss: -0.0724
  - Recon Loss Pre: 0.0025
  - Recon Loss All: 0.0017
[Epoch 6/10, Step 690/3662] LR: 0.000099, Loss: -0.0341
  - VQ Loss: -0.0724
  - Recon Loss Pre: 0.0027
  - Recon Loss All: 0.0016
[Epoch 6/10, Step 790/3662] LR: 0.000098, Loss: -0.0342
  - VQ Loss: -0.0726
  - Recon Loss Pre: 0.0021
  - Recon Loss All: 0.0015
[Epoch 6/10, Step 890/3662] LR: 0.000097, Loss: -0.0343
  - VQ Loss: -0.0726
  - Recon Loss Pre: 0.0025
  - Recon Loss All: 0.0015
[Epoch 6/10, Step 990/3662] LR: 0.000096, Loss: -0.0342
  - VQ Loss: -0.0724
  - Recon Loss Pre: 0.0030
  - Recon Loss All: 0.0016
[Epoch 6/10, Step 1090/3662] LR: 0.000095, Loss: -0.0343
  - VQ Loss: -0.0726
  - Recon Loss Pre: 0.0029
  - Recon Loss All: 0.0012
[Epoch 6/10, Step 1190/3662] LR: 0.000094, Loss: -0.0339
  - VQ Loss: -0.0724
  - Recon Loss Pre: 0.0025
  - Recon Loss All: 0.0015
[Epoch 6/10, Step 1290/3662] LR: 0.000093, Loss: -0.0343
  - VQ Loss: -0.0726
  - Recon Loss Pre: 0.0025
  - Recon Loss All: 0.0014
[Epoch 6/10, Step 1390/3662] LR: 0.000093, Loss: -0.0343
  - VQ Loss: -0.0725
  - Recon Loss Pre: 0.0026
  - Recon Loss All: 0.0015
[Epoch 6/10, Step 1490/3662] LR: 0.000092, Loss: -0.0341
  - VQ Loss: -0.0725
  - Recon Loss Pre: 0.0023
  - Recon Loss All: 0.0014
[Epoch 6/10, Step 1590/3662] LR: 0.000091, Loss: -0.0340
  - VQ Loss: -0.0725
  - Recon Loss Pre: 0.0026
  - Recon Loss All: 0.0016
[Epoch 6/10, Step 1690/3662] LR: 0.000090, Loss: -0.0342
  - VQ Loss: -0.0726
  - Recon Loss Pre: 0.0023
  - Recon Loss All: 0.0014
[Epoch 6/10, Step 1790/3662] LR: 0.000089, Loss: -0.0343
  - VQ Loss: -0.0725
  - Recon Loss Pre: 0.0026
  - Recon Loss All: 0.0014
[Epoch 6/10, Step 1890/3662] LR: 0.000088, Loss: -0.0343
  - VQ Loss: -0.0725
  - Recon Loss Pre: 0.0024
  - Recon Loss All: 0.0015
[Epoch 6/10, Step 1990/3662] LR: 0.000087, Loss: -0.0343
  - VQ Loss: -0.0727
  - Recon Loss Pre: 0.0023
  - Recon Loss All: 0.0013
[Epoch 6/10, Step 2090/3662] LR: 0.000086, Loss: -0.0345
  - VQ Loss: -0.0727
  - Recon Loss Pre: 0.0020
  - Recon Loss All: 0.0013
[Epoch 6/10, Step 2190/3662] LR: 0.000086, Loss: -0.0342
  - VQ Loss: -0.0726
  - Recon Loss Pre: 0.0025
  - Recon Loss All: 0.0016
[Epoch 6/10, Step 2290/3662] LR: 0.000085, Loss: -0.0343
  - VQ Loss: -0.0723
  - Recon Loss Pre: 0.0024
  - Recon Loss All: 0.0017
[Epoch 6/10, Step 2390/3662] LR: 0.000084, Loss: -0.0344
  - VQ Loss: -0.0727
  - Recon Loss Pre: 0.0021
  - Recon Loss All: 0.0013
[Epoch 6/10, Step 2490/3662] LR: 0.000083, Loss: -0.0344
  - VQ Loss: -0.0726
  - Recon Loss Pre: 0.0023
  - Recon Loss All: 0.0016
[Epoch 6/10, Step 2590/3662] LR: 0.000082, Loss: -0.0343
  - VQ Loss: -0.0725
  - Recon Loss Pre: 0.0023
  - Recon Loss All: 0.0015
[Epoch 6/10, Step 2690/3662] LR: 0.000081, Loss: -0.0344
  - VQ Loss: -0.0726
  - Recon Loss Pre: 0.0021
  - Recon Loss All: 0.0014
[Epoch 6/10, Step 2790/3662] LR: 0.000080, Loss: -0.0344
  - VQ Loss: -0.0726
  - Recon Loss Pre: 0.0021
  - Recon Loss All: 0.0015
[Epoch 6/10, Step 2890/3662] LR: 0.000079, Loss: -0.0342
  - VQ Loss: -0.0726
  - Recon Loss Pre: 0.0025
  - Recon Loss All: 0.0015
[Epoch 6/10, Step 2990/3662] LR: 0.000079, Loss: -0.0343
  - VQ Loss: -0.0725
  - Recon Loss Pre: 0.0027
  - Recon Loss All: 0.0016
[Epoch 6/10, Step 3090/3662] LR: 0.000078, Loss: -0.0344
  - VQ Loss: -0.0724
  - Recon Loss Pre: 0.0025
  - Recon Loss All: 0.0015
[Epoch 6/10, Step 3190/3662] LR: 0.000077, Loss: -0.0341
  - VQ Loss: -0.0726
  - Recon Loss Pre: 0.0028
  - Recon Loss All: 0.0015
[Epoch 6/10, Step 3290/3662] LR: 0.000076, Loss: -0.0344
  - VQ Loss: -0.0726
  - Recon Loss Pre: 0.0021
  - Recon Loss All: 0.0014
[Epoch 6/10, Step 3390/3662] LR: 0.000075, Loss: -0.0344
  - VQ Loss: -0.0726
  - Recon Loss Pre: 0.0023
  - Recon Loss All: 0.0014
[Epoch 6/10, Step 3490/3662] LR: 0.000074, Loss: -0.0346
  - VQ Loss: -0.0727
  - Recon Loss Pre: 0.0019
  - Recon Loss All: 0.0012
[Epoch 6/10, Step 3590/3662] LR: 0.000073, Loss: -0.0344
  - VQ Loss: -0.0727
  - Recon Loss Pre: 0.0022
  - Recon Loss All: 0.0014
2026-05-31 03:50:18 - tokenizer_training_rank_0 - INFO - 
--- Epoch 6/10 Summary ---
Validation Loss: 0.0014
Epoch Time: 0:19:33
Total Training Time: 0:19:33

2026-05-31 03:50:18 - tokenizer_training_rank_0 - INFO - Best model saved to: /home/itsju/04_RESEARCH/Kronos/finetune_csv/finetuned//us_stocks_1h/tokenizer/best_model (validation loss: 0.0014)

--- Epoch 6/10 Summary ---
Validation Loss: 0.0014
Epoch Time: 0:19:33
Total Training Time: 0:19:33

Best model saved to: /home/itsju/04_RESEARCH/Kronos/finetune_csv/finetuned//us_stocks_1h/tokenizer/best_model (validation loss: 0.0014)
2026-05-31 03:50:29 - tokenizer_training_rank_0 - INFO - [Epoch 7/10, Step 28/3662] LR: 0.000073, Loss: -0.0344
2026-05-31 03:50:29 - tokenizer_training_rank_0 - INFO -   - VQ Loss: -0.0724
  - Recon Loss Pre: 0.0026
  - Recon Loss All: 0.0016
2026-05-31 03:51:04 - tokenizer_training_rank_0 - INFO - [Epoch 7/10, Step 128/3662] LR: 0.000072, Loss: -0.0345
2026-05-31 03:51:04 - tokenizer_training_rank_0 - INFO -   - VQ Loss: -0.0724
  - Recon Loss Pre: 0.0029
  - Recon Loss All: 0.0017
2026-05-31 03:51:36 - tokenizer_training_rank_0 - INFO - [Epoch 7/10, Step 228/3662] LR: 0.000071, Loss: -0.0343
2026-05-31 03:51:36 - tokenizer_training_rank_0 - INFO -   - VQ Loss: -0.0725
  - Recon Loss Pre: 0.0023
  - Recon Loss All: 0.0016
2026-05-31 03:52:06 - tokenizer_training_rank_0 - INFO - [Epoch 7/10, Step 328/3662] LR: 0.000070, Loss: -0.0345
2026-05-31 03:52:06 - tokenizer_training_rank_0 - INFO -   - VQ Loss: -0.0727
  - Recon Loss Pre: 0.0022
  - Recon Loss All: 0.0014
2026-05-31 03:52:37 - tokenizer_training_rank_0 - INFO - [Epoch 7/10, Step 428/3662] LR: 0.000069, Loss: -0.0342
2026-05-31 03:52:37 - tokenizer_training_rank_0 - INFO -   - VQ Loss: -0.0725
  - Recon Loss Pre: 0.0040
  - Recon Loss All: 0.0017
2026-05-31 03:53:09 - tokenizer_training_rank_0 - INFO - [Epoch 7/10, Step 528/3662] LR: 0.000068, Loss: -0.0345
2026-05-31 03:53:09 - tokenizer_training_rank_0 - INFO -   - VQ Loss: -0.0725
  - Recon Loss Pre: 0.0025
  - Recon Loss All: 0.0015
2026-05-31 03:53:50 - tokenizer_training_rank_0 - INFO - [Epoch 7/10, Step 628/3662] LR: 0.000068, Loss: -0.0345
2026-05-31 03:53:50 - tokenizer_training_rank_0 - INFO -   - VQ Loss: -0.0727
  - Recon Loss Pre: 0.0021
  - Recon Loss All: 0.0013
2026-05-31 03:54:25 - tokenizer_training_rank_0 - INFO - [Epoch 7/10, Step 728/3662] LR: 0.000067, Loss: -0.0346
2026-05-31 03:54:25 - tokenizer_training_rank_0 - INFO -   - VQ Loss: -0.0726
  - Recon Loss Pre: 0.0021
  - Recon Loss All: 0.0013
2026-05-31 03:55:02 - tokenizer_training_rank_0 - INFO - [Epoch 7/10, Step 828/3662] LR: 0.000066, Loss: -0.0342
2026-05-31 03:55:02 - tokenizer_training_rank_0 - INFO -   - VQ Loss: -0.0724
  - Recon Loss Pre: 0.0049
  - Recon Loss All: 0.0015
2026-05-31 03:55:38 - tokenizer_training_rank_0 - INFO - [Epoch 7/10, Step 928/3662] LR: 0.000065, Loss: -0.0344
2026-05-31 03:55:38 - tokenizer_training_rank_0 - INFO -   - VQ Loss: -0.0725
  - Recon Loss Pre: 0.0022
  - Recon Loss All: 0.0014
2026-05-31 03:56:09 - tokenizer_training_rank_0 - INFO - [Epoch 7/10, Step 1028/3662] LR: 0.000064, Loss: -0.0345
2026-05-31 03:56:09 - tokenizer_training_rank_0 - INFO -   - VQ Loss: -0.0726
  - Recon Loss Pre: 0.0024
  - Recon Loss All: 0.0013
2026-05-31 03:56:38 - tokenizer_training_rank_0 - INFO - [Epoch 7/10, Step 1128/3662] LR: 0.000063, Loss: -0.0343
2026-05-31 03:56:38 - tokenizer_training_rank_0 - INFO -   - VQ Loss: -0.0725
  - Recon Loss Pre: 0.0023
  - Recon Loss All: 0.0013
2026-05-31 03:57:07 - tokenizer_training_rank_0 - INFO - [Epoch 7/10, Step 1228/3662] LR: 0.000063, Loss: -0.0343
2026-05-31 03:57:07 - tokenizer_training_rank_0 - INFO -   - VQ Loss: -0.0725
  - Recon Loss Pre: 0.0020
  - Recon Loss All: 0.0014
2026-05-31 03:57:36 - tokenizer_training_rank_0 - INFO - [Epoch 7/10, Step 1328/3662] LR: 0.000062, Loss: -0.0343
2026-05-31 03:57:36 - tokenizer_training_rank_0 - INFO -   - VQ Loss: -0.0724
  - Recon Loss Pre: 0.0034
  - Recon Loss All: 0.0017
2026-05-31 03:58:04 - tokenizer_training_rank_0 - INFO - [Epoch 7/10, Step 1428/3662] LR: 0.000061, Loss: -0.0342
2026-05-31 03:58:04 - tokenizer_training_rank_0 - INFO -   - VQ Loss: -0.0727
  - Recon Loss Pre: 0.0037
  - Recon Loss All: 0.0012
2026-05-31 03:58:31 - tokenizer_training_rank_0 - INFO - [Epoch 7/10, Step 1528/3662] LR: 0.000060, Loss: -0.0344
2026-05-31 03:58:31 - tokenizer_training_rank_0 - INFO -   - VQ Loss: -0.0724
  - Recon Loss Pre: 0.0022
  - Recon Loss All: 0.0014
2026-05-31 03:58:58 - tokenizer_training_rank_0 - INFO - [Epoch 7/10, Step 1628/3662] LR: 0.000059, Loss: -0.0342
2026-05-31 03:58:58 - tokenizer_training_rank_0 - INFO -   - VQ Loss: -0.0726
  - Recon Loss Pre: 0.0020
  - Recon Loss All: 0.0013
2026-05-31 03:59:27 - tokenizer_training_rank_0 - INFO - [Epoch 7/10, Step 1728/3662] LR: 0.000058, Loss: -0.0342
2026-05-31 03:59:27 - tokenizer_training_rank_0 - INFO -   - VQ Loss: -0.0725
  - Recon Loss Pre: 0.0029
  - Recon Loss All: 0.0015
2026-05-31 03:59:59 - tokenizer_training_rank_0 - INFO - [Epoch 7/10, Step 1828/3662] LR: 0.000058, Loss: -0.0342
2026-05-31 03:59:59 - tokenizer_training_rank_0 - INFO -   - VQ Loss: -0.0726
  - Recon Loss Pre: 0.0022
  - Recon Loss All: 0.0015
2026-05-31 04:00:32 - tokenizer_training_rank_0 - INFO - [Epoch 7/10, Step 1928/3662] LR: 0.000057, Loss: -0.0343
2026-05-31 04:00:32 - tokenizer_training_rank_0 - INFO -   - VQ Loss: -0.0724
  - Recon Loss Pre: 0.0025
  - Recon Loss All: 0.0016
2026-05-31 04:01:20 - tokenizer_training_rank_0 - INFO - [Epoch 7/10, Step 2028/3662] LR: 0.000056, Loss: -0.0345
2026-05-31 04:01:20 - tokenizer_training_rank_0 - INFO -   - VQ Loss: -0.0726
  - Recon Loss Pre: 0.0022
  - Recon Loss All: 0.0015
2026-05-31 04:01:49 - tokenizer_training_rank_0 - INFO - [Epoch 7/10, Step 2128/3662] LR: 0.000055, Loss: -0.0341
2026-05-31 04:01:49 - tokenizer_training_rank_0 - INFO -   - VQ Loss: -0.0725
  - Recon Loss Pre: 0.0023
  - Recon Loss All: 0.0016
2026-05-31 04:02:17 - tokenizer_training_rank_0 - INFO - [Epoch 7/10, Step 2228/3662] LR: 0.000054, Loss: -0.0343
2026-05-31 04:02:17 - tokenizer_training_rank_0 - INFO -   - VQ Loss: -0.0726
  - Recon Loss Pre: 0.0022
  - Recon Loss All: 0.0014
2026-05-31 04:02:43 - tokenizer_training_rank_0 - INFO - [Epoch 7/10, Step 2328/3662] LR: 0.000054, Loss: -0.0341
2026-05-31 04:02:43 - tokenizer_training_rank_0 - INFO -   - VQ Loss: -0.0724
  - Recon Loss Pre: 0.0026
  - Recon Loss All: 0.0016
2026-05-31 04:03:10 - tokenizer_training_rank_0 - INFO - [Epoch 7/10, Step 2428/3662] LR: 0.000053, Loss: -0.0344
2026-05-31 04:03:10 - tokenizer_training_rank_0 - INFO -   - VQ Loss: -0.0726
  - Recon Loss Pre: 0.0021
  - Recon Loss All: 0.0012
2026-05-31 04:03:37 - tokenizer_training_rank_0 - INFO - [Epoch 7/10, Step 2528/3662] LR: 0.000052, Loss: -0.0342
2026-05-31 04:03:37 - tokenizer_training_rank_0 - INFO -   - VQ Loss: -0.0724
  - Recon Loss Pre: 0.0027
  - Recon Loss All: 0.0017
2026-05-31 04:04:12 - tokenizer_training_rank_0 - INFO - [Epoch 7/10, Step 2628/3662] LR: 0.000051, Loss: -0.0341
2026-05-31 04:04:12 - tokenizer_training_rank_0 - INFO -   - VQ Loss: -0.0725
  - Recon Loss Pre: 0.0025
  - Recon Loss All: 0.0015
2026-05-31 04:04:49 - tokenizer_training_rank_0 - INFO - [Epoch 7/10, Step 2728/3662] LR: 0.000051, Loss: -0.0341
2026-05-31 04:04:49 - tokenizer_training_rank_0 - INFO -   - VQ Loss: -0.0724
  - Recon Loss Pre: 0.0028
  - Recon Loss All: 0.0017
2026-05-31 04:05:24 - tokenizer_training_rank_0 - INFO - [Epoch 7/10, Step 2828/3662] LR: 0.000050, Loss: -0.0343
2026-05-31 04:05:24 - tokenizer_training_rank_0 - INFO -   - VQ Loss: -0.0724
  - Recon Loss Pre: 0.0022
  - Recon Loss All: 0.0016
2026-05-31 04:05:51 - tokenizer_training_rank_0 - INFO - [Epoch 7/10, Step 2928/3662] LR: 0.000049, Loss: -0.0346
2026-05-31 04:05:51 - tokenizer_training_rank_0 - INFO -   - VQ Loss: -0.0726
  - Recon Loss Pre: 0.0020
  - Recon Loss All: 0.0013
2026-05-31 04:06:18 - tokenizer_training_rank_0 - INFO - [Epoch 7/10, Step 3028/3662] LR: 0.000048, Loss: -0.0341
2026-05-31 04:06:18 - tokenizer_training_rank_0 - INFO -   - VQ Loss: -0.0724
  - Recon Loss Pre: 0.0036
  - Recon Loss All: 0.0016
2026-05-31 04:06:43 - tokenizer_training_rank_0 - INFO - [Epoch 7/10, Step 3128/3662] LR: 0.000048, Loss: -0.0341
2026-05-31 04:06:43 - tokenizer_training_rank_0 - INFO -   - VQ Loss: -0.0725
  - Recon Loss Pre: 0.0024
  - Recon Loss All: 0.0013
2026-05-31 04:07:07 - tokenizer_training_rank_0 - INFO - [Epoch 7/10, Step 3228/3662] LR: 0.000047, Loss: -0.0339
2026-05-31 04:07:07 - tokenizer_training_rank_0 - INFO -   - VQ Loss: -0.0722
  - Recon Loss Pre: 0.0028
  - Recon Loss All: 0.0018
2026-05-31 04:07:31 - tokenizer_training_rank_0 - INFO - [Epoch 7/10, Step 3328/3662] LR: 0.000046, Loss: -0.0341
2026-05-31 04:07:31 - tokenizer_training_rank_0 - INFO -   - VQ Loss: -0.0724
  - Recon Loss Pre: 0.0023
  - Recon Loss All: 0.0015
2026-05-31 04:07:54 - tokenizer_training_rank_0 - INFO - [Epoch 7/10, Step 3428/3662] LR: 0.000045, Loss: -0.0339
2026-05-31 04:07:54 - tokenizer_training_rank_0 - INFO -   - VQ Loss: -0.0725
  - Recon Loss Pre: 0.0030
  - Recon Loss All: 0.0016
2026-05-31 04:08:17 - tokenizer_training_rank_0 - INFO - [Epoch 7/10, Step 3528/3662] LR: 0.000045, Loss: -0.0346
2026-05-31 04:08:17 - tokenizer_training_rank_0 - INFO -   - VQ Loss: -0.0726
  - Recon Loss Pre: 0.0021
  - Recon Loss All: 0.0013
2026-05-31 04:08:42 - tokenizer_training_rank_0 - INFO - [Epoch 7/10, Step 3628/3662] LR: 0.000044, Loss: -0.0343
2026-05-31 04:08:42 - tokenizer_training_rank_0 - INFO -   - VQ Loss: -0.0724
  - Recon Loss Pre: 0.0024
  - Recon Loss All: 0.0017
[Epoch 7/10, Step 28/3662] LR: 0.000073, Loss: -0.0344
  - VQ Loss: -0.0724
  - Recon Loss Pre: 0.0026
  - Recon Loss All: 0.0016
[Epoch 7/10, Step 128/3662] LR: 0.000072, Loss: -0.0345
  - VQ Loss: -0.0724
  - Recon Loss Pre: 0.0029
  - Recon Loss All: 0.0017
[Epoch 7/10, Step 228/3662] LR: 0.000071, Loss: -0.0343
  - VQ Loss: -0.0725
  - Recon Loss Pre: 0.0023
  - Recon Loss All: 0.0016
[Epoch 7/10, Step 328/3662] LR: 0.000070, Loss: -0.0345
  - VQ Loss: -0.0727
  - Recon Loss Pre: 0.0022
  - Recon Loss All: 0.0014
[Epoch 7/10, Step 428/3662] LR: 0.000069, Loss: -0.0342
  - VQ Loss: -0.0725
  - Recon Loss Pre: 0.0040
  - Recon Loss All: 0.0017
[Epoch 7/10, Step 528/3662] LR: 0.000068, Loss: -0.0345
  - VQ Loss: -0.0725
  - Recon Loss Pre: 0.0025
  - Recon Loss All: 0.0015
[Epoch 7/10, Step 628/3662] LR: 0.000068, Loss: -0.0345
  - VQ Loss: -0.0727
  - Recon Loss Pre: 0.0021
  - Recon Loss All: 0.0013
[Epoch 7/10, Step 728/3662] LR: 0.000067, Loss: -0.0346
  - VQ Loss: -0.0726
  - Recon Loss Pre: 0.0021
  - Recon Loss All: 0.0013
[Epoch 7/10, Step 828/3662] LR: 0.000066, Loss: -0.0342
  - VQ Loss: -0.0724
  - Recon Loss Pre: 0.0049
  - Recon Loss All: 0.0015
[Epoch 7/10, Step 928/3662] LR: 0.000065, Loss: -0.0344
  - VQ Loss: -0.0725
  - Recon Loss Pre: 0.0022
  - Recon Loss All: 0.0014
[Epoch 7/10, Step 1028/3662] LR: 0.000064, Loss: -0.0345
  - VQ Loss: -0.0726
  - Recon Loss Pre: 0.0024
  - Recon Loss All: 0.0013
[Epoch 7/10, Step 1128/3662] LR: 0.000063, Loss: -0.0343
  - VQ Loss: -0.0725
  - Recon Loss Pre: 0.0023
  - Recon Loss All: 0.0013
[Epoch 7/10, Step 1228/3662] LR: 0.000063, Loss: -0.0343
  - VQ Loss: -0.0725
  - Recon Loss Pre: 0.0020
  - Recon Loss All: 0.0014
[Epoch 7/10, Step 1328/3662] LR: 0.000062, Loss: -0.0343
  - VQ Loss: -0.0724
  - Recon Loss Pre: 0.0034
  - Recon Loss All: 0.0017
[Epoch 7/10, Step 1428/3662] LR: 0.000061, Loss: -0.0342
  - VQ Loss: -0.0727
  - Recon Loss Pre: 0.0037
  - Recon Loss All: 0.0012
[Epoch 7/10, Step 1528/3662] LR: 0.000060, Loss: -0.0344
  - VQ Loss: -0.0724
  - Recon Loss Pre: 0.0022
  - Recon Loss All: 0.0014
[Epoch 7/10, Step 1628/3662] LR: 0.000059, Loss: -0.0342
  - VQ Loss: -0.0726
  - Recon Loss Pre: 0.0020
  - Recon Loss All: 0.0013
[Epoch 7/10, Step 1728/3662] LR: 0.000058, Loss: -0.0342
  - VQ Loss: -0.0725
  - Recon Loss Pre: 0.0029
  - Recon Loss All: 0.0015
[Epoch 7/10, Step 1828/3662] LR: 0.000058, Loss: -0.0342
  - VQ Loss: -0.0726
  - Recon Loss Pre: 0.0022
  - Recon Loss All: 0.0015
[Epoch 7/10, Step 1928/3662] LR: 0.000057, Loss: -0.0343
  - VQ Loss: -0.0724
  - Recon Loss Pre: 0.0025
  - Recon Loss All: 0.0016
[Epoch 7/10, Step 2028/3662] LR: 0.000056, Loss: -0.0345
  - VQ Loss: -0.0726
  - Recon Loss Pre: 0.0022
  - Recon Loss All: 0.0015
[Epoch 7/10, Step 2128/3662] LR: 0.000055, Loss: -0.0341
  - VQ Loss: -0.0725
  - Recon Loss Pre: 0.0023
  - Recon Loss All: 0.0016
[Epoch 7/10, Step 2228/3662] LR: 0.000054, Loss: -0.0343
  - VQ Loss: -0.0726
  - Recon Loss Pre: 0.0022
  - Recon Loss All: 0.0014
[Epoch 7/10, Step 2328/3662] LR: 0.000054, Loss: -0.0341
  - VQ Loss: -0.0724
  - Recon Loss Pre: 0.0026
  - Recon Loss All: 0.0016
[Epoch 7/10, Step 2428/3662] LR: 0.000053, Loss: -0.0344
  - VQ Loss: -0.0726
  - Recon Loss Pre: 0.0021
  - Recon Loss All: 0.0012
[Epoch 7/10, Step 2528/3662] LR: 0.000052, Loss: -0.0342
  - VQ Loss: -0.0724
  - Recon Loss Pre: 0.0027
  - Recon Loss All: 0.0017
[Epoch 7/10, Step 2628/3662] LR: 0.000051, Loss: -0.0341
  - VQ Loss: -0.0725
  - Recon Loss Pre: 0.0025
  - Recon Loss All: 0.0015
[Epoch 7/10, Step 2728/3662] LR: 0.000051, Loss: -0.0341
  - VQ Loss: -0.0724
  - Recon Loss Pre: 0.0028
  - Recon Loss All: 0.0017
[Epoch 7/10, Step 2828/3662] LR: 0.000050, Loss: -0.0343
  - VQ Loss: -0.0724
  - Recon Loss Pre: 0.0022
  - Recon Loss All: 0.0016
[Epoch 7/10, Step 2928/3662] LR: 0.000049, Loss: -0.0346
  - VQ Loss: -0.0726
  - Recon Loss Pre: 0.0020
  - Recon Loss All: 0.0013
[Epoch 7/10, Step 3028/3662] LR: 0.000048, Loss: -0.0341
  - VQ Loss: -0.0724
  - Recon Loss Pre: 0.0036
  - Recon Loss All: 0.0016
[Epoch 7/10, Step 3128/3662] LR: 0.000048, Loss: -0.0341
  - VQ Loss: -0.0725
  - Recon Loss Pre: 0.0024
  - Recon Loss All: 0.0013
[Epoch 7/10, Step 3228/3662] LR: 0.000047, Loss: -0.0339
  - VQ Loss: -0.0722
  - Recon Loss Pre: 0.0028
  - Recon Loss All: 0.0018
[Epoch 7/10, Step 3328/3662] LR: 0.000046, Loss: -0.0341
  - VQ Loss: -0.0724
  - Recon Loss Pre: 0.0023
  - Recon Loss All: 0.0015
[Epoch 7/10, Step 3428/3662] LR: 0.000045, Loss: -0.0339
  - VQ Loss: -0.0725
  - Recon Loss Pre: 0.0030
  - Recon Loss All: 0.0016
[Epoch 7/10, Step 3528/3662] LR: 0.000045, Loss: -0.0346
  - VQ Loss: -0.0726
  - Recon Loss Pre: 0.0021
  - Recon Loss All: 0.0013
[Epoch 7/10, Step 3628/3662] LR: 0.000044, Loss: -0.0343
  - VQ Loss: -0.0724
  - Recon Loss Pre: 0.0024
  - Recon Loss All: 0.0017
2026-05-31 04:09:17 - tokenizer_training_rank_0 - INFO - 
--- Epoch 7/10 Summary ---
Validation Loss: 0.0014
Epoch Time: 0:18:58
Total Training Time: 0:18:58


--- Epoch 7/10 Summary ---
Validation Loss: 0.0014
Epoch Time: 0:18:58
Total Training Time: 0:18:58

2026-05-31 04:09:40 - tokenizer_training_rank_0 - INFO - [Epoch 8/10, Step 66/3662] LR: 0.000043, Loss: -0.0341
2026-05-31 04:09:40 - tokenizer_training_rank_0 - INFO -   - VQ Loss: -0.0725
  - Recon Loss Pre: 0.0022
  - Recon Loss All: 0.0014
2026-05-31 04:10:11 - tokenizer_training_rank_0 - INFO - [Epoch 8/10, Step 166/3662] LR: 0.000042, Loss: -0.0344
2026-05-31 04:10:11 - tokenizer_training_rank_0 - INFO -   - VQ Loss: -0.0725
  - Recon Loss Pre: 0.0023
  - Recon Loss All: 0.0013
2026-05-31 04:10:47 - tokenizer_training_rank_0 - INFO - [Epoch 8/10, Step 266/3662] LR: 0.000042, Loss: -0.0332
2026-05-31 04:10:47 - tokenizer_training_rank_0 - INFO -   - VQ Loss: -0.0721
  - Recon Loss Pre: 0.0045
  - Recon Loss All: 0.0020
2026-05-31 04:11:18 - tokenizer_training_rank_0 - INFO - [Epoch 8/10, Step 366/3662] LR: 0.000041, Loss: -0.0342
2026-05-31 04:11:18 - tokenizer_training_rank_0 - INFO -   - VQ Loss: -0.0726
  - Recon Loss Pre: 0.0021
  - Recon Loss All: 0.0013
2026-05-31 04:11:47 - tokenizer_training_rank_0 - INFO - [Epoch 8/10, Step 466/3662] LR: 0.000040, Loss: -0.0345
2026-05-31 04:11:47 - tokenizer_training_rank_0 - INFO -   - VQ Loss: -0.0727
  - Recon Loss Pre: 0.0021
  - Recon Loss All: 0.0012
2026-05-31 04:12:14 - tokenizer_training_rank_0 - INFO - [Epoch 8/10, Step 566/3662] LR: 0.000040, Loss: -0.0344
2026-05-31 04:12:14 - tokenizer_training_rank_0 - INFO -   - VQ Loss: -0.0725
  - Recon Loss Pre: 0.0022
  - Recon Loss All: 0.0014
2026-05-31 04:12:54 - tokenizer_training_rank_0 - INFO - [Epoch 8/10, Step 666/3662] LR: 0.000039, Loss: -0.0338
2026-05-31 04:12:54 - tokenizer_training_rank_0 - INFO -   - VQ Loss: -0.0723
  - Recon Loss Pre: 0.0031
  - Recon Loss All: 0.0015
2026-05-31 04:13:28 - tokenizer_training_rank_0 - INFO - [Epoch 8/10, Step 766/3662] LR: 0.000038, Loss: -0.0342
2026-05-31 04:13:28 - tokenizer_training_rank_0 - INFO -   - VQ Loss: -0.0726
  - Recon Loss Pre: 0.0023
  - Recon Loss All: 0.0013
2026-05-31 04:14:04 - tokenizer_training_rank_0 - INFO - [Epoch 8/10, Step 866/3662] LR: 0.000037, Loss: -0.0343
2026-05-31 04:14:04 - tokenizer_training_rank_0 - INFO -   - VQ Loss: -0.0726
  - Recon Loss Pre: 0.0027
  - Recon Loss All: 0.0013
2026-05-31 04:14:36 - tokenizer_training_rank_0 - INFO - [Epoch 8/10, Step 966/3662] LR: 0.000037, Loss: -0.0343
2026-05-31 04:14:36 - tokenizer_training_rank_0 - INFO -   - VQ Loss: -0.0724
  - Recon Loss Pre: 0.0025
  - Recon Loss All: 0.0014
2026-05-31 04:15:02 - tokenizer_training_rank_0 - INFO - [Epoch 8/10, Step 1066/3662] LR: 0.000036, Loss: -0.0342
2026-05-31 04:15:02 - tokenizer_training_rank_0 - INFO -   - VQ Loss: -0.0724
  - Recon Loss Pre: 0.0023
  - Recon Loss All: 0.0013
2026-05-31 04:15:28 - tokenizer_training_rank_0 - INFO - [Epoch 8/10, Step 1166/3662] LR: 0.000035, Loss: -0.0332
2026-05-31 04:15:28 - tokenizer_training_rank_0 - INFO -   - VQ Loss: -0.0724
  - Recon Loss Pre: 0.0034
  - Recon Loss All: 0.0016
2026-05-31 04:15:54 - tokenizer_training_rank_0 - INFO - [Epoch 8/10, Step 1266/3662] LR: 0.000035, Loss: -0.0342
2026-05-31 04:15:54 - tokenizer_training_rank_0 - INFO -   - VQ Loss: -0.0724
  - Recon Loss Pre: 0.0025
  - Recon Loss All: 0.0014
2026-05-31 04:16:20 - tokenizer_training_rank_0 - INFO - [Epoch 8/10, Step 1366/3662] LR: 0.000034, Loss: -0.0336
2026-05-31 04:16:20 - tokenizer_training_rank_0 - INFO -   - VQ Loss: -0.0725
  - Recon Loss Pre: 0.0028
  - Recon Loss All: 0.0017
2026-05-31 04:16:46 - tokenizer_training_rank_0 - INFO - [Epoch 8/10, Step 1466/3662] LR: 0.000033, Loss: -0.0339
2026-05-31 04:16:46 - tokenizer_training_rank_0 - INFO -   - VQ Loss: -0.0725
  - Recon Loss Pre: 0.0025
  - Recon Loss All: 0.0013
2026-05-31 04:17:17 - tokenizer_training_rank_0 - INFO - [Epoch 8/10, Step 1566/3662] LR: 0.000033, Loss: -0.0344
2026-05-31 04:17:17 - tokenizer_training_rank_0 - INFO -   - VQ Loss: -0.0725
  - Recon Loss Pre: 0.0022
  - Recon Loss All: 0.0013
2026-05-31 04:17:46 - tokenizer_training_rank_0 - INFO - [Epoch 8/10, Step 1666/3662] LR: 0.000032, Loss: -0.0342
2026-05-31 04:17:46 - tokenizer_training_rank_0 - INFO -   - VQ Loss: -0.0723
  - Recon Loss Pre: 0.0024
  - Recon Loss All: 0.0015
2026-05-31 04:18:13 - tokenizer_training_rank_0 - INFO - [Epoch 8/10, Step 1766/3662] LR: 0.000031, Loss: -0.0342
2026-05-31 04:18:13 - tokenizer_training_rank_0 - INFO -   - VQ Loss: -0.0724
  - Recon Loss Pre: 0.0025
  - Recon Loss All: 0.0015
2026-05-31 04:18:46 - tokenizer_training_rank_0 - INFO - [Epoch 8/10, Step 1866/3662] LR: 0.000031, Loss: -0.0338
2026-05-31 04:18:46 - tokenizer_training_rank_0 - INFO -   - VQ Loss: -0.0723
  - Recon Loss Pre: 0.0024
  - Recon Loss All: 0.0015
2026-05-31 04:19:13 - tokenizer_training_rank_0 - INFO - [Epoch 8/10, Step 1966/3662] LR: 0.000030, Loss: -0.0340
2026-05-31 04:19:13 - tokenizer_training_rank_0 - INFO -   - VQ Loss: -0.0724
  - Recon Loss Pre: 0.0028
  - Recon Loss All: 0.0015
2026-05-31 04:19:40 - tokenizer_training_rank_0 - INFO - [Epoch 8/10, Step 2066/3662] LR: 0.000030, Loss: -0.0343
2026-05-31 04:19:40 - tokenizer_training_rank_0 - INFO -   - VQ Loss: -0.0724
  - Recon Loss Pre: 0.0023
  - Recon Loss All: 0.0014
2026-05-31 04:20:06 - tokenizer_training_rank_0 - INFO - [Epoch 8/10, Step 2166/3662] LR: 0.000029, Loss: -0.0342
2026-05-31 04:20:06 - tokenizer_training_rank_0 - INFO -   - VQ Loss: -0.0725
  - Recon Loss Pre: 0.0025
  - Recon Loss All: 0.0013
2026-05-31 04:20:37 - tokenizer_training_rank_0 - INFO - [Epoch 8/10, Step 2266/3662] LR: 0.000028, Loss: -0.0342
2026-05-31 04:20:37 - tokenizer_training_rank_0 - INFO -   - VQ Loss: -0.0724
  - Recon Loss Pre: 0.0041
  - Recon Loss All: 0.0015
2026-05-31 04:21:05 - tokenizer_training_rank_0 - INFO - [Epoch 8/10, Step 2366/3662] LR: 0.000028, Loss: -0.0344
2026-05-31 04:21:05 - tokenizer_training_rank_0 - INFO -   - VQ Loss: -0.0724
  - Recon Loss Pre: 0.0025
  - Recon Loss All: 0.0016
2026-05-31 04:21:31 - tokenizer_training_rank_0 - INFO - [Epoch 8/10, Step 2466/3662] LR: 0.000027, Loss: -0.0343
2026-05-31 04:21:31 - tokenizer_training_rank_0 - INFO -   - VQ Loss: -0.0723
  - Recon Loss Pre: 0.0028
  - Recon Loss All: 0.0020
2026-05-31 04:21:58 - tokenizer_training_rank_0 - INFO - [Epoch 8/10, Step 2566/3662] LR: 0.000026, Loss: -0.0341
2026-05-31 04:21:58 - tokenizer_training_rank_0 - INFO -   - VQ Loss: -0.0725
  - Recon Loss Pre: 0.0023
  - Recon Loss All: 0.0015
2026-05-31 04:22:24 - tokenizer_training_rank_0 - INFO - [Epoch 8/10, Step 2666/3662] LR: 0.000026, Loss: -0.0340
2026-05-31 04:22:24 - tokenizer_training_rank_0 - INFO -   - VQ Loss: -0.0723
  - Recon Loss Pre: 0.0030
  - Recon Loss All: 0.0017
2026-05-31 04:22:50 - tokenizer_training_rank_0 - INFO - [Epoch 8/10, Step 2766/3662] LR: 0.000025, Loss: -0.0342
2026-05-31 04:22:50 - tokenizer_training_rank_0 - INFO -   - VQ Loss: -0.0725
  - Recon Loss Pre: 0.0024
  - Recon Loss All: 0.0014
2026-05-31 04:23:17 - tokenizer_training_rank_0 - INFO - [Epoch 8/10, Step 2866/3662] LR: 0.000025, Loss: -0.0341
2026-05-31 04:23:17 - tokenizer_training_rank_0 - INFO -   - VQ Loss: -0.0725
  - Recon Loss Pre: 0.0021
  - Recon Loss All: 0.0013
2026-05-31 04:23:43 - tokenizer_training_rank_0 - INFO - [Epoch 8/10, Step 2966/3662] LR: 0.000024, Loss: -0.0342
2026-05-31 04:23:43 - tokenizer_training_rank_0 - INFO -   - VQ Loss: -0.0725
  - Recon Loss Pre: 0.0021
  - Recon Loss All: 0.0014
2026-05-31 04:24:10 - tokenizer_training_rank_0 - INFO - [Epoch 8/10, Step 3066/3662] LR: 0.000024, Loss: -0.0341
2026-05-31 04:24:10 - tokenizer_training_rank_0 - INFO -   - VQ Loss: -0.0725
  - Recon Loss Pre: 0.0023
  - Recon Loss All: 0.0013
2026-05-31 04:24:40 - tokenizer_training_rank_0 - INFO - [Epoch 8/10, Step 3166/3662] LR: 0.000023, Loss: -0.0344
2026-05-31 04:24:40 - tokenizer_training_rank_0 - INFO -   - VQ Loss: -0.0725
  - Recon Loss Pre: 0.0022
  - Recon Loss All: 0.0013
2026-05-31 04:25:10 - tokenizer_training_rank_0 - INFO - [Epoch 8/10, Step 3266/3662] LR: 0.000022, Loss: -0.0338
2026-05-31 04:25:10 - tokenizer_training_rank_0 - INFO -   - VQ Loss: -0.0725
  - Recon Loss Pre: 0.0024
  - Recon Loss All: 0.0015
2026-05-31 04:25:38 - tokenizer_training_rank_0 - INFO - [Epoch 8/10, Step 3366/3662] LR: 0.000022, Loss: -0.0341
2026-05-31 04:25:38 - tokenizer_training_rank_0 - INFO -   - VQ Loss: -0.0724
  - Recon Loss Pre: 0.0029
  - Recon Loss All: 0.0014
2026-05-31 04:26:03 - tokenizer_training_rank_0 - INFO - [Epoch 8/10, Step 3466/3662] LR: 0.000021, Loss: -0.0335
2026-05-31 04:26:03 - tokenizer_training_rank_0 - INFO -   - VQ Loss: -0.0723
  - Recon Loss Pre: 0.0045
  - Recon Loss All: 0.0016
2026-05-31 04:26:28 - tokenizer_training_rank_0 - INFO - [Epoch 8/10, Step 3566/3662] LR: 0.000021, Loss: -0.0342
2026-05-31 04:26:28 - tokenizer_training_rank_0 - INFO -   - VQ Loss: -0.0723
  - Recon Loss Pre: 0.0028
  - Recon Loss All: 0.0016
[Epoch 8/10, Step 66/3662] LR: 0.000043, Loss: -0.0341
  - VQ Loss: -0.0725
  - Recon Loss Pre: 0.0022
  - Recon Loss All: 0.0014
[Epoch 8/10, Step 166/3662] LR: 0.000042, Loss: -0.0344
  - VQ Loss: -0.0725
  - Recon Loss Pre: 0.0023
  - Recon Loss All: 0.0013
[Epoch 8/10, Step 266/3662] LR: 0.000042, Loss: -0.0332
  - VQ Loss: -0.0721
  - Recon Loss Pre: 0.0045
  - Recon Loss All: 0.0020
[Epoch 8/10, Step 366/3662] LR: 0.000041, Loss: -0.0342
  - VQ Loss: -0.0726
  - Recon Loss Pre: 0.0021
  - Recon Loss All: 0.0013
[Epoch 8/10, Step 466/3662] LR: 0.000040, Loss: -0.0345
  - VQ Loss: -0.0727
  - Recon Loss Pre: 0.0021
  - Recon Loss All: 0.0012
[Epoch 8/10, Step 566/3662] LR: 0.000040, Loss: -0.0344
  - VQ Loss: -0.0725
  - Recon Loss Pre: 0.0022
  - Recon Loss All: 0.0014
[Epoch 8/10, Step 666/3662] LR: 0.000039, Loss: -0.0338
  - VQ Loss: -0.0723
  - Recon Loss Pre: 0.0031
  - Recon Loss All: 0.0015
[Epoch 8/10, Step 766/3662] LR: 0.000038, Loss: -0.0342
  - VQ Loss: -0.0726
  - Recon Loss Pre: 0.0023
  - Recon Loss All: 0.0013
[Epoch 8/10, Step 866/3662] LR: 0.000037, Loss: -0.0343
  - VQ Loss: -0.0726
  - Recon Loss Pre: 0.0027
  - Recon Loss All: 0.0013
[Epoch 8/10, Step 966/3662] LR: 0.000037, Loss: -0.0343
  - VQ Loss: -0.0724
  - Recon Loss Pre: 0.0025
  - Recon Loss All: 0.0014
[Epoch 8/10, Step 1066/3662] LR: 0.000036, Loss: -0.0342
  - VQ Loss: -0.0724
  - Recon Loss Pre: 0.0023
  - Recon Loss All: 0.0013
[Epoch 8/10, Step 1166/3662] LR: 0.000035, Loss: -0.0332
  - VQ Loss: -0.0724
  - Recon Loss Pre: 0.0034
  - Recon Loss All: 0.0016
[Epoch 8/10, Step 1266/3662] LR: 0.000035, Loss: -0.0342
  - VQ Loss: -0.0724
  - Recon Loss Pre: 0.0025
  - Recon Loss All: 0.0014
[Epoch 8/10, Step 1366/3662] LR: 0.000034, Loss: -0.0336
  - VQ Loss: -0.0725
  - Recon Loss Pre: 0.0028
  - Recon Loss All: 0.0017
[Epoch 8/10, Step 1466/3662] LR: 0.000033, Loss: -0.0339
  - VQ Loss: -0.0725
  - Recon Loss Pre: 0.0025
  - Recon Loss All: 0.0013
[Epoch 8/10, Step 1566/3662] LR: 0.000033, Loss: -0.0344
  - VQ Loss: -0.0725
  - Recon Loss Pre: 0.0022
  - Recon Loss All: 0.0013
[Epoch 8/10, Step 1666/3662] LR: 0.000032, Loss: -0.0342
  - VQ Loss: -0.0723
  - Recon Loss Pre: 0.0024
  - Recon Loss All: 0.0015
[Epoch 8/10, Step 1766/3662] LR: 0.000031, Loss: -0.0342
  - VQ Loss: -0.0724
  - Recon Loss Pre: 0.0025
  - Recon Loss All: 0.0015
[Epoch 8/10, Step 1866/3662] LR: 0.000031, Loss: -0.0338
  - VQ Loss: -0.0723
  - Recon Loss Pre: 0.0024
  - Recon Loss All: 0.0015
[Epoch 8/10, Step 1966/3662] LR: 0.000030, Loss: -0.0340
  - VQ Loss: -0.0724
  - Recon Loss Pre: 0.0028
  - Recon Loss All: 0.0015
[Epoch 8/10, Step 2066/3662] LR: 0.000030, Loss: -0.0343
  - VQ Loss: -0.0724
  - Recon Loss Pre: 0.0023
  - Recon Loss All: 0.0014
[Epoch 8/10, Step 2166/3662] LR: 0.000029, Loss: -0.0342
  - VQ Loss: -0.0725
  - Recon Loss Pre: 0.0025
  - Recon Loss All: 0.0013
[Epoch 8/10, Step 2266/3662] LR: 0.000028, Loss: -0.0342
  - VQ Loss: -0.0724
  - Recon Loss Pre: 0.0041
  - Recon Loss All: 0.0015
[Epoch 8/10, Step 2366/3662] LR: 0.000028, Loss: -0.0344
  - VQ Loss: -0.0724
  - Recon Loss Pre: 0.0025
  - Recon Loss All: 0.0016
[Epoch 8/10, Step 2466/3662] LR: 0.000027, Loss: -0.0343
  - VQ Loss: -0.0723
  - Recon Loss Pre: 0.0028
  - Recon Loss All: 0.0020
[Epoch 8/10, Step 2566/3662] LR: 0.000026, Loss: -0.0341
  - VQ Loss: -0.0725
  - Recon Loss Pre: 0.0023
  - Recon Loss All: 0.0015
[Epoch 8/10, Step 2666/3662] LR: 0.000026, Loss: -0.0340
  - VQ Loss: -0.0723
  - Recon Loss Pre: 0.0030
  - Recon Loss All: 0.0017
[Epoch 8/10, Step 2766/3662] LR: 0.000025, Loss: -0.0342
  - VQ Loss: -0.0725
  - Recon Loss Pre: 0.0024
  - Recon Loss All: 0.0014
[Epoch 8/10, Step 2866/3662] LR: 0.000025, Loss: -0.0341
  - VQ Loss: -0.0725
  - Recon Loss Pre: 0.0021
  - Recon Loss All: 0.0013
[Epoch 8/10, Step 2966/3662] LR: 0.000024, Loss: -0.0342
  - VQ Loss: -0.0725
  - Recon Loss Pre: 0.0021
  - Recon Loss All: 0.0014
[Epoch 8/10, Step 3066/3662] LR: 0.000024, Loss: -0.0341
  - VQ Loss: -0.0725
  - Recon Loss Pre: 0.0023
  - Recon Loss All: 0.0013
[Epoch 8/10, Step 3166/3662] LR: 0.000023, Loss: -0.0344
  - VQ Loss: -0.0725
  - Recon Loss Pre: 0.0022
  - Recon Loss All: 0.0013
[Epoch 8/10, Step 3266/3662] LR: 0.000022, Loss: -0.0338
  - VQ Loss: -0.0725
  - Recon Loss Pre: 0.0024
  - Recon Loss All: 0.0015
[Epoch 8/10, Step 3366/3662] LR: 0.000022, Loss: -0.0341
  - VQ Loss: -0.0724
  - Recon Loss Pre: 0.0029
  - Recon Loss All: 0.0014
[Epoch 8/10, Step 3466/3662] LR: 0.000021, Loss: -0.0335
  - VQ Loss: -0.0723
  - Recon Loss Pre: 0.0045
  - Recon Loss All: 0.0016
[Epoch 8/10, Step 3566/3662] LR: 0.000021, Loss: -0.0342
  - VQ Loss: -0.0723
  - Recon Loss Pre: 0.0028
  - Recon Loss All: 0.0016
2026-05-31 04:27:20 - tokenizer_training_rank_0 - INFO - 
--- Epoch 8/10 Summary ---
Validation Loss: 0.0015
Epoch Time: 0:18:02
Total Training Time: 0:18:02


--- Epoch 8/10 Summary ---
Validation Loss: 0.0015
Epoch Time: 0:18:02
Total Training Time: 0:18:02

2026-05-31 04:27:21 - tokenizer_training_rank_0 - INFO - [Epoch 9/10, Step 4/3662] LR: 0.000020, Loss: -0.0339
2026-05-31 04:27:21 - tokenizer_training_rank_0 - INFO -   - VQ Loss: -0.0722
  - Recon Loss Pre: 0.0028
  - Recon Loss All: 0.0015
2026-05-31 04:27:49 - tokenizer_training_rank_0 - INFO - [Epoch 9/10, Step 104/3662] LR: 0.000020, Loss: -0.0340
2026-05-31 04:27:49 - tokenizer_training_rank_0 - INFO -   - VQ Loss: -0.0722
  - Recon Loss Pre: 0.0032
  - Recon Loss All: 0.0017
2026-05-31 04:28:14 - tokenizer_training_rank_0 - INFO - [Epoch 9/10, Step 204/3662] LR: 0.000019, Loss: -0.0337
2026-05-31 04:28:14 - tokenizer_training_rank_0 - INFO -   - VQ Loss: -0.0724
  - Recon Loss Pre: 0.0028
  - Recon Loss All: 0.0015
2026-05-31 04:28:39 - tokenizer_training_rank_0 - INFO - [Epoch 9/10, Step 304/3662] LR: 0.000019, Loss: -0.0336
2026-05-31 04:28:39 - tokenizer_training_rank_0 - INFO -   - VQ Loss: -0.0724
  - Recon Loss Pre: 0.0057
  - Recon Loss All: 0.0015
2026-05-31 04:29:04 - tokenizer_training_rank_0 - INFO - [Epoch 9/10, Step 404/3662] LR: 0.000018, Loss: -0.0343
2026-05-31 04:29:04 - tokenizer_training_rank_0 - INFO -   - VQ Loss: -0.0724
  - Recon Loss Pre: 0.0024
  - Recon Loss All: 0.0013
2026-05-31 04:29:29 - tokenizer_training_rank_0 - INFO - [Epoch 9/10, Step 504/3662] LR: 0.000018, Loss: -0.0329
2026-05-31 04:29:29 - tokenizer_training_rank_0 - INFO -   - VQ Loss: -0.0720
  - Recon Loss Pre: 0.0035
  - Recon Loss All: 0.0018
2026-05-31 04:29:53 - tokenizer_training_rank_0 - INFO - [Epoch 9/10, Step 604/3662] LR: 0.000017, Loss: -0.0341
2026-05-31 04:29:53 - tokenizer_training_rank_0 - INFO -   - VQ Loss: -0.0725
  - Recon Loss Pre: 0.0024
  - Recon Loss All: 0.0014
2026-05-31 04:30:18 - tokenizer_training_rank_0 - INFO - [Epoch 9/10, Step 704/3662] LR: 0.000017, Loss: -0.0341
2026-05-31 04:30:18 - tokenizer_training_rank_0 - INFO -   - VQ Loss: -0.0725
  - Recon Loss Pre: 0.0022
  - Recon Loss All: 0.0014
2026-05-31 04:30:43 - tokenizer_training_rank_0 - INFO - [Epoch 9/10, Step 804/3662] LR: 0.000016, Loss: -0.0334
2026-05-31 04:30:43 - tokenizer_training_rank_0 - INFO -   - VQ Loss: -0.0724
  - Recon Loss Pre: 0.0046
  - Recon Loss All: 0.0013
2026-05-31 04:31:13 - tokenizer_training_rank_0 - INFO - [Epoch 9/10, Step 904/3662] LR: 0.000016, Loss: -0.0342
2026-05-31 04:31:13 - tokenizer_training_rank_0 - INFO -   - VQ Loss: -0.0726
  - Recon Loss Pre: 0.0021
  - Recon Loss All: 0.0013
2026-05-31 04:31:38 - tokenizer_training_rank_0 - INFO - [Epoch 9/10, Step 1004/3662] LR: 0.000015, Loss: -0.0341
2026-05-31 04:31:38 - tokenizer_training_rank_0 - INFO -   - VQ Loss: -0.0723
  - Recon Loss Pre: 0.0027
  - Recon Loss All: 0.0019
2026-05-31 04:32:03 - tokenizer_training_rank_0 - INFO - [Epoch 9/10, Step 1104/3662] LR: 0.000015, Loss: -0.0343
2026-05-31 04:32:03 - tokenizer_training_rank_0 - INFO -   - VQ Loss: -0.0724
  - Recon Loss Pre: 0.0025
  - Recon Loss All: 0.0016
2026-05-31 04:32:27 - tokenizer_training_rank_0 - INFO - [Epoch 9/10, Step 1204/3662] LR: 0.000014, Loss: -0.0337
2026-05-31 04:32:27 - tokenizer_training_rank_0 - INFO -   - VQ Loss: -0.0723
  - Recon Loss Pre: 0.0034
  - Recon Loss All: 0.0017
2026-05-31 04:32:52 - tokenizer_training_rank_0 - INFO - [Epoch 9/10, Step 1304/3662] LR: 0.000014, Loss: -0.0339
2026-05-31 04:32:52 - tokenizer_training_rank_0 - INFO -   - VQ Loss: -0.0726
  - Recon Loss Pre: 0.0021
  - Recon Loss All: 0.0014
2026-05-31 04:33:17 - tokenizer_training_rank_0 - INFO - [Epoch 9/10, Step 1404/3662] LR: 0.000013, Loss: -0.0340
2026-05-31 04:33:17 - tokenizer_training_rank_0 - INFO -   - VQ Loss: -0.0723
  - Recon Loss Pre: 0.0024
  - Recon Loss All: 0.0015
2026-05-31 04:33:41 - tokenizer_training_rank_0 - INFO - [Epoch 9/10, Step 1504/3662] LR: 0.000013, Loss: -0.0340
2026-05-31 04:33:41 - tokenizer_training_rank_0 - INFO -   - VQ Loss: -0.0723
  - Recon Loss Pre: 0.0036
  - Recon Loss All: 0.0017
2026-05-31 04:34:05 - tokenizer_training_rank_0 - INFO - [Epoch 9/10, Step 1604/3662] LR: 0.000013, Loss: -0.0343
2026-05-31 04:34:05 - tokenizer_training_rank_0 - INFO -   - VQ Loss: -0.0725
  - Recon Loss Pre: 0.0019
  - Recon Loss All: 0.0013
2026-05-31 04:34:29 - tokenizer_training_rank_0 - INFO - [Epoch 9/10, Step 1704/3662] LR: 0.000012, Loss: -0.0344
2026-05-31 04:34:29 - tokenizer_training_rank_0 - INFO -   - VQ Loss: -0.0723
  - Recon Loss Pre: 0.0023
  - Recon Loss All: 0.0014
2026-05-31 04:34:51 - tokenizer_training_rank_0 - INFO - [Epoch 9/10, Step 1804/3662] LR: 0.000012, Loss: -0.0343
2026-05-31 04:34:51 - tokenizer_training_rank_0 - INFO -   - VQ Loss: -0.0725
  - Recon Loss Pre: 0.0023
  - Recon Loss All: 0.0014
2026-05-31 04:35:12 - tokenizer_training_rank_0 - INFO - [Epoch 9/10, Step 1904/3662] LR: 0.000011, Loss: -0.0343
2026-05-31 04:35:12 - tokenizer_training_rank_0 - INFO -   - VQ Loss: -0.0725
  - Recon Loss Pre: 0.0026
  - Recon Loss All: 0.0013
2026-05-31 04:35:34 - tokenizer_training_rank_0 - INFO - [Epoch 9/10, Step 2004/3662] LR: 0.000011, Loss: -0.0341
2026-05-31 04:35:34 - tokenizer_training_rank_0 - INFO -   - VQ Loss: -0.0725
  - Recon Loss Pre: 0.0022
  - Recon Loss All: 0.0014
2026-05-31 04:35:55 - tokenizer_training_rank_0 - INFO - [Epoch 9/10, Step 2104/3662] LR: 0.000010, Loss: -0.0342
2026-05-31 04:35:55 - tokenizer_training_rank_0 - INFO -   - VQ Loss: -0.0725
  - Recon Loss Pre: 0.0024
  - Recon Loss All: 0.0016
2026-05-31 04:36:16 - tokenizer_training_rank_0 - INFO - [Epoch 9/10, Step 2204/3662] LR: 0.000010, Loss: -0.0341
2026-05-31 04:36:16 - tokenizer_training_rank_0 - INFO -   - VQ Loss: -0.0724
  - Recon Loss Pre: 0.0023
  - Recon Loss All: 0.0014
2026-05-31 04:36:37 - tokenizer_training_rank_0 - INFO - [Epoch 9/10, Step 2304/3662] LR: 0.000010, Loss: -0.0340
2026-05-31 04:36:37 - tokenizer_training_rank_0 - INFO -   - VQ Loss: -0.0724
  - Recon Loss Pre: 0.0029
  - Recon Loss All: 0.0013
2026-05-31 04:36:58 - tokenizer_training_rank_0 - INFO - [Epoch 9/10, Step 2404/3662] LR: 0.000009, Loss: -0.0335
2026-05-31 04:36:58 - tokenizer_training_rank_0 - INFO -   - VQ Loss: -0.0722
  - Recon Loss Pre: 0.0033
  - Recon Loss All: 0.0017
2026-05-31 04:37:19 - tokenizer_training_rank_0 - INFO - [Epoch 9/10, Step 2504/3662] LR: 0.000009, Loss: -0.0333
2026-05-31 04:37:19 - tokenizer_training_rank_0 - INFO -   - VQ Loss: -0.0723
  - Recon Loss Pre: 0.0053
  - Recon Loss All: 0.0015
2026-05-31 04:37:41 - tokenizer_training_rank_0 - INFO - [Epoch 9/10, Step 2604/3662] LR: 0.000009, Loss: -0.0331
2026-05-31 04:37:41 - tokenizer_training_rank_0 - INFO -   - VQ Loss: -0.0722
  - Recon Loss Pre: 0.0027
  - Recon Loss All: 0.0016
2026-05-31 04:38:02 - tokenizer_training_rank_0 - INFO - [Epoch 9/10, Step 2704/3662] LR: 0.000008, Loss: -0.0337
2026-05-31 04:38:02 - tokenizer_training_rank_0 - INFO -   - VQ Loss: -0.0724
  - Recon Loss Pre: 0.0028
  - Recon Loss All: 0.0015
2026-05-31 04:38:23 - tokenizer_training_rank_0 - INFO - [Epoch 9/10, Step 2804/3662] LR: 0.000008, Loss: -0.0338
2026-05-31 04:38:23 - tokenizer_training_rank_0 - INFO -   - VQ Loss: -0.0723
  - Recon Loss Pre: 0.0028
  - Recon Loss All: 0.0016
2026-05-31 04:38:45 - tokenizer_training_rank_0 - INFO - [Epoch 9/10, Step 2904/3662] LR: 0.000008, Loss: -0.0339
2026-05-31 04:38:45 - tokenizer_training_rank_0 - INFO -   - VQ Loss: -0.0724
  - Recon Loss Pre: 0.0034
  - Recon Loss All: 0.0015
2026-05-31 04:39:06 - tokenizer_training_rank_0 - INFO - [Epoch 9/10, Step 3004/3662] LR: 0.000007, Loss: -0.0339
2026-05-31 04:39:06 - tokenizer_training_rank_0 - INFO -   - VQ Loss: -0.0724
  - Recon Loss Pre: 0.0023
  - Recon Loss All: 0.0012
2026-05-31 04:39:28 - tokenizer_training_rank_0 - INFO - [Epoch 9/10, Step 3104/3662] LR: 0.000007, Loss: -0.0342
2026-05-31 04:39:28 - tokenizer_training_rank_0 - INFO -   - VQ Loss: -0.0725
  - Recon Loss Pre: 0.0022
  - Recon Loss All: 0.0014
2026-05-31 04:39:52 - tokenizer_training_rank_0 - INFO - [Epoch 9/10, Step 3204/3662] LR: 0.000007, Loss: -0.0341
2026-05-31 04:39:52 - tokenizer_training_rank_0 - INFO -   - VQ Loss: -0.0724
  - Recon Loss Pre: 0.0032
  - Recon Loss All: 0.0015
2026-05-31 04:40:16 - tokenizer_training_rank_0 - INFO - [Epoch 9/10, Step 3304/3662] LR: 0.000006, Loss: -0.0336
2026-05-31 04:40:16 - tokenizer_training_rank_0 - INFO -   - VQ Loss: -0.0724
  - Recon Loss Pre: 0.0032
  - Recon Loss All: 0.0015
2026-05-31 04:40:41 - tokenizer_training_rank_0 - INFO - [Epoch 9/10, Step 3404/3662] LR: 0.000006, Loss: -0.0337
2026-05-31 04:40:41 - tokenizer_training_rank_0 - INFO -   - VQ Loss: -0.0724
  - Recon Loss Pre: 0.0024
  - Recon Loss All: 0.0015
2026-05-31 04:41:04 - tokenizer_training_rank_0 - INFO - [Epoch 9/10, Step 3504/3662] LR: 0.000006, Loss: -0.0339
2026-05-31 04:41:04 - tokenizer_training_rank_0 - INFO -   - VQ Loss: -0.0724
  - Recon Loss Pre: 0.0027
  - Recon Loss All: 0.0016
2026-05-31 04:41:28 - tokenizer_training_rank_0 - INFO - [Epoch 9/10, Step 3604/3662] LR: 0.000005, Loss: -0.0340
2026-05-31 04:41:28 - tokenizer_training_rank_0 - INFO -   - VQ Loss: -0.0724
  - Recon Loss Pre: 0.0026
  - Recon Loss All: 0.0014
[Epoch 9/10, Step 4/3662] LR: 0.000020, Loss: -0.0339
  - VQ Loss: -0.0722
  - Recon Loss Pre: 0.0028
  - Recon Loss All: 0.0015
[Epoch 9/10, Step 104/3662] LR: 0.000020, Loss: -0.0340
  - VQ Loss: -0.0722
  - Recon Loss Pre: 0.0032
  - Recon Loss All: 0.0017
[Epoch 9/10, Step 204/3662] LR: 0.000019, Loss: -0.0337
  - VQ Loss: -0.0724
  - Recon Loss Pre: 0.0028
  - Recon Loss All: 0.0015
[Epoch 9/10, Step 304/3662] LR: 0.000019, Loss: -0.0336
  - VQ Loss: -0.0724
  - Recon Loss Pre: 0.0057
  - Recon Loss All: 0.0015
[Epoch 9/10, Step 404/3662] LR: 0.000018, Loss: -0.0343
  - VQ Loss: -0.0724
  - Recon Loss Pre: 0.0024
  - Recon Loss All: 0.0013
[Epoch 9/10, Step 504/3662] LR: 0.000018, Loss: -0.0329
  - VQ Loss: -0.0720
  - Recon Loss Pre: 0.0035
  - Recon Loss All: 0.0018
[Epoch 9/10, Step 604/3662] LR: 0.000017, Loss: -0.0341
  - VQ Loss: -0.0725
  - Recon Loss Pre: 0.0024
  - Recon Loss All: 0.0014
[Epoch 9/10, Step 704/3662] LR: 0.000017, Loss: -0.0341
  - VQ Loss: -0.0725
  - Recon Loss Pre: 0.0022
  - Recon Loss All: 0.0014
[Epoch 9/10, Step 804/3662] LR: 0.000016, Loss: -0.0334
  - VQ Loss: -0.0724
  - Recon Loss Pre: 0.0046
  - Recon Loss All: 0.0013
[Epoch 9/10, Step 904/3662] LR: 0.000016, Loss: -0.0342
  - VQ Loss: -0.0726
  - Recon Loss Pre: 0.0021
  - Recon Loss All: 0.0013
[Epoch 9/10, Step 1004/3662] LR: 0.000015, Loss: -0.0341
  - VQ Loss: -0.0723
  - Recon Loss Pre: 0.0027
  - Recon Loss All: 0.0019
[Epoch 9/10, Step 1104/3662] LR: 0.000015, Loss: -0.0343
  - VQ Loss: -0.0724
  - Recon Loss Pre: 0.0025
  - Recon Loss All: 0.0016
[Epoch 9/10, Step 1204/3662] LR: 0.000014, Loss: -0.0337
  - VQ Loss: -0.0723
  - Recon Loss Pre: 0.0034
  - Recon Loss All: 0.0017
[Epoch 9/10, Step 1304/3662] LR: 0.000014, Loss: -0.0339
  - VQ Loss: -0.0726
  - Recon Loss Pre: 0.0021
  - Recon Loss All: 0.0014
[Epoch 9/10, Step 1404/3662] LR: 0.000013, Loss: -0.0340
  - VQ Loss: -0.0723
  - Recon Loss Pre: 0.0024
  - Recon Loss All: 0.0015
[Epoch 9/10, Step 1504/3662] LR: 0.000013, Loss: -0.0340
  - VQ Loss: -0.0723
  - Recon Loss Pre: 0.0036
  - Recon Loss All: 0.0017
[Epoch 9/10, Step 1604/3662] LR: 0.000013, Loss: -0.0343
  - VQ Loss: -0.0725
  - Recon Loss Pre: 0.0019
  - Recon Loss All: 0.0013
[Epoch 9/10, Step 1704/3662] LR: 0.000012, Loss: -0.0344
  - VQ Loss: -0.0723
  - Recon Loss Pre: 0.0023
  - Recon Loss All: 0.0014
[Epoch 9/10, Step 1804/3662] LR: 0.000012, Loss: -0.0343
  - VQ Loss: -0.0725
  - Recon Loss Pre: 0.0023
  - Recon Loss All: 0.0014
[Epoch 9/10, Step 1904/3662] LR: 0.000011, Loss: -0.0343
  - VQ Loss: -0.0725
  - Recon Loss Pre: 0.0026
  - Recon Loss All: 0.0013
[Epoch 9/10, Step 2004/3662] LR: 0.000011, Loss: -0.0341
  - VQ Loss: -0.0725
  - Recon Loss Pre: 0.0022
  - Recon Loss All: 0.0014
[Epoch 9/10, Step 2104/3662] LR: 0.000010, Loss: -0.0342
  - VQ Loss: -0.0725
  - Recon Loss Pre: 0.0024
  - Recon Loss All: 0.0016
[Epoch 9/10, Step 2204/3662] LR: 0.000010, Loss: -0.0341
  - VQ Loss: -0.0724
  - Recon Loss Pre: 0.0023
  - Recon Loss All: 0.0014
[Epoch 9/10, Step 2304/3662] LR: 0.000010, Loss: -0.0340
  - VQ Loss: -0.0724
  - Recon Loss Pre: 0.0029
  - Recon Loss All: 0.0013
[Epoch 9/10, Step 2404/3662] LR: 0.000009, Loss: -0.0335
  - VQ Loss: -0.0722
  - Recon Loss Pre: 0.0033
  - Recon Loss All: 0.0017
[Epoch 9/10, Step 2504/3662] LR: 0.000009, Loss: -0.0333
  - VQ Loss: -0.0723
  - Recon Loss Pre: 0.0053
  - Recon Loss All: 0.0015
[Epoch 9/10, Step 2604/3662] LR: 0.000009, Loss: -0.0331
  - VQ Loss: -0.0722
  - Recon Loss Pre: 0.0027
  - Recon Loss All: 0.0016
[Epoch 9/10, Step 2704/3662] LR: 0.000008, Loss: -0.0337
  - VQ Loss: -0.0724
  - Recon Loss Pre: 0.0028
  - Recon Loss All: 0.0015
[Epoch 9/10, Step 2804/3662] LR: 0.000008, Loss: -0.0338
  - VQ Loss: -0.0723
  - Recon Loss Pre: 0.0028
  - Recon Loss All: 0.0016
[Epoch 9/10, Step 2904/3662] LR: 0.000008, Loss: -0.0339
  - VQ Loss: -0.0724
  - Recon Loss Pre: 0.0034
  - Recon Loss All: 0.0015
[Epoch 9/10, Step 3004/3662] LR: 0.000007, Loss: -0.0339
  - VQ Loss: -0.0724
  - Recon Loss Pre: 0.0023
  - Recon Loss All: 0.0012
[Epoch 9/10, Step 3104/3662] LR: 0.000007, Loss: -0.0342
  - VQ Loss: -0.0725
  - Recon Loss Pre: 0.0022
  - Recon Loss All: 0.0014
[Epoch 9/10, Step 3204/3662] LR: 0.000007, Loss: -0.0341
  - VQ Loss: -0.0724
  - Recon Loss Pre: 0.0032
  - Recon Loss All: 0.0015
[Epoch 9/10, Step 3304/3662] LR: 0.000006, Loss: -0.0336
  - VQ Loss: -0.0724
  - Recon Loss Pre: 0.0032
  - Recon Loss All: 0.0015
[Epoch 9/10, Step 3404/3662] LR: 0.000006, Loss: -0.0337
  - VQ Loss: -0.0724
  - Recon Loss Pre: 0.0024
  - Recon Loss All: 0.0015
[Epoch 9/10, Step 3504/3662] LR: 0.000006, Loss: -0.0339
  - VQ Loss: -0.0724
  - Recon Loss Pre: 0.0027
  - Recon Loss All: 0.0016
[Epoch 9/10, Step 3604/3662] LR: 0.000005, Loss: -0.0340
  - VQ Loss: -0.0724
  - Recon Loss Pre: 0.0026
  - Recon Loss All: 0.0014
2026-05-31 04:42:09 - tokenizer_training_rank_0 - INFO - 
--- Epoch 9/10 Summary ---
Validation Loss: 0.0015
Epoch Time: 0:14:48
Total Training Time: 0:14:48


--- Epoch 9/10 Summary ---
Validation Loss: 0.0015
Epoch Time: 0:14:48
Total Training Time: 0:14:48

2026-05-31 04:42:18 - tokenizer_training_rank_0 - INFO - [Epoch 10/10, Step 42/3662] LR: 0.000005, Loss: -0.0341
2026-05-31 04:42:18 - tokenizer_training_rank_0 - INFO -   - VQ Loss: -0.0724
  - Recon Loss Pre: 0.0029
  - Recon Loss All: 0.0015
2026-05-31 04:42:43 - tokenizer_training_rank_0 - INFO - [Epoch 10/10, Step 142/3662] LR: 0.000005, Loss: -0.0338
2026-05-31 04:42:43 - tokenizer_training_rank_0 - INFO -   - VQ Loss: -0.0724
  - Recon Loss Pre: 0.0022
  - Recon Loss All: 0.0014
2026-05-31 04:43:05 - tokenizer_training_rank_0 - INFO - [Epoch 10/10, Step 242/3662] LR: 0.000005, Loss: -0.0340
2026-05-31 04:43:05 - tokenizer_training_rank_0 - INFO -   - VQ Loss: -0.0724
  - Recon Loss Pre: 0.0025
  - Recon Loss All: 0.0016
2026-05-31 04:43:27 - tokenizer_training_rank_0 - INFO - [Epoch 10/10, Step 342/3662] LR: 0.000004, Loss: -0.0339
2026-05-31 04:43:27 - tokenizer_training_rank_0 - INFO -   - VQ Loss: -0.0724
  - Recon Loss Pre: 0.0038
  - Recon Loss All: 0.0017
2026-05-31 04:43:49 - tokenizer_training_rank_0 - INFO - [Epoch 10/10, Step 442/3662] LR: 0.000004, Loss: -0.0342
2026-05-31 04:43:49 - tokenizer_training_rank_0 - INFO -   - VQ Loss: -0.0725
  - Recon Loss Pre: 0.0026
  - Recon Loss All: 0.0014
2026-05-31 04:44:13 - tokenizer_training_rank_0 - INFO - [Epoch 10/10, Step 542/3662] LR: 0.000004, Loss: -0.0340
2026-05-31 04:44:13 - tokenizer_training_rank_0 - INFO -   - VQ Loss: -0.0725
  - Recon Loss Pre: 0.0023
  - Recon Loss All: 0.0014
2026-05-31 04:44:37 - tokenizer_training_rank_0 - INFO - [Epoch 10/10, Step 642/3662] LR: 0.000004, Loss: -0.0344
2026-05-31 04:44:37 - tokenizer_training_rank_0 - INFO -   - VQ Loss: -0.0722
  - Recon Loss Pre: 0.0027
  - Recon Loss All: 0.0016
2026-05-31 04:45:02 - tokenizer_training_rank_0 - INFO - [Epoch 10/10, Step 742/3662] LR: 0.000003, Loss: -0.0342
2026-05-31 04:45:02 - tokenizer_training_rank_0 - INFO -   - VQ Loss: -0.0723
  - Recon Loss Pre: 0.0028
  - Recon Loss All: 0.0016
2026-05-31 04:45:26 - tokenizer_training_rank_0 - INFO - [Epoch 10/10, Step 842/3662] LR: 0.000003, Loss: -0.0342
2026-05-31 04:45:26 - tokenizer_training_rank_0 - INFO -   - VQ Loss: -0.0725
  - Recon Loss Pre: 0.0023
  - Recon Loss All: 0.0015
2026-05-31 04:45:50 - tokenizer_training_rank_0 - INFO - [Epoch 10/10, Step 942/3662] LR: 0.000003, Loss: -0.0344
2026-05-31 04:45:50 - tokenizer_training_rank_0 - INFO -   - VQ Loss: -0.0725
  - Recon Loss Pre: 0.0022
  - Recon Loss All: 0.0013
2026-05-31 04:46:14 - tokenizer_training_rank_0 - INFO - [Epoch 10/10, Step 1042/3662] LR: 0.000003, Loss: -0.0342
2026-05-31 04:46:14 - tokenizer_training_rank_0 - INFO -   - VQ Loss: -0.0723
  - Recon Loss Pre: 0.0030
  - Recon Loss All: 0.0017
2026-05-31 04:46:38 - tokenizer_training_rank_0 - INFO - [Epoch 10/10, Step 1142/3662] LR: 0.000002, Loss: -0.0343
2026-05-31 04:46:38 - tokenizer_training_rank_0 - INFO -   - VQ Loss: -0.0724
  - Recon Loss Pre: 0.0022
  - Recon Loss All: 0.0015
2026-05-31 04:47:17 - tokenizer_training_rank_0 - INFO - [Epoch 10/10, Step 1242/3662] LR: 0.000002, Loss: -0.0344
2026-05-31 04:47:18 - tokenizer_training_rank_0 - INFO -   - VQ Loss: -0.0724
  - Recon Loss Pre: 0.0024
  - Recon Loss All: 0.0014
2026-05-31 04:47:47 - tokenizer_training_rank_0 - INFO - [Epoch 10/10, Step 1342/3662] LR: 0.000002, Loss: -0.0341
2026-05-31 04:47:47 - tokenizer_training_rank_0 - INFO -   - VQ Loss: -0.0723
  - Recon Loss Pre: 0.0028
  - Recon Loss All: 0.0017
2026-05-31 04:48:11 - tokenizer_training_rank_0 - INFO - [Epoch 10/10, Step 1442/3662] LR: 0.000002, Loss: -0.0344
2026-05-31 04:48:11 - tokenizer_training_rank_0 - INFO -   - VQ Loss: -0.0725
  - Recon Loss Pre: 0.0021
  - Recon Loss All: 0.0015
2026-05-31 04:48:34 - tokenizer_training_rank_0 - INFO - [Epoch 10/10, Step 1542/3662] LR: 0.000002, Loss: -0.0345
2026-05-31 04:48:34 - tokenizer_training_rank_0 - INFO -   - VQ Loss: -0.0725
  - Recon Loss Pre: 0.0020
  - Recon Loss All: 0.0013
2026-05-31 04:49:00 - tokenizer_training_rank_0 - INFO - [Epoch 10/10, Step 1642/3662] LR: 0.000002, Loss: -0.0344
2026-05-31 04:49:00 - tokenizer_training_rank_0 - INFO -   - VQ Loss: -0.0724
  - Recon Loss Pre: 0.0021
  - Recon Loss All: 0.0014
2026-05-31 04:49:25 - tokenizer_training_rank_0 - INFO - [Epoch 10/10, Step 1742/3662] LR: 0.000001, Loss: -0.0343
2026-05-31 04:49:25 - tokenizer_training_rank_0 - INFO -   - VQ Loss: -0.0725
  - Recon Loss Pre: 0.0028
  - Recon Loss All: 0.0013
2026-05-31 04:49:49 - tokenizer_training_rank_0 - INFO - [Epoch 10/10, Step 1842/3662] LR: 0.000001, Loss: -0.0342
2026-05-31 04:49:49 - tokenizer_training_rank_0 - INFO -   - VQ Loss: -0.0725
  - Recon Loss Pre: 0.0021
  - Recon Loss All: 0.0014
2026-05-31 04:50:14 - tokenizer_training_rank_0 - INFO - [Epoch 10/10, Step 1942/3662] LR: 0.000001, Loss: -0.0342
2026-05-31 04:50:14 - tokenizer_training_rank_0 - INFO -   - VQ Loss: -0.0725
  - Recon Loss Pre: 0.0021
  - Recon Loss All: 0.0013
2026-05-31 04:50:38 - tokenizer_training_rank_0 - INFO - [Epoch 10/10, Step 2042/3662] LR: 0.000001, Loss: -0.0341
2026-05-31 04:50:38 - tokenizer_training_rank_0 - INFO -   - VQ Loss: -0.0723
  - Recon Loss Pre: 0.0024
  - Recon Loss All: 0.0015
2026-05-31 04:51:01 - tokenizer_training_rank_0 - INFO - [Epoch 10/10, Step 2142/3662] LR: 0.000001, Loss: -0.0342
2026-05-31 04:51:01 - tokenizer_training_rank_0 - INFO -   - VQ Loss: -0.0726
  - Recon Loss Pre: 0.0041
  - Recon Loss All: 0.0013
2026-05-31 04:51:25 - tokenizer_training_rank_0 - INFO - [Epoch 10/10, Step 2242/3662] LR: 0.000001, Loss: -0.0345
2026-05-31 04:51:25 - tokenizer_training_rank_0 - INFO -   - VQ Loss: -0.0724
  - Recon Loss Pre: 0.0022
  - Recon Loss All: 0.0013
2026-05-31 04:51:48 - tokenizer_training_rank_0 - INFO - [Epoch 10/10, Step 2342/3662] LR: 0.000001, Loss: -0.0340
2026-05-31 04:51:48 - tokenizer_training_rank_0 - INFO -   - VQ Loss: -0.0725
  - Recon Loss Pre: 0.0023
  - Recon Loss All: 0.0014
2026-05-31 04:52:11 - tokenizer_training_rank_0 - INFO - [Epoch 10/10, Step 2442/3662] LR: 0.000001, Loss: -0.0343
2026-05-31 04:52:11 - tokenizer_training_rank_0 - INFO -   - VQ Loss: -0.0723
  - Recon Loss Pre: 0.0035
  - Recon Loss All: 0.0016
2026-05-31 04:52:35 - tokenizer_training_rank_0 - INFO - [Epoch 10/10, Step 2542/3662] LR: 0.000000, Loss: -0.0343
2026-05-31 04:52:35 - tokenizer_training_rank_0 - INFO -   - VQ Loss: -0.0725
  - Recon Loss Pre: 0.0024
  - Recon Loss All: 0.0013
2026-05-31 04:52:58 - tokenizer_training_rank_0 - INFO - [Epoch 10/10, Step 2642/3662] LR: 0.000000, Loss: -0.0344
2026-05-31 04:52:58 - tokenizer_training_rank_0 - INFO -   - VQ Loss: -0.0725
  - Recon Loss Pre: 0.0024
  - Recon Loss All: 0.0014
2026-05-31 04:53:21 - tokenizer_training_rank_0 - INFO - [Epoch 10/10, Step 2742/3662] LR: 0.000000, Loss: -0.0343
2026-05-31 04:53:21 - tokenizer_training_rank_0 - INFO -   - VQ Loss: -0.0725
  - Recon Loss Pre: 0.0022
  - Recon Loss All: 0.0014
2026-05-31 04:53:44 - tokenizer_training_rank_0 - INFO - [Epoch 10/10, Step 2842/3662] LR: 0.000000, Loss: -0.0343
2026-05-31 04:53:44 - tokenizer_training_rank_0 - INFO -   - VQ Loss: -0.0725
  - Recon Loss Pre: 0.0022
  - Recon Loss All: 0.0014
2026-05-31 04:54:07 - tokenizer_training_rank_0 - INFO - [Epoch 10/10, Step 2942/3662] LR: 0.000000, Loss: -0.0343
2026-05-31 04:54:07 - tokenizer_training_rank_0 - INFO -   - VQ Loss: -0.0725
  - Recon Loss Pre: 0.0023
  - Recon Loss All: 0.0014
2026-05-31 04:54:30 - tokenizer_training_rank_0 - INFO - [Epoch 10/10, Step 3042/3662] LR: 0.000000, Loss: -0.0341
2026-05-31 04:54:30 - tokenizer_training_rank_0 - INFO -   - VQ Loss: -0.0723
  - Recon Loss Pre: 0.0042
  - Recon Loss All: 0.0017
2026-05-31 04:54:53 - tokenizer_training_rank_0 - INFO - [Epoch 10/10, Step 3142/3662] LR: 0.000000, Loss: -0.0342
2026-05-31 04:54:53 - tokenizer_training_rank_0 - INFO -   - VQ Loss: -0.0723
  - Recon Loss Pre: 0.0022
  - Recon Loss All: 0.0014
2026-05-31 04:55:16 - tokenizer_training_rank_0 - INFO - [Epoch 10/10, Step 3242/3662] LR: 0.000000, Loss: -0.0345
2026-05-31 04:55:16 - tokenizer_training_rank_0 - INFO -   - VQ Loss: -0.0725
  - Recon Loss Pre: 0.0023
  - Recon Loss All: 0.0014
2026-05-31 04:55:40 - tokenizer_training_rank_0 - INFO - [Epoch 10/10, Step 3342/3662] LR: 0.000000, Loss: -0.0343
2026-05-31 04:55:40 - tokenizer_training_rank_0 - INFO -   - VQ Loss: -0.0725
  - Recon Loss Pre: 0.0020
  - Recon Loss All: 0.0014
2026-05-31 04:56:03 - tokenizer_training_rank_0 - INFO - [Epoch 10/10, Step 3442/3662] LR: 0.000000, Loss: -0.0345
2026-05-31 04:56:03 - tokenizer_training_rank_0 - INFO -   - VQ Loss: -0.0725
  - Recon Loss Pre: 0.0022
  - Recon Loss All: 0.0013
2026-05-31 04:56:25 - tokenizer_training_rank_0 - INFO - [Epoch 10/10, Step 3542/3662] LR: 0.000000, Loss: -0.0344
2026-05-31 04:56:25 - tokenizer_training_rank_0 - INFO -   - VQ Loss: -0.0726
  - Recon Loss Pre: 0.0019
  - Recon Loss All: 0.0012
2026-05-31 04:56:47 - tokenizer_training_rank_0 - INFO - [Epoch 10/10, Step 3642/3662] LR: 0.000000, Loss: -0.0345
2026-05-31 04:56:47 - tokenizer_training_rank_0 - INFO -   - VQ Loss: -0.0724
  - Recon Loss Pre: 0.0025
  - Recon Loss All: 0.0015
[Epoch 10/10, Step 42/3662] LR: 0.000005, Loss: -0.0341
  - VQ Loss: -0.0724
  - Recon Loss Pre: 0.0029
  - Recon Loss All: 0.0015
[Epoch 10/10, Step 142/3662] LR: 0.000005, Loss: -0.0338
  - VQ Loss: -0.0724
  - Recon Loss Pre: 0.0022
  - Recon Loss All: 0.0014
[Epoch 10/10, Step 242/3662] LR: 0.000005, Loss: -0.0340
  - VQ Loss: -0.0724
  - Recon Loss Pre: 0.0025
  - Recon Loss All: 0.0016
[Epoch 10/10, Step 342/3662] LR: 0.000004, Loss: -0.0339
  - VQ Loss: -0.0724
  - Recon Loss Pre: 0.0038
  - Recon Loss All: 0.0017
[Epoch 10/10, Step 442/3662] LR: 0.000004, Loss: -0.0342
  - VQ Loss: -0.0725
  - Recon Loss Pre: 0.0026
  - Recon Loss All: 0.0014
[Epoch 10/10, Step 542/3662] LR: 0.000004, Loss: -0.0340
  - VQ Loss: -0.0725
  - Recon Loss Pre: 0.0023
  - Recon Loss All: 0.0014
[Epoch 10/10, Step 642/3662] LR: 0.000004, Loss: -0.0344
  - VQ Loss: -0.0722
  - Recon Loss Pre: 0.0027
  - Recon Loss All: 0.0016
[Epoch 10/10, Step 742/3662] LR: 0.000003, Loss: -0.0342
  - VQ Loss: -0.0723
  - Recon Loss Pre: 0.0028
  - Recon Loss All: 0.0016
[Epoch 10/10, Step 842/3662] LR: 0.000003, Loss: -0.0342
  - VQ Loss: -0.0725
  - Recon Loss Pre: 0.0023
  - Recon Loss All: 0.0015
[Epoch 10/10, Step 942/3662] LR: 0.000003, Loss: -0.0344
  - VQ Loss: -0.0725
  - Recon Loss Pre: 0.0022
  - Recon Loss All: 0.0013
[Epoch 10/10, Step 1042/3662] LR: 0.000003, Loss: -0.0342
  - VQ Loss: -0.0723
  - Recon Loss Pre: 0.0030
  - Recon Loss All: 0.0017
[Epoch 10/10, Step 1142/3662] LR: 0.000002, Loss: -0.0343
  - VQ Loss: -0.0724
  - Recon Loss Pre: 0.0022
  - Recon Loss All: 0.0015
[Epoch 10/10, Step 1242/3662] LR: 0.000002, Loss: -0.0344
  - VQ Loss: -0.0724
  - Recon Loss Pre: 0.0024
  - Recon Loss All: 0.0014
[Epoch 10/10, Step 1342/3662] LR: 0.000002, Loss: -0.0341
  - VQ Loss: -0.0723
  - Recon Loss Pre: 0.0028
  - Recon Loss All: 0.0017
[Epoch 10/10, Step 1442/3662] LR: 0.000002, Loss: -0.0344
  - VQ Loss: -0.0725
  - Recon Loss Pre: 0.0021
  - Recon Loss All: 0.0015
[Epoch 10/10, Step 1542/3662] LR: 0.000002, Loss: -0.0345
  - VQ Loss: -0.0725
  - Recon Loss Pre: 0.0020
  - Recon Loss All: 0.0013
[Epoch 10/10, Step 1642/3662] LR: 0.000002, Loss: -0.0344
  - VQ Loss: -0.0724
  - Recon Loss Pre: 0.0021
  - Recon Loss All: 0.0014
[Epoch 10/10, Step 1742/3662] LR: 0.000001, Loss: -0.0343
  - VQ Loss: -0.0725
  - Recon Loss Pre: 0.0028
  - Recon Loss All: 0.0013
[Epoch 10/10, Step 1842/3662] LR: 0.000001, Loss: -0.0342
  - VQ Loss: -0.0725
  - Recon Loss Pre: 0.0021
  - Recon Loss All: 0.0014
[Epoch 10/10, Step 1942/3662] LR: 0.000001, Loss: -0.0342
  - VQ Loss: -0.0725
  - Recon Loss Pre: 0.0021
  - Recon Loss All: 0.0013
[Epoch 10/10, Step 2042/3662] LR: 0.000001, Loss: -0.0341
  - VQ Loss: -0.0723
  - Recon Loss Pre: 0.0024
  - Recon Loss All: 0.0015
[Epoch 10/10, Step 2142/3662] LR: 0.000001, Loss: -0.0342
  - VQ Loss: -0.0726
  - Recon Loss Pre: 0.0041
  - Recon Loss All: 0.0013
[Epoch 10/10, Step 2242/3662] LR: 0.000001, Loss: -0.0345
  - VQ Loss: -0.0724
  - Recon Loss Pre: 0.0022
  - Recon Loss All: 0.0013
[Epoch 10/10, Step 2342/3662] LR: 0.000001, Loss: -0.0340
  - VQ Loss: -0.0725
  - Recon Loss Pre: 0.0023
  - Recon Loss All: 0.0014
[Epoch 10/10, Step 2442/3662] LR: 0.000001, Loss: -0.0343
  - VQ Loss: -0.0723
  - Recon Loss Pre: 0.0035
  - Recon Loss All: 0.0016
[Epoch 10/10, Step 2542/3662] LR: 0.000000, Loss: -0.0343
  - VQ Loss: -0.0725
  - Recon Loss Pre: 0.0024
  - Recon Loss All: 0.0013
[Epoch 10/10, Step 2642/3662] LR: 0.000000, Loss: -0.0344
  - VQ Loss: -0.0725
  - Recon Loss Pre: 0.0024
  - Recon Loss All: 0.0014
[Epoch 10/10, Step 2742/3662] LR: 0.000000, Loss: -0.0343
  - VQ Loss: -0.0725
  - Recon Loss Pre: 0.0022
  - Recon Loss All: 0.0014
[Epoch 10/10, Step 2842/3662] LR: 0.000000, Loss: -0.0343
  - VQ Loss: -0.0725
  - Recon Loss Pre: 0.0022
  - Recon Loss All: 0.0014
[Epoch 10/10, Step 2942/3662] LR: 0.000000, Loss: -0.0343
  - VQ Loss: -0.0725
  - Recon Loss Pre: 0.0023
  - Recon Loss All: 0.0014
[Epoch 10/10, Step 3042/3662] LR: 0.000000, Loss: -0.0341
  - VQ Loss: -0.0723
  - Recon Loss Pre: 0.0042
  - Recon Loss All: 0.0017
[Epoch 10/10, Step 3142/3662] LR: 0.000000, Loss: -0.0342
  - VQ Loss: -0.0723
  - Recon Loss Pre: 0.0022
  - Recon Loss All: 0.0014
[Epoch 10/10, Step 3242/3662] LR: 0.000000, Loss: -0.0345
  - VQ Loss: -0.0725
  - Recon Loss Pre: 0.0023
  - Recon Loss All: 0.0014
[Epoch 10/10, Step 3342/3662] LR: 0.000000, Loss: -0.0343
  - VQ Loss: -0.0725
  - Recon Loss Pre: 0.0020
  - Recon Loss All: 0.0014
[Epoch 10/10, Step 3442/3662] LR: 0.000000, Loss: -0.0345
  - VQ Loss: -0.0725
  - Recon Loss Pre: 0.0022
  - Recon Loss All: 0.0013
[Epoch 10/10, Step 3542/3662] LR: 0.000000, Loss: -0.0344
  - VQ Loss: -0.0726
  - Recon Loss Pre: 0.0019
  - Recon Loss All: 0.0012
[Epoch 10/10, Step 3642/3662] LR: 0.000000, Loss: -0.0345
  - VQ Loss: -0.0724
  - Recon Loss Pre: 0.0025
  - Recon Loss All: 0.0015
2026-05-31 04:57:17 - tokenizer_training_rank_0 - INFO - 
--- Epoch 10/10 Summary ---
Validation Loss: 0.0014
Epoch Time: 0:15:08
Total Training Time: 0:15:08

2026-05-31 04:57:17 - tokenizer_training_rank_0 - INFO - Tokenizer training completed! Best validation loss: 0.0014
Training time: 174.56 minutes
Model saved to: /home/itsju/04_RESEARCH/Kronos/finetune_csv/finetuned//us_stocks_1h/tokenizer
2026-05-31 04:57:18 - basemodel_training_rank_0 - INFO - === Basemodel Training Started ===
2026-05-31 04:57:18 - basemodel_training_rank_0 - INFO - Experiment Name: us_stocks_1h
2026-05-31 04:57:18 - basemodel_training_rank_0 - INFO - Log Directory: /home/itsju/04_RESEARCH/Kronos/finetune_csv/finetuned//us_stocks_1h/logs
2026-05-31 04:57:18 - basemodel_training_rank_0 - INFO - Rank: 0
2026-05-31 04:57:18 - basemodel_training_rank_0 - INFO - Timestamp: 2026-05-31 04:57:18
2026-05-31 04:57:18 - basemodel_training_rank_0 - INFO - Loading fine-tuned tokenizer...
2026-05-31 04:57:18 - basemodel_training_rank_0 - INFO - Loading pretrained predictor...
2026-05-31 04:57:19 - basemodel_training_rank_0 - INFO - Model parameters: 24,741,376
2026-05-31 04:57:19 - basemodel_training_rank_0 - INFO - === Training Configuration ===
2026-05-31 04:57:19 - basemodel_training_rank_0 - INFO - Data path: /home/itsju/04_RESEARCH/Kronos/finetune_csv/data/us_stocks_1h_all.csv
2026-05-31 04:57:19 - basemodel_training_rank_0 - INFO - Lookback window: 512
2026-05-31 04:57:19 - basemodel_training_rank_0 - INFO - Predict window: 24
2026-05-31 04:57:19 - basemodel_training_rank_0 - INFO - Batch size: 16
2026-05-31 04:57:19 - basemodel_training_rank_0 - INFO - Learning rate: 1e-06
2026-05-31 04:57:19 - basemodel_training_rank_0 - INFO - Training epochs: 8
2026-05-31 04:57:19 - basemodel_training_rank_0 - INFO - Device: cuda:0
2026-05-31 04:57:19 - basemodel_training_rank_0 - INFO - Tokenizer path: /home/itsju/04_RESEARCH/Kronos/finetune_csv/finetuned//us_stocks_1h/tokenizer/best_model
2026-05-31 04:57:19 - basemodel_training_rank_0 - INFO - Pretrained model path: NeoQuasar/Kronos-small
2026-05-31 04:57:19 - basemodel_training_rank_0 - INFO - Starting fine-tuning training...
2026-05-31 04:57:19 - basemodel_training_rank_0 - INFO - Starting training...

--- Epoch 10/10 Summary ---
Validation Loss: 0.0014
Epoch Time: 0:15:08
Total Training Time: 0:15:08


Tokenizer training completed! Best validation loss: 0.0014
Training time: 174.56 minutes
Model saved to: /home/itsju/04_RESEARCH/Kronos/finetune_csv/finetuned//us_stocks_1h/tokenizer

============================================================
Starting Basemodel Fine-tuning Phase
============================================================
Tokenizer model exists: True
Basemodel model exists: True
Loading fine-tuned tokenizer...
Loading weights from local directory
Loading pretrained predictor...
Model parameters: 24,741,376
Starting fine-tuning training...
Creating data loaders...
Original data time range: 2024-05-31 07:00:00+00:00 to 2026-05-31 06:00:00+00:00
Original data total length: 67205 records
[TRAIN] Training set: first 59140 time points (0.88)
[TRAIN] Training set time range: 2024-05-31 07:00:00+00:00 to 2026-03-09 19:00:00+00:00
[TRAIN] Data length after split: 59140 records
[TRAIN] Data length: 59140, Available samples: 58604
Original data time range: 2024-05-31 07:00:00+00:00 to 2026-05-31 06:00:00+00:00
Original data total length: 67205 records
[VAL] Validation set: time points 59141 to 67205 (0.12)
[VAL] Validation set time range: 2026-03-09 19:00:00+00:00 to 2026-05-31 06:00:00+00:00
[VAL] Data length after split: 8065 records
[VAL] Data length: 8065, Available samples: 7529
Training set size: 58604, Validation set size: 7529
2026-05-31 04:58:05 - basemodel_training_rank_0 - INFO - [Epoch 1/8, Step 100/3662] LR: 0.000000, Loss: 5.1690
2026-05-31 04:58:50 - basemodel_training_rank_0 - INFO - [Epoch 1/8, Step 200/3662] LR: 0.000000, Loss: 5.1873
2026-05-31 04:59:36 - basemodel_training_rank_0 - INFO - [Epoch 1/8, Step 300/3662] LR: 0.000000, Loss: 5.0432
2026-05-31 05:00:21 - basemodel_training_rank_0 - INFO - [Epoch 1/8, Step 400/3662] LR: 0.000000, Loss: 5.0384
2026-05-31 05:01:06 - basemodel_training_rank_0 - INFO - [Epoch 1/8, Step 500/3662] LR: 0.000001, Loss: 4.7665
2026-05-31 05:01:51 - basemodel_training_rank_0 - INFO - [Epoch 1/8, Step 600/3662] LR: 0.000001, Loss: 4.7460
2026-05-31 05:02:34 - basemodel_training_rank_0 - INFO - [Epoch 1/8, Step 700/3662] LR: 0.000001, Loss: 4.6025
2026-05-31 05:03:17 - basemodel_training_rank_0 - INFO - [Epoch 1/8, Step 800/3662] LR: 0.000001, Loss: 4.5571
2026-05-31 05:04:21 - basemodel_training_rank_0 - INFO - [Epoch 1/8, Step 900/3662] LR: 0.000001, Loss: 4.2998
2026-05-31 05:05:26 - basemodel_training_rank_0 - INFO - [Epoch 1/8, Step 1000/3662] LR: 0.000001, Loss: 4.2743
2026-05-31 05:06:31 - basemodel_training_rank_0 - INFO - [Epoch 1/8, Step 1100/3662] LR: 0.000001, Loss: 4.2293
2026-05-31 05:07:34 - basemodel_training_rank_0 - INFO - [Epoch 1/8, Step 1200/3662] LR: 0.000001, Loss: 4.1305
2026-05-31 05:08:38 - basemodel_training_rank_0 - INFO - [Epoch 1/8, Step 1300/3662] LR: 0.000001, Loss: 4.0505
2026-05-31 05:09:41 - basemodel_training_rank_0 - INFO - [Epoch 1/8, Step 1400/3662] LR: 0.000001, Loss: 4.0486
2026-05-31 05:10:45 - basemodel_training_rank_0 - INFO - [Epoch 1/8, Step 1500/3662] LR: 0.000001, Loss: 3.9793
2026-05-31 05:11:50 - basemodel_training_rank_0 - INFO - [Epoch 1/8, Step 1600/3662] LR: 0.000001, Loss: 3.9645
2026-05-31 05:12:55 - basemodel_training_rank_0 - INFO - [Epoch 1/8, Step 1700/3662] LR: 0.000001, Loss: 3.8204
2026-05-31 05:14:00 - basemodel_training_rank_0 - INFO - [Epoch 1/8, Step 1800/3662] LR: 0.000001, Loss: 3.8027
2026-05-31 05:15:05 - basemodel_training_rank_0 - INFO - [Epoch 1/8, Step 1900/3662] LR: 0.000001, Loss: 3.7930
2026-05-31 05:16:10 - basemodel_training_rank_0 - INFO - [Epoch 1/8, Step 2000/3662] LR: 0.000001, Loss: 3.6709
2026-05-31 05:17:16 - basemodel_training_rank_0 - INFO - [Epoch 1/8, Step 2100/3662] LR: 0.000001, Loss: 3.7957
2026-05-31 05:18:21 - basemodel_training_rank_0 - INFO - [Epoch 1/8, Step 2200/3662] LR: 0.000001, Loss: 3.7008
2026-05-31 05:19:27 - basemodel_training_rank_0 - INFO - [Epoch 1/8, Step 2300/3662] LR: 0.000001, Loss: 3.6203
2026-05-31 05:20:32 - basemodel_training_rank_0 - INFO - [Epoch 1/8, Step 2400/3662] LR: 0.000001, Loss: 3.6779
2026-05-31 05:21:38 - basemodel_training_rank_0 - INFO - [Epoch 1/8, Step 2500/3662] LR: 0.000001, Loss: 3.6260
2026-05-31 05:22:43 - basemodel_training_rank_0 - INFO - [Epoch 1/8, Step 2600/3662] LR: 0.000001, Loss: 3.6182
2026-05-31 05:23:49 - basemodel_training_rank_0 - INFO - [Epoch 1/8, Step 2700/3662] LR: 0.000001, Loss: 3.5350
2026-05-31 05:24:54 - basemodel_training_rank_0 - INFO - [Epoch 1/8, Step 2800/3662] LR: 0.000001, Loss: 3.5167
2026-05-31 05:26:00 - basemodel_training_rank_0 - INFO - [Epoch 1/8, Step 2900/3662] LR: 0.000001, Loss: 3.5215
2026-05-31 05:27:05 - basemodel_training_rank_0 - INFO - [Epoch 1/8, Step 3000/3662] LR: 0.000001, Loss: 3.4448
2026-05-31 05:28:11 - basemodel_training_rank_0 - INFO - [Epoch 1/8, Step 3100/3662] LR: 0.000001, Loss: 3.4495
2026-05-31 05:29:17 - basemodel_training_rank_0 - INFO - [Epoch 1/8, Step 3200/3662] LR: 0.000001, Loss: 3.4427
2026-05-31 05:30:22 - basemodel_training_rank_0 - INFO - [Epoch 1/8, Step 3300/3662] LR: 0.000001, Loss: 3.3987
2026-05-31 05:31:28 - basemodel_training_rank_0 - INFO - [Epoch 1/8, Step 3400/3662] LR: 0.000001, Loss: 3.5117
2026-05-31 05:32:33 - basemodel_training_rank_0 - INFO - [Epoch 1/8, Step 3500/3662] LR: 0.000001, Loss: 3.3375
2026-05-31 05:33:38 - basemodel_training_rank_0 - INFO - [Epoch 1/8, Step 3600/3662] LR: 0.000001, Loss: 3.3250
[Epoch 1/8, Step 100/3662] LR: 0.000000, Loss: 5.1690
[Epoch 1/8, Step 200/3662] LR: 0.000000, Loss: 5.1873
[Epoch 1/8, Step 300/3662] LR: 0.000000, Loss: 5.0432
[Epoch 1/8, Step 400/3662] LR: 0.000000, Loss: 5.0384
[Epoch 1/8, Step 500/3662] LR: 0.000001, Loss: 4.7665
[Epoch 1/8, Step 600/3662] LR: 0.000001, Loss: 4.7460
[Epoch 1/8, Step 700/3662] LR: 0.000001, Loss: 4.6025
[Epoch 1/8, Step 800/3662] LR: 0.000001, Loss: 4.5571
[Epoch 1/8, Step 900/3662] LR: 0.000001, Loss: 4.2998
[Epoch 1/8, Step 1000/3662] LR: 0.000001, Loss: 4.2743
[Epoch 1/8, Step 1100/3662] LR: 0.000001, Loss: 4.2293
[Epoch 1/8, Step 1200/3662] LR: 0.000001, Loss: 4.1305
[Epoch 1/8, Step 1300/3662] LR: 0.000001, Loss: 4.0505
[Epoch 1/8, Step 1400/3662] LR: 0.000001, Loss: 4.0486
[Epoch 1/8, Step 1500/3662] LR: 0.000001, Loss: 3.9793
[Epoch 1/8, Step 1600/3662] LR: 0.000001, Loss: 3.9645
[Epoch 1/8, Step 1700/3662] LR: 0.000001, Loss: 3.8204
[Epoch 1/8, Step 1800/3662] LR: 0.000001, Loss: 3.8027
[Epoch 1/8, Step 1900/3662] LR: 0.000001, Loss: 3.7930
[Epoch 1/8, Step 2000/3662] LR: 0.000001, Loss: 3.6709
[Epoch 1/8, Step 2100/3662] LR: 0.000001, Loss: 3.7957
[Epoch 1/8, Step 2200/3662] LR: 0.000001, Loss: 3.7008
[Epoch 1/8, Step 2300/3662] LR: 0.000001, Loss: 3.6203
[Epoch 1/8, Step 2400/3662] LR: 0.000001, Loss: 3.6779
[Epoch 1/8, Step 2500/3662] LR: 0.000001, Loss: 3.6260
[Epoch 1/8, Step 2600/3662] LR: 0.000001, Loss: 3.6182
[Epoch 1/8, Step 2700/3662] LR: 0.000001, Loss: 3.5350
[Epoch 1/8, Step 2800/3662] LR: 0.000001, Loss: 3.5167
[Epoch 1/8, Step 2900/3662] LR: 0.000001, Loss: 3.5215
[Epoch 1/8, Step 3000/3662] LR: 0.000001, Loss: 3.4448
[Epoch 1/8, Step 3100/3662] LR: 0.000001, Loss: 3.4495
[Epoch 1/8, Step 3200/3662] LR: 0.000001, Loss: 3.4427
[Epoch 1/8, Step 3300/3662] LR: 0.000001, Loss: 3.3987
[Epoch 1/8, Step 3400/3662] LR: 0.000001, Loss: 3.5117
[Epoch 1/8, Step 3500/3662] LR: 0.000001, Loss: 3.3375
[Epoch 1/8, Step 3600/3662] LR: 0.000001, Loss: 3.3250
2026-05-31 05:36:07 - basemodel_training_rank_0 - INFO - 
--- Epoch 1/8 Summary ---
Training Loss: 4.0128
Validation Loss: 3.2314
Epoch Time: 2328.01 seconds

2026-05-31 05:36:08 - basemodel_training_rank_0 - INFO - Best model saved to: /home/itsju/04_RESEARCH/Kronos/finetune_csv/finetuned//us_stocks_1h/basemodel/best_model (validation loss: 3.2314)

--- Epoch 1/8 Summary ---
Training Loss: 4.0128
Validation Loss: 3.2314
Epoch Time: 2328.01 seconds

Best model saved to: /home/itsju/04_RESEARCH/Kronos/finetune_csv/finetuned//us_stocks_1h/basemodel/best_model (validation loss: 3.2314)
2026-05-31 05:36:33 - basemodel_training_rank_0 - INFO - [Epoch 2/8, Step 38/3662] LR: 0.000001, Loss: 3.3319
2026-05-31 05:37:38 - basemodel_training_rank_0 - INFO - [Epoch 2/8, Step 138/3662] LR: 0.000001, Loss: 3.3436
2026-05-31 05:38:44 - basemodel_training_rank_0 - INFO - [Epoch 2/8, Step 238/3662] LR: 0.000001, Loss: 3.3554
2026-05-31 05:39:49 - basemodel_training_rank_0 - INFO - [Epoch 2/8, Step 338/3662] LR: 0.000001, Loss: 3.2560
2026-05-31 05:40:55 - basemodel_training_rank_0 - INFO - [Epoch 2/8, Step 438/3662] LR: 0.000001, Loss: 3.2011
2026-05-31 05:42:00 - basemodel_training_rank_0 - INFO - [Epoch 2/8, Step 538/3662] LR: 0.000001, Loss: 3.2162
2026-05-31 05:43:06 - basemodel_training_rank_0 - INFO - [Epoch 2/8, Step 638/3662] LR: 0.000001, Loss: 3.1820
2026-05-31 05:44:11 - basemodel_training_rank_0 - INFO - [Epoch 2/8, Step 738/3662] LR: 0.000001, Loss: 3.2843
2026-05-31 05:45:17 - basemodel_training_rank_0 - INFO - [Epoch 2/8, Step 838/3662] LR: 0.000001, Loss: 3.2425
2026-05-31 05:46:23 - basemodel_training_rank_0 - INFO - [Epoch 2/8, Step 938/3662] LR: 0.000001, Loss: 3.2284
2026-05-31 05:47:48 - basemodel_training_rank_0 - INFO - [Epoch 2/8, Step 1038/3662] LR: 0.000001, Loss: 3.2093
2026-05-31 05:48:54 - basemodel_training_rank_0 - INFO - [Epoch 2/8, Step 1138/3662] LR: 0.000001, Loss: 3.1921
2026-05-31 05:50:00 - basemodel_training_rank_0 - INFO - [Epoch 2/8, Step 1238/3662] LR: 0.000001, Loss: 3.0754
2026-05-31 05:51:05 - basemodel_training_rank_0 - INFO - [Epoch 2/8, Step 1338/3662] LR: 0.000001, Loss: 3.1051
2026-05-31 05:52:11 - basemodel_training_rank_0 - INFO - [Epoch 2/8, Step 1438/3662] LR: 0.000001, Loss: 3.1649
2026-05-31 05:53:16 - basemodel_training_rank_0 - INFO - [Epoch 2/8, Step 1538/3662] LR: 0.000001, Loss: 3.1211
2026-05-31 05:54:22 - basemodel_training_rank_0 - INFO - [Epoch 2/8, Step 1638/3662] LR: 0.000001, Loss: 3.1282
2026-05-31 05:55:27 - basemodel_training_rank_0 - INFO - [Epoch 2/8, Step 1738/3662] LR: 0.000001, Loss: 3.1194
2026-05-31 05:56:32 - basemodel_training_rank_0 - INFO - [Epoch 2/8, Step 1838/3662] LR: 0.000001, Loss: 3.1166
2026-05-31 05:57:37 - basemodel_training_rank_0 - INFO - [Epoch 2/8, Step 1938/3662] LR: 0.000001, Loss: 3.1186
2026-05-31 05:58:42 - basemodel_training_rank_0 - INFO - [Epoch 2/8, Step 2038/3662] LR: 0.000001, Loss: 3.0692
2026-05-31 05:59:48 - basemodel_training_rank_0 - INFO - [Epoch 2/8, Step 2138/3662] LR: 0.000001, Loss: 3.0557
2026-05-31 06:00:53 - basemodel_training_rank_0 - INFO - [Epoch 2/8, Step 2238/3662] LR: 0.000001, Loss: 3.1717
2026-05-31 06:01:59 - basemodel_training_rank_0 - INFO - [Epoch 2/8, Step 2338/3662] LR: 0.000001, Loss: 3.0382
2026-05-31 06:03:04 - basemodel_training_rank_0 - INFO - [Epoch 2/8, Step 2438/3662] LR: 0.000001, Loss: 3.1237
2026-05-31 06:04:09 - basemodel_training_rank_0 - INFO - [Epoch 2/8, Step 2538/3662] LR: 0.000001, Loss: 3.0743
2026-05-31 06:05:15 - basemodel_training_rank_0 - INFO - [Epoch 2/8, Step 2638/3662] LR: 0.000001, Loss: 3.1063
2026-05-31 06:06:21 - basemodel_training_rank_0 - INFO - [Epoch 2/8, Step 2738/3662] LR: 0.000001, Loss: 3.1709
2026-05-31 06:07:26 - basemodel_training_rank_0 - INFO - [Epoch 2/8, Step 2838/3662] LR: 0.000001, Loss: 3.0846
2026-05-31 06:08:32 - basemodel_training_rank_0 - INFO - [Epoch 2/8, Step 2938/3662] LR: 0.000001, Loss: 3.0148
2026-05-31 06:09:38 - basemodel_training_rank_0 - INFO - [Epoch 2/8, Step 3038/3662] LR: 0.000001, Loss: 3.0498
2026-05-31 06:10:43 - basemodel_training_rank_0 - INFO - [Epoch 2/8, Step 3138/3662] LR: 0.000001, Loss: 2.9765
2026-05-31 06:11:49 - basemodel_training_rank_0 - INFO - [Epoch 2/8, Step 3238/3662] LR: 0.000001, Loss: 3.0506
2026-05-31 06:12:55 - basemodel_training_rank_0 - INFO - [Epoch 2/8, Step 3338/3662] LR: 0.000001, Loss: 2.9920
2026-05-31 06:14:00 - basemodel_training_rank_0 - INFO - [Epoch 2/8, Step 3438/3662] LR: 0.000001, Loss: 2.9736
2026-05-31 06:15:06 - basemodel_training_rank_0 - INFO - [Epoch 2/8, Step 3538/3662] LR: 0.000001, Loss: 3.0507
2026-05-31 06:16:11 - basemodel_training_rank_0 - INFO - [Epoch 2/8, Step 3638/3662] LR: 0.000001, Loss: 3.0178
[Epoch 2/8, Step 38/3662] LR: 0.000001, Loss: 3.3319
[Epoch 2/8, Step 138/3662] LR: 0.000001, Loss: 3.3436
[Epoch 2/8, Step 238/3662] LR: 0.000001, Loss: 3.3554
[Epoch 2/8, Step 338/3662] LR: 0.000001, Loss: 3.2560
[Epoch 2/8, Step 438/3662] LR: 0.000001, Loss: 3.2011
[Epoch 2/8, Step 538/3662] LR: 0.000001, Loss: 3.2162
[Epoch 2/8, Step 638/3662] LR: 0.000001, Loss: 3.1820
[Epoch 2/8, Step 738/3662] LR: 0.000001, Loss: 3.2843
[Epoch 2/8, Step 838/3662] LR: 0.000001, Loss: 3.2425
[Epoch 2/8, Step 938/3662] LR: 0.000001, Loss: 3.2284
[Epoch 2/8, Step 1038/3662] LR: 0.000001, Loss: 3.2093
[Epoch 2/8, Step 1138/3662] LR: 0.000001, Loss: 3.1921
[Epoch 2/8, Step 1238/3662] LR: 0.000001, Loss: 3.0754
[Epoch 2/8, Step 1338/3662] LR: 0.000001, Loss: 3.1051
[Epoch 2/8, Step 1438/3662] LR: 0.000001, Loss: 3.1649
[Epoch 2/8, Step 1538/3662] LR: 0.000001, Loss: 3.1211
[Epoch 2/8, Step 1638/3662] LR: 0.000001, Loss: 3.1282
[Epoch 2/8, Step 1738/3662] LR: 0.000001, Loss: 3.1194
[Epoch 2/8, Step 1838/3662] LR: 0.000001, Loss: 3.1166
[Epoch 2/8, Step 1938/3662] LR: 0.000001, Loss: 3.1186
[Epoch 2/8, Step 2038/3662] LR: 0.000001, Loss: 3.0692
[Epoch 2/8, Step 2138/3662] LR: 0.000001, Loss: 3.0557
[Epoch 2/8, Step 2238/3662] LR: 0.000001, Loss: 3.1717
[Epoch 2/8, Step 2338/3662] LR: 0.000001, Loss: 3.0382
[Epoch 2/8, Step 2438/3662] LR: 0.000001, Loss: 3.1237
[Epoch 2/8, Step 2538/3662] LR: 0.000001, Loss: 3.0743
[Epoch 2/8, Step 2638/3662] LR: 0.000001, Loss: 3.1063
[Epoch 2/8, Step 2738/3662] LR: 0.000001, Loss: 3.1709
[Epoch 2/8, Step 2838/3662] LR: 0.000001, Loss: 3.0846
[Epoch 2/8, Step 2938/3662] LR: 0.000001, Loss: 3.0148
[Epoch 2/8, Step 3038/3662] LR: 0.000001, Loss: 3.0498
[Epoch 2/8, Step 3138/3662] LR: 0.000001, Loss: 2.9765
[Epoch 2/8, Step 3238/3662] LR: 0.000001, Loss: 3.0506
[Epoch 2/8, Step 3338/3662] LR: 0.000001, Loss: 2.9920
[Epoch 2/8, Step 3438/3662] LR: 0.000001, Loss: 2.9736
[Epoch 2/8, Step 3538/3662] LR: 0.000001, Loss: 3.0507
[Epoch 2/8, Step 3638/3662] LR: 0.000001, Loss: 3.0178
2026-05-31 06:18:15 - basemodel_training_rank_0 - INFO - 
--- Epoch 2/8 Summary ---
Training Loss: 3.1114
Validation Loss: 2.9035
Epoch Time: 2527.78 seconds

2026-05-31 06:18:16 - basemodel_training_rank_0 - INFO - Best model saved to: /home/itsju/04_RESEARCH/Kronos/finetune_csv/finetuned//us_stocks_1h/basemodel/best_model (validation loss: 2.9035)

--- Epoch 2/8 Summary ---
Training Loss: 3.1114
Validation Loss: 2.9035
Epoch Time: 2527.78 seconds

Best model saved to: /home/itsju/04_RESEARCH/Kronos/finetune_csv/finetuned//us_stocks_1h/basemodel/best_model (validation loss: 2.9035)
2026-05-31 06:19:05 - basemodel_training_rank_0 - INFO - [Epoch 3/8, Step 76/3662] LR: 0.000001, Loss: 3.0166
2026-05-31 06:20:10 - basemodel_training_rank_0 - INFO - [Epoch 3/8, Step 176/3662] LR: 0.000001, Loss: 2.9591
2026-05-31 06:21:16 - basemodel_training_rank_0 - INFO - [Epoch 3/8, Step 276/3662] LR: 0.000001, Loss: 2.9667
2026-05-31 06:22:21 - basemodel_training_rank_0 - INFO - [Epoch 3/8, Step 376/3662] LR: 0.000001, Loss: 2.9306
2026-05-31 06:23:26 - basemodel_training_rank_0 - INFO - [Epoch 3/8, Step 476/3662] LR: 0.000001, Loss: 2.9716
2026-05-31 06:24:31 - basemodel_training_rank_0 - INFO - [Epoch 3/8, Step 576/3662] LR: 0.000001, Loss: 2.9732
2026-05-31 06:25:37 - basemodel_training_rank_0 - INFO - [Epoch 3/8, Step 676/3662] LR: 0.000001, Loss: 2.9600
2026-05-31 06:26:42 - basemodel_training_rank_0 - INFO - [Epoch 3/8, Step 776/3662] LR: 0.000001, Loss: 2.9511
2026-05-31 06:27:48 - basemodel_training_rank_0 - INFO - [Epoch 3/8, Step 876/3662] LR: 0.000001, Loss: 2.8854
2026-05-31 06:28:53 - basemodel_training_rank_0 - INFO - [Epoch 3/8, Step 976/3662] LR: 0.000001, Loss: 3.0536
2026-05-31 06:29:59 - basemodel_training_rank_0 - INFO - [Epoch 3/8, Step 1076/3662] LR: 0.000001, Loss: 2.9449
2026-05-31 06:31:04 - basemodel_training_rank_0 - INFO - [Epoch 3/8, Step 1176/3662] LR: 0.000001, Loss: 2.9009
2026-05-31 06:32:10 - basemodel_training_rank_0 - INFO - [Epoch 3/8, Step 1276/3662] LR: 0.000001, Loss: 2.9319
2026-05-31 06:33:16 - basemodel_training_rank_0 - INFO - [Epoch 3/8, Step 1376/3662] LR: 0.000001, Loss: 2.9394
2026-05-31 06:34:21 - basemodel_training_rank_0 - INFO - [Epoch 3/8, Step 1476/3662] LR: 0.000001, Loss: 2.9506
2026-05-31 06:35:27 - basemodel_training_rank_0 - INFO - [Epoch 3/8, Step 1576/3662] LR: 0.000001, Loss: 3.0286
2026-05-31 06:36:33 - basemodel_training_rank_0 - INFO - [Epoch 3/8, Step 1676/3662] LR: 0.000001, Loss: 2.8721
2026-05-31 06:37:38 - basemodel_training_rank_0 - INFO - [Epoch 3/8, Step 1776/3662] LR: 0.000001, Loss: 2.9371
2026-05-31 06:38:44 - basemodel_training_rank_0 - INFO - [Epoch 3/8, Step 1876/3662] LR: 0.000001, Loss: 3.0106
2026-05-31 06:39:49 - basemodel_training_rank_0 - INFO - [Epoch 3/8, Step 1976/3662] LR: 0.000001, Loss: 2.8894
2026-05-31 06:40:54 - basemodel_training_rank_0 - INFO - [Epoch 3/8, Step 2076/3662] LR: 0.000001, Loss: 2.9818
2026-05-31 06:41:59 - basemodel_training_rank_0 - INFO - [Epoch 3/8, Step 2176/3662] LR: 0.000001, Loss: 2.9106
2026-05-31 06:43:05 - basemodel_training_rank_0 - INFO - [Epoch 3/8, Step 2276/3662] LR: 0.000001, Loss: 2.9323
2026-05-31 06:44:10 - basemodel_training_rank_0 - INFO - [Epoch 3/8, Step 2376/3662] LR: 0.000001, Loss: 2.9797
2026-05-31 06:45:15 - basemodel_training_rank_0 - INFO - [Epoch 3/8, Step 2476/3662] LR: 0.000001, Loss: 2.9832
2026-05-31 06:46:21 - basemodel_training_rank_0 - INFO - [Epoch 3/8, Step 2576/3662] LR: 0.000001, Loss: 2.9442
2026-05-31 06:47:46 - basemodel_training_rank_0 - INFO - [Epoch 3/8, Step 2676/3662] LR: 0.000001, Loss: 2.9444
2026-05-31 06:48:52 - basemodel_training_rank_0 - INFO - [Epoch 3/8, Step 2776/3662] LR: 0.000001, Loss: 2.9016
2026-05-31 06:49:57 - basemodel_training_rank_0 - INFO - [Epoch 3/8, Step 2876/3662] LR: 0.000001, Loss: 2.8728
2026-05-31 06:51:03 - basemodel_training_rank_0 - INFO - [Epoch 3/8, Step 2976/3662] LR: 0.000001, Loss: 2.9063
2026-05-31 06:52:08 - basemodel_training_rank_0 - INFO - [Epoch 3/8, Step 3076/3662] LR: 0.000001, Loss: 2.8960
2026-05-31 06:53:14 - basemodel_training_rank_0 - INFO - [Epoch 3/8, Step 3176/3662] LR: 0.000001, Loss: 2.8166
2026-05-31 06:54:20 - basemodel_training_rank_0 - INFO - [Epoch 3/8, Step 3276/3662] LR: 0.000001, Loss: 2.8483
2026-05-31 06:55:25 - basemodel_training_rank_0 - INFO - [Epoch 3/8, Step 3376/3662] LR: 0.000001, Loss: 2.9108
2026-05-31 06:56:31 - basemodel_training_rank_0 - INFO - [Epoch 3/8, Step 3476/3662] LR: 0.000001, Loss: 2.8556
2026-05-31 06:57:36 - basemodel_training_rank_0 - INFO - [Epoch 3/8, Step 3576/3662] LR: 0.000001, Loss: 2.8850
[Epoch 3/8, Step 76/3662] LR: 0.000001, Loss: 3.0166
[Epoch 3/8, Step 176/3662] LR: 0.000001, Loss: 2.9591
[Epoch 3/8, Step 276/3662] LR: 0.000001, Loss: 2.9667
[Epoch 3/8, Step 376/3662] LR: 0.000001, Loss: 2.9306
[Epoch 3/8, Step 476/3662] LR: 0.000001, Loss: 2.9716
[Epoch 3/8, Step 576/3662] LR: 0.000001, Loss: 2.9732
[Epoch 3/8, Step 676/3662] LR: 0.000001, Loss: 2.9600
[Epoch 3/8, Step 776/3662] LR: 0.000001, Loss: 2.9511
[Epoch 3/8, Step 876/3662] LR: 0.000001, Loss: 2.8854
[Epoch 3/8, Step 976/3662] LR: 0.000001, Loss: 3.0536
[Epoch 3/8, Step 1076/3662] LR: 0.000001, Loss: 2.9449
[Epoch 3/8, Step 1176/3662] LR: 0.000001, Loss: 2.9009
[Epoch 3/8, Step 1276/3662] LR: 0.000001, Loss: 2.9319
[Epoch 3/8, Step 1376/3662] LR: 0.000001, Loss: 2.9394
[Epoch 3/8, Step 1476/3662] LR: 0.000001, Loss: 2.9506
[Epoch 3/8, Step 1576/3662] LR: 0.000001, Loss: 3.0286
[Epoch 3/8, Step 1676/3662] LR: 0.000001, Loss: 2.8721
[Epoch 3/8, Step 1776/3662] LR: 0.000001, Loss: 2.9371
[Epoch 3/8, Step 1876/3662] LR: 0.000001, Loss: 3.0106
[Epoch 3/8, Step 1976/3662] LR: 0.000001, Loss: 2.8894
[Epoch 3/8, Step 2076/3662] LR: 0.000001, Loss: 2.9818
[Epoch 3/8, Step 2176/3662] LR: 0.000001, Loss: 2.9106
[Epoch 3/8, Step 2276/3662] LR: 0.000001, Loss: 2.9323
[Epoch 3/8, Step 2376/3662] LR: 0.000001, Loss: 2.9797
[Epoch 3/8, Step 2476/3662] LR: 0.000001, Loss: 2.9832
[Epoch 3/8, Step 2576/3662] LR: 0.000001, Loss: 2.9442
[Epoch 3/8, Step 2676/3662] LR: 0.000001, Loss: 2.9444
[Epoch 3/8, Step 2776/3662] LR: 0.000001, Loss: 2.9016
[Epoch 3/8, Step 2876/3662] LR: 0.000001, Loss: 2.8728
[Epoch 3/8, Step 2976/3662] LR: 0.000001, Loss: 2.9063
[Epoch 3/8, Step 3076/3662] LR: 0.000001, Loss: 2.8960
[Epoch 3/8, Step 3176/3662] LR: 0.000001, Loss: 2.8166
[Epoch 3/8, Step 3276/3662] LR: 0.000001, Loss: 2.8483
[Epoch 3/8, Step 3376/3662] LR: 0.000001, Loss: 2.9108
[Epoch 3/8, Step 3476/3662] LR: 0.000001, Loss: 2.8556
[Epoch 3/8, Step 3576/3662] LR: 0.000001, Loss: 2.8850
2026-05-31 07:00:20 - basemodel_training_rank_0 - INFO - 
--- Epoch 3/8 Summary ---
Training Loss: 2.9353
Validation Loss: 2.8126
Epoch Time: 2524.75 seconds

2026-05-31 07:00:20 - basemodel_training_rank_0 - INFO - Best model saved to: /home/itsju/04_RESEARCH/Kronos/finetune_csv/finetuned//us_stocks_1h/basemodel/best_model (validation loss: 2.8126)

--- Epoch 3/8 Summary ---
Training Loss: 2.9353
Validation Loss: 2.8126
Epoch Time: 2524.75 seconds

Best model saved to: /home/itsju/04_RESEARCH/Kronos/finetune_csv/finetuned//us_stocks_1h/basemodel/best_model (validation loss: 2.8126)
2026-05-31 07:00:30 - basemodel_training_rank_0 - INFO - [Epoch 4/8, Step 14/3662] LR: 0.000001, Loss: 2.9336
2026-05-31 07:01:35 - basemodel_training_rank_0 - INFO - [Epoch 4/8, Step 114/3662] LR: 0.000001, Loss: 2.8912
2026-05-31 07:02:40 - basemodel_training_rank_0 - INFO - [Epoch 4/8, Step 214/3662] LR: 0.000001, Loss: 2.8362
2026-05-31 07:03:45 - basemodel_training_rank_0 - INFO - [Epoch 4/8, Step 314/3662] LR: 0.000001, Loss: 2.8838
2026-05-31 07:04:50 - basemodel_training_rank_0 - INFO - [Epoch 4/8, Step 414/3662] LR: 0.000001, Loss: 2.9340
2026-05-31 07:05:56 - basemodel_training_rank_0 - INFO - [Epoch 4/8, Step 514/3662] LR: 0.000001, Loss: 3.0286
2026-05-31 07:07:01 - basemodel_training_rank_0 - INFO - [Epoch 4/8, Step 614/3662] LR: 0.000001, Loss: 2.9156
2026-05-31 07:08:07 - basemodel_training_rank_0 - INFO - [Epoch 4/8, Step 714/3662] LR: 0.000001, Loss: 2.8610
2026-05-31 07:09:12 - basemodel_training_rank_0 - INFO - [Epoch 4/8, Step 814/3662] LR: 0.000001, Loss: 2.8662
2026-05-31 07:10:17 - basemodel_training_rank_0 - INFO - [Epoch 4/8, Step 914/3662] LR: 0.000001, Loss: 2.8222
2026-05-31 07:11:23 - basemodel_training_rank_0 - INFO - [Epoch 4/8, Step 1014/3662] LR: 0.000001, Loss: 2.8417
2026-05-31 07:12:28 - basemodel_training_rank_0 - INFO - [Epoch 4/8, Step 1114/3662] LR: 0.000001, Loss: 2.9097
2026-05-31 07:13:33 - basemodel_training_rank_0 - INFO - [Epoch 4/8, Step 1214/3662] LR: 0.000001, Loss: 2.8377
2026-05-31 07:14:38 - basemodel_training_rank_0 - INFO - [Epoch 4/8, Step 1314/3662] LR: 0.000001, Loss: 2.8382
2026-05-31 07:15:44 - basemodel_training_rank_0 - INFO - [Epoch 4/8, Step 1414/3662] LR: 0.000001, Loss: 2.8249
2026-05-31 07:16:49 - basemodel_training_rank_0 - INFO - [Epoch 4/8, Step 1514/3662] LR: 0.000001, Loss: 2.8935
2026-05-31 07:17:55 - basemodel_training_rank_0 - INFO - [Epoch 4/8, Step 1614/3662] LR: 0.000001, Loss: 2.8615
2026-05-31 07:19:00 - basemodel_training_rank_0 - INFO - [Epoch 4/8, Step 1714/3662] LR: 0.000001, Loss: 2.9041
2026-05-31 07:20:05 - basemodel_training_rank_0 - INFO - [Epoch 4/8, Step 1814/3662] LR: 0.000001, Loss: 2.8680
2026-05-31 07:21:10 - basemodel_training_rank_0 - INFO - [Epoch 4/8, Step 1914/3662] LR: 0.000001, Loss: 2.8557
2026-05-31 07:22:15 - basemodel_training_rank_0 - INFO - [Epoch 4/8, Step 2014/3662] LR: 0.000001, Loss: 2.8983
2026-05-31 07:23:21 - basemodel_training_rank_0 - INFO - [Epoch 4/8, Step 2114/3662] LR: 0.000001, Loss: 2.9242
2026-05-31 07:24:26 - basemodel_training_rank_0 - INFO - [Epoch 4/8, Step 2214/3662] LR: 0.000001, Loss: 2.8675
2026-05-31 07:25:31 - basemodel_training_rank_0 - INFO - [Epoch 4/8, Step 2314/3662] LR: 0.000001, Loss: 2.8782
2026-05-31 07:26:37 - basemodel_training_rank_0 - INFO - [Epoch 4/8, Step 2414/3662] LR: 0.000001, Loss: 2.8931
2026-05-31 07:27:42 - basemodel_training_rank_0 - INFO - [Epoch 4/8, Step 2514/3662] LR: 0.000001, Loss: 2.8346
2026-05-31 07:28:47 - basemodel_training_rank_0 - INFO - [Epoch 4/8, Step 2614/3662] LR: 0.000001, Loss: 2.8098
2026-05-31 07:29:52 - basemodel_training_rank_0 - INFO - [Epoch 4/8, Step 2714/3662] LR: 0.000001, Loss: 2.9225
2026-05-31 07:30:58 - basemodel_training_rank_0 - INFO - [Epoch 4/8, Step 2814/3662] LR: 0.000001, Loss: 2.8411
2026-05-31 07:32:03 - basemodel_training_rank_0 - INFO - [Epoch 4/8, Step 2914/3662] LR: 0.000001, Loss: 2.8503
2026-05-31 07:33:08 - basemodel_training_rank_0 - INFO - [Epoch 4/8, Step 3014/3662] LR: 0.000001, Loss: 2.8126
2026-05-31 07:34:14 - basemodel_training_rank_0 - INFO - [Epoch 4/8, Step 3114/3662] LR: 0.000001, Loss: 2.8525
2026-05-31 07:35:19 - basemodel_training_rank_0 - INFO - [Epoch 4/8, Step 3214/3662] LR: 0.000001, Loss: 2.9753
2026-05-31 07:36:24 - basemodel_training_rank_0 - INFO - [Epoch 4/8, Step 3314/3662] LR: 0.000001, Loss: 2.8844
2026-05-31 07:37:30 - basemodel_training_rank_0 - INFO - [Epoch 4/8, Step 3414/3662] LR: 0.000001, Loss: 2.8527
2026-05-31 07:38:35 - basemodel_training_rank_0 - INFO - [Epoch 4/8, Step 3514/3662] LR: 0.000001, Loss: 2.8312
2026-05-31 07:39:41 - basemodel_training_rank_0 - INFO - [Epoch 4/8, Step 3614/3662] LR: 0.000001, Loss: 2.8353
[Epoch 4/8, Step 14/3662] LR: 0.000001, Loss: 2.9336
[Epoch 4/8, Step 114/3662] LR: 0.000001, Loss: 2.8912
[Epoch 4/8, Step 214/3662] LR: 0.000001, Loss: 2.8362
[Epoch 4/8, Step 314/3662] LR: 0.000001, Loss: 2.8838
[Epoch 4/8, Step 414/3662] LR: 0.000001, Loss: 2.9340
[Epoch 4/8, Step 514/3662] LR: 0.000001, Loss: 3.0286
[Epoch 4/8, Step 614/3662] LR: 0.000001, Loss: 2.9156
[Epoch 4/8, Step 714/3662] LR: 0.000001, Loss: 2.8610
[Epoch 4/8, Step 814/3662] LR: 0.000001, Loss: 2.8662
[Epoch 4/8, Step 914/3662] LR: 0.000001, Loss: 2.8222
[Epoch 4/8, Step 1014/3662] LR: 0.000001, Loss: 2.8417
[Epoch 4/8, Step 1114/3662] LR: 0.000001, Loss: 2.9097
[Epoch 4/8, Step 1214/3662] LR: 0.000001, Loss: 2.8377
[Epoch 4/8, Step 1314/3662] LR: 0.000001, Loss: 2.8382
[Epoch 4/8, Step 1414/3662] LR: 0.000001, Loss: 2.8249
[Epoch 4/8, Step 1514/3662] LR: 0.000001, Loss: 2.8935
[Epoch 4/8, Step 1614/3662] LR: 0.000001, Loss: 2.8615
[Epoch 4/8, Step 1714/3662] LR: 0.000001, Loss: 2.9041
[Epoch 4/8, Step 1814/3662] LR: 0.000001, Loss: 2.8680
[Epoch 4/8, Step 1914/3662] LR: 0.000001, Loss: 2.8557
[Epoch 4/8, Step 2014/3662] LR: 0.000001, Loss: 2.8983
[Epoch 4/8, Step 2114/3662] LR: 0.000001, Loss: 2.9242
[Epoch 4/8, Step 2214/3662] LR: 0.000001, Loss: 2.8675
[Epoch 4/8, Step 2314/3662] LR: 0.000001, Loss: 2.8782
[Epoch 4/8, Step 2414/3662] LR: 0.000001, Loss: 2.8931
[Epoch 4/8, Step 2514/3662] LR: 0.000001, Loss: 2.8346
[Epoch 4/8, Step 2614/3662] LR: 0.000001, Loss: 2.8098
[Epoch 4/8, Step 2714/3662] LR: 0.000001, Loss: 2.9225
[Epoch 4/8, Step 2814/3662] LR: 0.000001, Loss: 2.8411
[Epoch 4/8, Step 2914/3662] LR: 0.000001, Loss: 2.8503
[Epoch 4/8, Step 3014/3662] LR: 0.000001, Loss: 2.8126
[Epoch 4/8, Step 3114/3662] LR: 0.000001, Loss: 2.8525
[Epoch 4/8, Step 3214/3662] LR: 0.000001, Loss: 2.9753
[Epoch 4/8, Step 3314/3662] LR: 0.000001, Loss: 2.8844
[Epoch 4/8, Step 3414/3662] LR: 0.000001, Loss: 2.8527
[Epoch 4/8, Step 3514/3662] LR: 0.000001, Loss: 2.8312
[Epoch 4/8, Step 3614/3662] LR: 0.000001, Loss: 2.8353
2026-05-31 07:42:00 - basemodel_training_rank_0 - INFO - 
--- Epoch 4/8 Summary ---
Training Loss: 2.8702
Validation Loss: 2.7724
Epoch Time: 2499.53 seconds

2026-05-31 07:42:00 - basemodel_training_rank_0 - INFO - Best model saved to: /home/itsju/04_RESEARCH/Kronos/finetune_csv/finetuned//us_stocks_1h/basemodel/best_model (validation loss: 2.7724)

--- Epoch 4/8 Summary ---
Training Loss: 2.8702
Validation Loss: 2.7724
Epoch Time: 2499.53 seconds

Best model saved to: /home/itsju/04_RESEARCH/Kronos/finetune_csv/finetuned//us_stocks_1h/basemodel/best_model (validation loss: 2.7724)
2026-05-31 07:42:34 - basemodel_training_rank_0 - INFO - [Epoch 5/8, Step 52/3662] LR: 0.000001, Loss: 2.8418
2026-05-31 07:43:39 - basemodel_training_rank_0 - INFO - [Epoch 5/8, Step 152/3662] LR: 0.000001, Loss: 2.8907
2026-05-31 07:44:44 - basemodel_training_rank_0 - INFO - [Epoch 5/8, Step 252/3662] LR: 0.000001, Loss: 2.8291
2026-05-31 07:45:50 - basemodel_training_rank_0 - INFO - [Epoch 5/8, Step 352/3662] LR: 0.000001, Loss: 2.8098
2026-05-31 07:46:55 - basemodel_training_rank_0 - INFO - [Epoch 5/8, Step 452/3662] LR: 0.000000, Loss: 2.8561
2026-05-31 07:48:05 - basemodel_training_rank_0 - INFO - [Epoch 5/8, Step 552/3662] LR: 0.000000, Loss: 2.7970
2026-05-31 07:49:25 - basemodel_training_rank_0 - INFO - [Epoch 5/8, Step 652/3662] LR: 0.000000, Loss: 2.9363
2026-05-31 07:50:30 - basemodel_training_rank_0 - INFO - [Epoch 5/8, Step 752/3662] LR: 0.000000, Loss: 2.8848
2026-05-31 07:51:36 - basemodel_training_rank_0 - INFO - [Epoch 5/8, Step 852/3662] LR: 0.000000, Loss: 2.9106
2026-05-31 07:52:41 - basemodel_training_rank_0 - INFO - [Epoch 5/8, Step 952/3662] LR: 0.000000, Loss: 2.8176
2026-05-31 07:53:47 - basemodel_training_rank_0 - INFO - [Epoch 5/8, Step 1052/3662] LR: 0.000000, Loss: 2.7789
2026-05-31 07:54:52 - basemodel_training_rank_0 - INFO - [Epoch 5/8, Step 1152/3662] LR: 0.000000, Loss: 2.8137
2026-05-31 07:55:58 - basemodel_training_rank_0 - INFO - [Epoch 5/8, Step 1252/3662] LR: 0.000000, Loss: 2.8147
2026-05-31 07:57:03 - basemodel_training_rank_0 - INFO - [Epoch 5/8, Step 1352/3662] LR: 0.000000, Loss: 2.8366
2026-05-31 07:58:09 - basemodel_training_rank_0 - INFO - [Epoch 5/8, Step 1452/3662] LR: 0.000000, Loss: 2.8260
2026-05-31 07:59:15 - basemodel_training_rank_0 - INFO - [Epoch 5/8, Step 1552/3662] LR: 0.000000, Loss: 2.8387
2026-05-31 08:00:20 - basemodel_training_rank_0 - INFO - [Epoch 5/8, Step 1652/3662] LR: 0.000000, Loss: 2.8960
2026-05-31 08:01:26 - basemodel_training_rank_0 - INFO - [Epoch 5/8, Step 1752/3662] LR: 0.000000, Loss: 2.8252
2026-05-31 08:02:31 - basemodel_training_rank_0 - INFO - [Epoch 5/8, Step 1852/3662] LR: 0.000000, Loss: 2.7991
2026-05-31 08:03:36 - basemodel_training_rank_0 - INFO - [Epoch 5/8, Step 1952/3662] LR: 0.000000, Loss: 2.8255
2026-05-31 08:04:41 - basemodel_training_rank_0 - INFO - [Epoch 5/8, Step 2052/3662] LR: 0.000000, Loss: 2.8161
2026-05-31 08:05:46 - basemodel_training_rank_0 - INFO - [Epoch 5/8, Step 2152/3662] LR: 0.000000, Loss: 2.8552
2026-05-31 08:06:52 - basemodel_training_rank_0 - INFO - [Epoch 5/8, Step 2252/3662] LR: 0.000000, Loss: 2.8295
2026-05-31 08:07:57 - basemodel_training_rank_0 - INFO - [Epoch 5/8, Step 2352/3662] LR: 0.000000, Loss: 2.7745
2026-05-31 08:09:02 - basemodel_training_rank_0 - INFO - [Epoch 5/8, Step 2452/3662] LR: 0.000000, Loss: 2.8445
2026-05-31 08:10:07 - basemodel_training_rank_0 - INFO - [Epoch 5/8, Step 2552/3662] LR: 0.000000, Loss: 2.8860
2026-05-31 08:11:12 - basemodel_training_rank_0 - INFO - [Epoch 5/8, Step 2652/3662] LR: 0.000000, Loss: 2.8107
2026-05-31 08:12:17 - basemodel_training_rank_0 - INFO - [Epoch 5/8, Step 2752/3662] LR: 0.000000, Loss: 2.7767
2026-05-31 08:13:22 - basemodel_training_rank_0 - INFO - [Epoch 5/8, Step 2852/3662] LR: 0.000000, Loss: 2.8382
2026-05-31 08:14:27 - basemodel_training_rank_0 - INFO - [Epoch 5/8, Step 2952/3662] LR: 0.000000, Loss: 2.9303
2026-05-31 08:15:32 - basemodel_training_rank_0 - INFO - [Epoch 5/8, Step 3052/3662] LR: 0.000000, Loss: 2.8065
2026-05-31 08:16:38 - basemodel_training_rank_0 - INFO - [Epoch 5/8, Step 3152/3662] LR: 0.000000, Loss: 2.8764
2026-05-31 08:17:43 - basemodel_training_rank_0 - INFO - [Epoch 5/8, Step 3252/3662] LR: 0.000000, Loss: 2.9002
2026-05-31 08:18:48 - basemodel_training_rank_0 - INFO - [Epoch 5/8, Step 3352/3662] LR: 0.000000, Loss: 2.7782
2026-05-31 08:19:54 - basemodel_training_rank_0 - INFO - [Epoch 5/8, Step 3452/3662] LR: 0.000000, Loss: 2.8249
2026-05-31 08:20:59 - basemodel_training_rank_0 - INFO - [Epoch 5/8, Step 3552/3662] LR: 0.000000, Loss: 2.7875
2026-05-31 08:22:04 - basemodel_training_rank_0 - INFO - [Epoch 5/8, Step 3652/3662] LR: 0.000000, Loss: 2.8399
[Epoch 5/8, Step 52/3662] LR: 0.000001, Loss: 2.8418
[Epoch 5/8, Step 152/3662] LR: 0.000001, Loss: 2.8907
[Epoch 5/8, Step 252/3662] LR: 0.000001, Loss: 2.8291
[Epoch 5/8, Step 352/3662] LR: 0.000001, Loss: 2.8098
[Epoch 5/8, Step 452/3662] LR: 0.000000, Loss: 2.8561
[Epoch 5/8, Step 552/3662] LR: 0.000000, Loss: 2.7970
[Epoch 5/8, Step 652/3662] LR: 0.000000, Loss: 2.9363
[Epoch 5/8, Step 752/3662] LR: 0.000000, Loss: 2.8848
[Epoch 5/8, Step 852/3662] LR: 0.000000, Loss: 2.9106
[Epoch 5/8, Step 952/3662] LR: 0.000000, Loss: 2.8176
[Epoch 5/8, Step 1052/3662] LR: 0.000000, Loss: 2.7789
[Epoch 5/8, Step 1152/3662] LR: 0.000000, Loss: 2.8137
[Epoch 5/8, Step 1252/3662] LR: 0.000000, Loss: 2.8147
[Epoch 5/8, Step 1352/3662] LR: 0.000000, Loss: 2.8366
[Epoch 5/8, Step 1452/3662] LR: 0.000000, Loss: 2.8260
[Epoch 5/8, Step 1552/3662] LR: 0.000000, Loss: 2.8387
[Epoch 5/8, Step 1652/3662] LR: 0.000000, Loss: 2.8960
[Epoch 5/8, Step 1752/3662] LR: 0.000000, Loss: 2.8252
[Epoch 5/8, Step 1852/3662] LR: 0.000000, Loss: 2.7991
[Epoch 5/8, Step 1952/3662] LR: 0.000000, Loss: 2.8255
[Epoch 5/8, Step 2052/3662] LR: 0.000000, Loss: 2.8161
[Epoch 5/8, Step 2152/3662] LR: 0.000000, Loss: 2.8552
[Epoch 5/8, Step 2252/3662] LR: 0.000000, Loss: 2.8295
[Epoch 5/8, Step 2352/3662] LR: 0.000000, Loss: 2.7745
[Epoch 5/8, Step 2452/3662] LR: 0.000000, Loss: 2.8445
[Epoch 5/8, Step 2552/3662] LR: 0.000000, Loss: 2.8860
[Epoch 5/8, Step 2652/3662] LR: 0.000000, Loss: 2.8107
[Epoch 5/8, Step 2752/3662] LR: 0.000000, Loss: 2.7767
[Epoch 5/8, Step 2852/3662] LR: 0.000000, Loss: 2.8382
[Epoch 5/8, Step 2952/3662] LR: 0.000000, Loss: 2.9303
[Epoch 5/8, Step 3052/3662] LR: 0.000000, Loss: 2.8065
[Epoch 5/8, Step 3152/3662] LR: 0.000000, Loss: 2.8764
[Epoch 5/8, Step 3252/3662] LR: 0.000000, Loss: 2.9002
[Epoch 5/8, Step 3352/3662] LR: 0.000000, Loss: 2.7782
[Epoch 5/8, Step 3452/3662] LR: 0.000000, Loss: 2.8249
[Epoch 5/8, Step 3552/3662] LR: 0.000000, Loss: 2.7875
[Epoch 5/8, Step 3652/3662] LR: 0.000000, Loss: 2.8399
2026-05-31 08:23:59 - basemodel_training_rank_0 - INFO - 
--- Epoch 5/8 Summary ---
Training Loss: 2.8387
Validation Loss: 2.7533
Epoch Time: 2518.75 seconds

2026-05-31 08:23:59 - basemodel_training_rank_0 - INFO - Best model saved to: /home/itsju/04_RESEARCH/Kronos/finetune_csv/finetuned//us_stocks_1h/basemodel/best_model (validation loss: 2.7533)

--- Epoch 5/8 Summary ---
Training Loss: 2.8387
Validation Loss: 2.7533
Epoch Time: 2518.75 seconds

Best model saved to: /home/itsju/04_RESEARCH/Kronos/finetune_csv/finetuned//us_stocks_1h/basemodel/best_model (validation loss: 2.7533)
2026-05-31 08:24:58 - basemodel_training_rank_0 - INFO - [Epoch 6/8, Step 90/3662] LR: 0.000000, Loss: 2.8074
2026-05-31 08:26:03 - basemodel_training_rank_0 - INFO - [Epoch 6/8, Step 190/3662] LR: 0.000000, Loss: 2.7623
2026-05-31 08:27:08 - basemodel_training_rank_0 - INFO - [Epoch 6/8, Step 290/3662] LR: 0.000000, Loss: 2.8855
2026-05-31 08:28:13 - basemodel_training_rank_0 - INFO - [Epoch 6/8, Step 390/3662] LR: 0.000000, Loss: 2.8157
2026-05-31 08:29:18 - basemodel_training_rank_0 - INFO - [Epoch 6/8, Step 490/3662] LR: 0.000000, Loss: 2.7628
2026-05-31 08:30:23 - basemodel_training_rank_0 - INFO - [Epoch 6/8, Step 590/3662] LR: 0.000000, Loss: 2.8440
2026-05-31 08:31:27 - basemodel_training_rank_0 - INFO - [Epoch 6/8, Step 690/3662] LR: 0.000000, Loss: 2.8454
2026-05-31 08:32:33 - basemodel_training_rank_0 - INFO - [Epoch 6/8, Step 790/3662] LR: 0.000000, Loss: 2.8309
2026-05-31 08:33:38 - basemodel_training_rank_0 - INFO - [Epoch 6/8, Step 890/3662] LR: 0.000000, Loss: 2.7937
2026-05-31 08:34:43 - basemodel_training_rank_0 - INFO - [Epoch 6/8, Step 990/3662] LR: 0.000000, Loss: 2.8168
2026-05-31 08:35:48 - basemodel_training_rank_0 - INFO - [Epoch 6/8, Step 1090/3662] LR: 0.000000, Loss: 2.7904
2026-05-31 08:36:53 - basemodel_training_rank_0 - INFO - [Epoch 6/8, Step 1190/3662] LR: 0.000000, Loss: 2.8611
2026-05-31 08:37:58 - basemodel_training_rank_0 - INFO - [Epoch 6/8, Step 1290/3662] LR: 0.000000, Loss: 2.8061
2026-05-31 08:39:04 - basemodel_training_rank_0 - INFO - [Epoch 6/8, Step 1390/3662] LR: 0.000000, Loss: 2.8058
2026-05-31 08:40:09 - basemodel_training_rank_0 - INFO - [Epoch 6/8, Step 1490/3662] LR: 0.000000, Loss: 2.8382
2026-05-31 08:41:15 - basemodel_training_rank_0 - INFO - [Epoch 6/8, Step 1590/3662] LR: 0.000000, Loss: 2.7652
2026-05-31 08:42:20 - basemodel_training_rank_0 - INFO - [Epoch 6/8, Step 1690/3662] LR: 0.000000, Loss: 2.7714
2026-05-31 08:43:25 - basemodel_training_rank_0 - INFO - [Epoch 6/8, Step 1790/3662] LR: 0.000000, Loss: 2.7812
2026-05-31 08:44:31 - basemodel_training_rank_0 - INFO - [Epoch 6/8, Step 1890/3662] LR: 0.000000, Loss: 2.7809
2026-05-31 08:45:36 - basemodel_training_rank_0 - INFO - [Epoch 6/8, Step 1990/3662] LR: 0.000000, Loss: 2.8365
2026-05-31 08:46:41 - basemodel_training_rank_0 - INFO - [Epoch 6/8, Step 2090/3662] LR: 0.000000, Loss: 2.8049
2026-05-31 08:47:46 - basemodel_training_rank_0 - INFO - [Epoch 6/8, Step 2190/3662] LR: 0.000000, Loss: 2.8528
2026-05-31 08:49:11 - basemodel_training_rank_0 - INFO - [Epoch 6/8, Step 2290/3662] LR: 0.000000, Loss: 2.8090
2026-05-31 08:50:16 - basemodel_training_rank_0 - INFO - [Epoch 6/8, Step 2390/3662] LR: 0.000000, Loss: 2.8506
2026-05-31 08:51:21 - basemodel_training_rank_0 - INFO - [Epoch 6/8, Step 2490/3662] LR: 0.000000, Loss: 2.9023
2026-05-31 08:52:26 - basemodel_training_rank_0 - INFO - [Epoch 6/8, Step 2590/3662] LR: 0.000000, Loss: 2.8729
2026-05-31 08:53:31 - basemodel_training_rank_0 - INFO - [Epoch 6/8, Step 2690/3662] LR: 0.000000, Loss: 2.7825
2026-05-31 08:54:36 - basemodel_training_rank_0 - INFO - [Epoch 6/8, Step 2790/3662] LR: 0.000000, Loss: 2.8235
2026-05-31 08:55:41 - basemodel_training_rank_0 - INFO - [Epoch 6/8, Step 2890/3662] LR: 0.000000, Loss: 2.8696
2026-05-31 08:56:47 - basemodel_training_rank_0 - INFO - [Epoch 6/8, Step 2990/3662] LR: 0.000000, Loss: 2.7807
2026-05-31 08:57:52 - basemodel_training_rank_0 - INFO - [Epoch 6/8, Step 3090/3662] LR: 0.000000, Loss: 2.8237
2026-05-31 08:58:58 - basemodel_training_rank_0 - INFO - [Epoch 6/8, Step 3190/3662] LR: 0.000000, Loss: 2.8058
2026-05-31 09:00:03 - basemodel_training_rank_0 - INFO - [Epoch 6/8, Step 3290/3662] LR: 0.000000, Loss: 2.8676
2026-05-31 09:01:09 - basemodel_training_rank_0 - INFO - [Epoch 6/8, Step 3390/3662] LR: 0.000000, Loss: 2.8618
2026-05-31 09:02:15 - basemodel_training_rank_0 - INFO - [Epoch 6/8, Step 3490/3662] LR: 0.000000, Loss: 2.8116
2026-05-31 09:03:20 - basemodel_training_rank_0 - INFO - [Epoch 6/8, Step 3590/3662] LR: 0.000000, Loss: 2.7975
[Epoch 6/8, Step 90/3662] LR: 0.000000, Loss: 2.8074
[Epoch 6/8, Step 190/3662] LR: 0.000000, Loss: 2.7623
[Epoch 6/8, Step 290/3662] LR: 0.000000, Loss: 2.8855
[Epoch 6/8, Step 390/3662] LR: 0.000000, Loss: 2.8157
[Epoch 6/8, Step 490/3662] LR: 0.000000, Loss: 2.7628
[Epoch 6/8, Step 590/3662] LR: 0.000000, Loss: 2.8440
[Epoch 6/8, Step 690/3662] LR: 0.000000, Loss: 2.8454
[Epoch 6/8, Step 790/3662] LR: 0.000000, Loss: 2.8309
[Epoch 6/8, Step 890/3662] LR: 0.000000, Loss: 2.7937
[Epoch 6/8, Step 990/3662] LR: 0.000000, Loss: 2.8168
[Epoch 6/8, Step 1090/3662] LR: 0.000000, Loss: 2.7904
[Epoch 6/8, Step 1190/3662] LR: 0.000000, Loss: 2.8611
[Epoch 6/8, Step 1290/3662] LR: 0.000000, Loss: 2.8061
[Epoch 6/8, Step 1390/3662] LR: 0.000000, Loss: 2.8058
[Epoch 6/8, Step 1490/3662] LR: 0.000000, Loss: 2.8382
[Epoch 6/8, Step 1590/3662] LR: 0.000000, Loss: 2.7652
[Epoch 6/8, Step 1690/3662] LR: 0.000000, Loss: 2.7714
[Epoch 6/8, Step 1790/3662] LR: 0.000000, Loss: 2.7812
[Epoch 6/8, Step 1890/3662] LR: 0.000000, Loss: 2.7809
[Epoch 6/8, Step 1990/3662] LR: 0.000000, Loss: 2.8365
[Epoch 6/8, Step 2090/3662] LR: 0.000000, Loss: 2.8049
[Epoch 6/8, Step 2190/3662] LR: 0.000000, Loss: 2.8528
[Epoch 6/8, Step 2290/3662] LR: 0.000000, Loss: 2.8090
[Epoch 6/8, Step 2390/3662] LR: 0.000000, Loss: 2.8506
[Epoch 6/8, Step 2490/3662] LR: 0.000000, Loss: 2.9023
[Epoch 6/8, Step 2590/3662] LR: 0.000000, Loss: 2.8729
[Epoch 6/8, Step 2690/3662] LR: 0.000000, Loss: 2.7825
[Epoch 6/8, Step 2790/3662] LR: 0.000000, Loss: 2.8235
[Epoch 6/8, Step 2890/3662] LR: 0.000000, Loss: 2.8696
[Epoch 6/8, Step 2990/3662] LR: 0.000000, Loss: 2.7807
[Epoch 6/8, Step 3090/3662] LR: 0.000000, Loss: 2.8237
[Epoch 6/8, Step 3190/3662] LR: 0.000000, Loss: 2.8058
[Epoch 6/8, Step 3290/3662] LR: 0.000000, Loss: 2.8676
[Epoch 6/8, Step 3390/3662] LR: 0.000000, Loss: 2.8618
[Epoch 6/8, Step 3490/3662] LR: 0.000000, Loss: 2.8116
[Epoch 6/8, Step 3590/3662] LR: 0.000000, Loss: 2.7975
2026-05-31 09:05:55 - basemodel_training_rank_0 - INFO - 
--- Epoch 6/8 Summary ---
Training Loss: 2.8232
Validation Loss: 2.7449
Epoch Time: 2516.45 seconds

2026-05-31 09:05:56 - basemodel_training_rank_0 - INFO - Best model saved to: /home/itsju/04_RESEARCH/Kronos/finetune_csv/finetuned//us_stocks_1h/basemodel/best_model (validation loss: 2.7449)

--- Epoch 6/8 Summary ---
Training Loss: 2.8232
Validation Loss: 2.7449
Epoch Time: 2516.45 seconds

Best model saved to: /home/itsju/04_RESEARCH/Kronos/finetune_csv/finetuned//us_stocks_1h/basemodel/best_model (validation loss: 2.7449)
2026-05-31 09:06:14 - basemodel_training_rank_0 - INFO - [Epoch 7/8, Step 28/3662] LR: 0.000000, Loss: 2.7459
2026-05-31 09:07:19 - basemodel_training_rank_0 - INFO - [Epoch 7/8, Step 128/3662] LR: 0.000000, Loss: 2.8331
2026-05-31 09:08:25 - basemodel_training_rank_0 - INFO - [Epoch 7/8, Step 228/3662] LR: 0.000000, Loss: 2.8364
2026-05-31 09:09:30 - basemodel_training_rank_0 - INFO - [Epoch 7/8, Step 328/3662] LR: 0.000000, Loss: 2.8493
2026-05-31 09:10:35 - basemodel_training_rank_0 - INFO - [Epoch 7/8, Step 428/3662] LR: 0.000000, Loss: 2.8298
2026-05-31 09:11:40 - basemodel_training_rank_0 - INFO - [Epoch 7/8, Step 528/3662] LR: 0.000000, Loss: 2.8551
2026-05-31 09:12:45 - basemodel_training_rank_0 - INFO - [Epoch 7/8, Step 628/3662] LR: 0.000000, Loss: 2.7938
2026-05-31 09:13:50 - basemodel_training_rank_0 - INFO - [Epoch 7/8, Step 728/3662] LR: 0.000000, Loss: 2.8394
2026-05-31 09:14:55 - basemodel_training_rank_0 - INFO - [Epoch 7/8, Step 828/3662] LR: 0.000000, Loss: 2.8724
2026-05-31 09:16:00 - basemodel_training_rank_0 - INFO - [Epoch 7/8, Step 928/3662] LR: 0.000000, Loss: 2.8179
2026-05-31 09:17:06 - basemodel_training_rank_0 - INFO - [Epoch 7/8, Step 1028/3662] LR: 0.000000, Loss: 2.7875
2026-05-31 09:18:11 - basemodel_training_rank_0 - INFO - [Epoch 7/8, Step 1128/3662] LR: 0.000000, Loss: 2.8089
2026-05-31 09:19:16 - basemodel_training_rank_0 - INFO - [Epoch 7/8, Step 1228/3662] LR: 0.000000, Loss: 2.7696
2026-05-31 09:20:21 - basemodel_training_rank_0 - INFO - [Epoch 7/8, Step 1328/3662] LR: 0.000000, Loss: 2.8201
2026-05-31 09:21:27 - basemodel_training_rank_0 - INFO - [Epoch 7/8, Step 1428/3662] LR: 0.000000, Loss: 2.7898
2026-05-31 09:22:32 - basemodel_training_rank_0 - INFO - [Epoch 7/8, Step 1528/3662] LR: 0.000000, Loss: 2.8220
2026-05-31 09:23:37 - basemodel_training_rank_0 - INFO - [Epoch 7/8, Step 1628/3662] LR: 0.000000, Loss: 2.7523
2026-05-31 09:24:43 - basemodel_training_rank_0 - INFO - [Epoch 7/8, Step 1728/3662] LR: 0.000000, Loss: 2.8508
2026-05-31 09:25:48 - basemodel_training_rank_0 - INFO - [Epoch 7/8, Step 1828/3662] LR: 0.000000, Loss: 2.7838
2026-05-31 09:26:53 - basemodel_training_rank_0 - INFO - [Epoch 7/8, Step 1928/3662] LR: 0.000000, Loss: 2.7865
2026-05-31 09:27:59 - basemodel_training_rank_0 - INFO - [Epoch 7/8, Step 2028/3662] LR: 0.000000, Loss: 2.7955
2026-05-31 09:29:04 - basemodel_training_rank_0 - INFO - [Epoch 7/8, Step 2128/3662] LR: 0.000000, Loss: 2.8123
2026-05-31 09:30:10 - basemodel_training_rank_0 - INFO - [Epoch 7/8, Step 2228/3662] LR: 0.000000, Loss: 2.7797
2026-05-31 09:31:15 - basemodel_training_rank_0 - INFO - [Epoch 7/8, Step 2328/3662] LR: 0.000000, Loss: 2.7516
2026-05-31 09:32:20 - basemodel_training_rank_0 - INFO - [Epoch 7/8, Step 2428/3662] LR: 0.000000, Loss: 2.8555
2026-05-31 09:33:25 - basemodel_training_rank_0 - INFO - [Epoch 7/8, Step 2528/3662] LR: 0.000000, Loss: 2.7945
2026-05-31 09:34:31 - basemodel_training_rank_0 - INFO - [Epoch 7/8, Step 2628/3662] LR: 0.000000, Loss: 2.7617
2026-05-31 09:35:36 - basemodel_training_rank_0 - INFO - [Epoch 7/8, Step 2728/3662] LR: 0.000000, Loss: 2.8652
2026-05-31 09:36:42 - basemodel_training_rank_0 - INFO - [Epoch 7/8, Step 2828/3662] LR: 0.000000, Loss: 2.7884
2026-05-31 09:37:47 - basemodel_training_rank_0 - INFO - [Epoch 7/8, Step 2928/3662] LR: 0.000000, Loss: 2.8516
2026-05-31 09:38:52 - basemodel_training_rank_0 - INFO - [Epoch 7/8, Step 3028/3662] LR: 0.000000, Loss: 2.8253
2026-05-31 09:39:58 - basemodel_training_rank_0 - INFO - [Epoch 7/8, Step 3128/3662] LR: 0.000000, Loss: 2.7853
2026-05-31 09:41:04 - basemodel_training_rank_0 - INFO - [Epoch 7/8, Step 3228/3662] LR: 0.000000, Loss: 2.8421
2026-05-31 09:42:09 - basemodel_training_rank_0 - INFO - [Epoch 7/8, Step 3328/3662] LR: 0.000000, Loss: 2.8230
2026-05-31 09:43:15 - basemodel_training_rank_0 - INFO - [Epoch 7/8, Step 3428/3662] LR: 0.000000, Loss: 2.8353
2026-05-31 09:44:20 - basemodel_training_rank_0 - INFO - [Epoch 7/8, Step 3528/3662] LR: 0.000000, Loss: 2.8390
2026-05-31 09:45:26 - basemodel_training_rank_0 - INFO - [Epoch 7/8, Step 3628/3662] LR: 0.000000, Loss: 2.8252
[Epoch 7/8, Step 28/3662] LR: 0.000000, Loss: 2.7459
[Epoch 7/8, Step 128/3662] LR: 0.000000, Loss: 2.8331
[Epoch 7/8, Step 228/3662] LR: 0.000000, Loss: 2.8364
[Epoch 7/8, Step 328/3662] LR: 0.000000, Loss: 2.8493
[Epoch 7/8, Step 428/3662] LR: 0.000000, Loss: 2.8298
[Epoch 7/8, Step 528/3662] LR: 0.000000, Loss: 2.8551
[Epoch 7/8, Step 628/3662] LR: 0.000000, Loss: 2.7938
[Epoch 7/8, Step 728/3662] LR: 0.000000, Loss: 2.8394
[Epoch 7/8, Step 828/3662] LR: 0.000000, Loss: 2.8724
[Epoch 7/8, Step 928/3662] LR: 0.000000, Loss: 2.8179
[Epoch 7/8, Step 1028/3662] LR: 0.000000, Loss: 2.7875
[Epoch 7/8, Step 1128/3662] LR: 0.000000, Loss: 2.8089
[Epoch 7/8, Step 1228/3662] LR: 0.000000, Loss: 2.7696
[Epoch 7/8, Step 1328/3662] LR: 0.000000, Loss: 2.8201
[Epoch 7/8, Step 1428/3662] LR: 0.000000, Loss: 2.7898
[Epoch 7/8, Step 1528/3662] LR: 0.000000, Loss: 2.8220
[Epoch 7/8, Step 1628/3662] LR: 0.000000, Loss: 2.7523
[Epoch 7/8, Step 1728/3662] LR: 0.000000, Loss: 2.8508
[Epoch 7/8, Step 1828/3662] LR: 0.000000, Loss: 2.7838
[Epoch 7/8, Step 1928/3662] LR: 0.000000, Loss: 2.7865
[Epoch 7/8, Step 2028/3662] LR: 0.000000, Loss: 2.7955
[Epoch 7/8, Step 2128/3662] LR: 0.000000, Loss: 2.8123
[Epoch 7/8, Step 2228/3662] LR: 0.000000, Loss: 2.7797
[Epoch 7/8, Step 2328/3662] LR: 0.000000, Loss: 2.7516
[Epoch 7/8, Step 2428/3662] LR: 0.000000, Loss: 2.8555
[Epoch 7/8, Step 2528/3662] LR: 0.000000, Loss: 2.7945
[Epoch 7/8, Step 2628/3662] LR: 0.000000, Loss: 2.7617
[Epoch 7/8, Step 2728/3662] LR: 0.000000, Loss: 2.8652
[Epoch 7/8, Step 2828/3662] LR: 0.000000, Loss: 2.7884
[Epoch 7/8, Step 2928/3662] LR: 0.000000, Loss: 2.8516
[Epoch 7/8, Step 3028/3662] LR: 0.000000, Loss: 2.8253
[Epoch 7/8, Step 3128/3662] LR: 0.000000, Loss: 2.7853
[Epoch 7/8, Step 3228/3662] LR: 0.000000, Loss: 2.8421
[Epoch 7/8, Step 3328/3662] LR: 0.000000, Loss: 2.8230
[Epoch 7/8, Step 3428/3662] LR: 0.000000, Loss: 2.8353
[Epoch 7/8, Step 3528/3662] LR: 0.000000, Loss: 2.8390
[Epoch 7/8, Step 3628/3662] LR: 0.000000, Loss: 2.8252
2026-05-31 09:47:37 - basemodel_training_rank_0 - INFO - 
--- Epoch 7/8 Summary ---
Training Loss: 2.8165
Validation Loss: 2.7417
Epoch Time: 2501.06 seconds

2026-05-31 09:47:37 - basemodel_training_rank_0 - INFO - Best model saved to: /home/itsju/04_RESEARCH/Kronos/finetune_csv/finetuned//us_stocks_1h/basemodel/best_model (validation loss: 2.7417)

--- Epoch 7/8 Summary ---
Training Loss: 2.8165
Validation Loss: 2.7417
Epoch Time: 2501.06 seconds

Best model saved to: /home/itsju/04_RESEARCH/Kronos/finetune_csv/finetuned//us_stocks_1h/basemodel/best_model (validation loss: 2.7417)
2026-05-31 09:48:20 - basemodel_training_rank_0 - INFO - [Epoch 8/8, Step 66/3662] LR: 0.000000, Loss: 2.8818
2026-05-31 09:49:46 - basemodel_training_rank_0 - INFO - [Epoch 8/8, Step 166/3662] LR: 0.000000, Loss: 2.8852
2026-05-31 09:50:51 - basemodel_training_rank_0 - INFO - [Epoch 8/8, Step 266/3662] LR: 0.000000, Loss: 2.8705
2026-05-31 09:51:56 - basemodel_training_rank_0 - INFO - [Epoch 8/8, Step 366/3662] LR: 0.000000, Loss: 2.8930
2026-05-31 09:53:02 - basemodel_training_rank_0 - INFO - [Epoch 8/8, Step 466/3662] LR: 0.000000, Loss: 2.7863
2026-05-31 09:54:07 - basemodel_training_rank_0 - INFO - [Epoch 8/8, Step 566/3662] LR: 0.000000, Loss: 2.8014
2026-05-31 09:55:13 - basemodel_training_rank_0 - INFO - [Epoch 8/8, Step 666/3662] LR: 0.000000, Loss: 2.7652
2026-05-31 09:56:18 - basemodel_training_rank_0 - INFO - [Epoch 8/8, Step 766/3662] LR: 0.000000, Loss: 2.7848
2026-05-31 09:57:23 - basemodel_training_rank_0 - INFO - [Epoch 8/8, Step 866/3662] LR: 0.000000, Loss: 2.8102
2026-05-31 09:58:29 - basemodel_training_rank_0 - INFO - [Epoch 8/8, Step 966/3662] LR: 0.000000, Loss: 2.7729
2026-05-31 09:59:35 - basemodel_training_rank_0 - INFO - [Epoch 8/8, Step 1066/3662] LR: 0.000000, Loss: 2.7885
2026-05-31 10:00:40 - basemodel_training_rank_0 - INFO - [Epoch 8/8, Step 1166/3662] LR: 0.000000, Loss: 2.8364
2026-05-31 10:01:46 - basemodel_training_rank_0 - INFO - [Epoch 8/8, Step 1266/3662] LR: 0.000000, Loss: 2.8380
2026-05-31 10:02:52 - basemodel_training_rank_0 - INFO - [Epoch 8/8, Step 1366/3662] LR: 0.000000, Loss: 2.8868
2026-05-31 10:03:58 - basemodel_training_rank_0 - INFO - [Epoch 8/8, Step 1466/3662] LR: 0.000000, Loss: 2.8105
2026-05-31 10:05:04 - basemodel_training_rank_0 - INFO - [Epoch 8/8, Step 1566/3662] LR: 0.000000, Loss: 2.8431
2026-05-31 10:06:09 - basemodel_training_rank_0 - INFO - [Epoch 8/8, Step 1666/3662] LR: 0.000000, Loss: 2.8371
2026-05-31 10:07:15 - basemodel_training_rank_0 - INFO - [Epoch 8/8, Step 1766/3662] LR: 0.000000, Loss: 2.7395
2026-05-31 10:08:20 - basemodel_training_rank_0 - INFO - [Epoch 8/8, Step 1866/3662] LR: 0.000000, Loss: 2.7765
2026-05-31 10:09:25 - basemodel_training_rank_0 - INFO - [Epoch 8/8, Step 1966/3662] LR: 0.000000, Loss: 2.8209
2026-05-31 10:10:31 - basemodel_training_rank_0 - INFO - [Epoch 8/8, Step 2066/3662] LR: 0.000000, Loss: 2.8627
2026-05-31 10:11:36 - basemodel_training_rank_0 - INFO - [Epoch 8/8, Step 2166/3662] LR: 0.000000, Loss: 2.7951
2026-05-31 10:12:42 - basemodel_training_rank_0 - INFO - [Epoch 8/8, Step 2266/3662] LR: 0.000000, Loss: 2.8487
2026-05-31 10:13:47 - basemodel_training_rank_0 - INFO - [Epoch 8/8, Step 2366/3662] LR: 0.000000, Loss: 2.8466
2026-05-31 10:14:53 - basemodel_training_rank_0 - INFO - [Epoch 8/8, Step 2466/3662] LR: 0.000000, Loss: 2.8041
2026-05-31 10:15:58 - basemodel_training_rank_0 - INFO - [Epoch 8/8, Step 2566/3662] LR: 0.000000, Loss: 2.8279
2026-05-31 10:17:03 - basemodel_training_rank_0 - INFO - [Epoch 8/8, Step 2666/3662] LR: 0.000000, Loss: 2.8006
2026-05-31 10:18:09 - basemodel_training_rank_0 - INFO - [Epoch 8/8, Step 2766/3662] LR: 0.000000, Loss: 2.7906
2026-05-31 10:19:14 - basemodel_training_rank_0 - INFO - [Epoch 8/8, Step 2866/3662] LR: 0.000000, Loss: 2.8718
2026-05-31 10:20:19 - basemodel_training_rank_0 - INFO - [Epoch 8/8, Step 2966/3662] LR: 0.000000, Loss: 2.8210
2026-05-31 10:21:25 - basemodel_training_rank_0 - INFO - [Epoch 8/8, Step 3066/3662] LR: 0.000000, Loss: 2.7933
2026-05-31 10:22:30 - basemodel_training_rank_0 - INFO - [Epoch 8/8, Step 3166/3662] LR: 0.000000, Loss: 2.7594
2026-05-31 10:23:36 - basemodel_training_rank_0 - INFO - [Epoch 8/8, Step 3266/3662] LR: 0.000000, Loss: 2.7808
2026-05-31 10:24:41 - basemodel_training_rank_0 - INFO - [Epoch 8/8, Step 3366/3662] LR: 0.000000, Loss: 2.8051
2026-05-31 10:25:47 - basemodel_training_rank_0 - INFO - [Epoch 8/8, Step 3466/3662] LR: 0.000000, Loss: 2.8821
2026-05-31 10:26:52 - basemodel_training_rank_0 - INFO - [Epoch 8/8, Step 3566/3662] LR: 0.000000, Loss: 2.8025
[Epoch 8/8, Step 66/3662] LR: 0.000000, Loss: 2.8818
[Epoch 8/8, Step 166/3662] LR: 0.000000, Loss: 2.8852
[Epoch 8/8, Step 266/3662] LR: 0.000000, Loss: 2.8705
[Epoch 8/8, Step 366/3662] LR: 0.000000, Loss: 2.8930
[Epoch 8/8, Step 466/3662] LR: 0.000000, Loss: 2.7863
[Epoch 8/8, Step 566/3662] LR: 0.000000, Loss: 2.8014
[Epoch 8/8, Step 666/3662] LR: 0.000000, Loss: 2.7652
[Epoch 8/8, Step 766/3662] LR: 0.000000, Loss: 2.7848
[Epoch 8/8, Step 866/3662] LR: 0.000000, Loss: 2.8102
[Epoch 8/8, Step 966/3662] LR: 0.000000, Loss: 2.7729
[Epoch 8/8, Step 1066/3662] LR: 0.000000, Loss: 2.7885
[Epoch 8/8, Step 1166/3662] LR: 0.000000, Loss: 2.8364
[Epoch 8/8, Step 1266/3662] LR: 0.000000, Loss: 2.8380
[Epoch 8/8, Step 1366/3662] LR: 0.000000, Loss: 2.8868
[Epoch 8/8, Step 1466/3662] LR: 0.000000, Loss: 2.8105
[Epoch 8/8, Step 1566/3662] LR: 0.000000, Loss: 2.8431
[Epoch 8/8, Step 1666/3662] LR: 0.000000, Loss: 2.8371
[Epoch 8/8, Step 1766/3662] LR: 0.000000, Loss: 2.7395
[Epoch 8/8, Step 1866/3662] LR: 0.000000, Loss: 2.7765
[Epoch 8/8, Step 1966/3662] LR: 0.000000, Loss: 2.8209
[Epoch 8/8, Step 2066/3662] LR: 0.000000, Loss: 2.8627
[Epoch 8/8, Step 2166/3662] LR: 0.000000, Loss: 2.7951
[Epoch 8/8, Step 2266/3662] LR: 0.000000, Loss: 2.8487
[Epoch 8/8, Step 2366/3662] LR: 0.000000, Loss: 2.8466
[Epoch 8/8, Step 2466/3662] LR: 0.000000, Loss: 2.8041
[Epoch 8/8, Step 2566/3662] LR: 0.000000, Loss: 2.8279
[Epoch 8/8, Step 2666/3662] LR: 0.000000, Loss: 2.8006
[Epoch 8/8, Step 2766/3662] LR: 0.000000, Loss: 2.7906
[Epoch 8/8, Step 2866/3662] LR: 0.000000, Loss: 2.8718
[Epoch 8/8, Step 2966/3662] LR: 0.000000, Loss: 2.8210
[Epoch 8/8, Step 3066/3662] LR: 0.000000, Loss: 2.7933
[Epoch 8/8, Step 3166/3662] LR: 0.000000, Loss: 2.7594
[Epoch 8/8, Step 3266/3662] LR: 0.000000, Loss: 2.7808
[Epoch 8/8, Step 3366/3662] LR: 0.000000, Loss: 2.8051
[Epoch 8/8, Step 3466/3662] LR: 0.000000, Loss: 2.8821
[Epoch 8/8, Step 3566/3662] LR: 0.000000, Loss: 2.8025
2026-05-31 10:29:44 - basemodel_training_rank_0 - INFO - 
--- Epoch 8/8 Summary ---
Training Loss: 2.8147
Validation Loss: 2.7413
Epoch Time: 2526.62 seconds

2026-05-31 10:29:44 - basemodel_training_rank_0 - INFO - Best model saved to: /home/itsju/04_RESEARCH/Kronos/finetune_csv/finetuned//us_stocks_1h/basemodel/best_model (validation loss: 2.7413)
2026-05-31 10:29:44 - basemodel_training_rank_0 - INFO - Basemodel training completed! Best validation loss: 2.7413
Training time: 332.42 minutes
Model saved to: /home/itsju/04_RESEARCH/Kronos/finetune_csv/finetuned//us_stocks_1h/basemodel

--- Epoch 8/8 Summary ---
Training Loss: 2.8147
Validation Loss: 2.7413
Epoch Time: 2526.62 seconds

Best model saved to: /home/itsju/04_RESEARCH/Kronos/finetune_csv/finetuned//us_stocks_1h/basemodel/best_model (validation loss: 2.7413)

Basemodel training completed! Best validation loss: 2.7413
Training time: 332.42 minutes
Model saved to: /home/itsju/04_RESEARCH/Kronos/finetune_csv/finetuned//us_stocks_1h/basemodel

============================================================
Training completed!
============================================================
Total training time: 507.01 minutes
Tokenizer model: /home/itsju/04_RESEARCH/Kronos/finetune_csv/finetuned//us_stocks_1h/tokenizer/best_model
Basemodel model: /home/itsju/04_RESEARCH/Kronos/finetune_csv/finetuned//us_stocks_1h/basemodel/best_model
============================================================
Training completed successfully!
[2026-05-31T14:29:52Z] Weekly retrain complete. Weights updated.
[2026-05-31T14:29:52Z] ===== kronos_train_weekly done =====
[2026-06-07T11:00:01Z] ===== kronos_train_weekly starting =====
[2026-06-07T11:00:01Z] ===== kronos_train_weekly starting =====
OK: HF_HOME='/home/itsju/.cache/huggingface' | disk 760GB free | checks passed
Failed to connect to user scope bus via local transport: $DBUS_SESSION_BUS_ADDRESS and $XDG_RUNTIME_DIR not defined (consider using --machine=<user>@.host --user to connect to bus of other user)
Failed to connect to user scope bus via local transport: $DBUS_SESSION_BUS_ADDRESS and $XDG_RUNTIME_DIR not defined (consider using --machine=<user>@.host --user to connect to bus of other user)
[2026-06-07T11:00:01Z] Fetching fresh Alpaca bars...
[2026-06-07T11:00:01Z] Fetching fresh Alpaca bars...
  Fetching NVDA (730d hourly)...
    Got 4116 bars. Range: 2024-06-07 12:00:00+00:00 → 2026-06-05 20:00:00+00:00
  Saved → /home/itsju/04_RESEARCH/Kronos/finetune_csv/data/us_stocks_1h_NVDA.csv
  Fetching TSLA (730d hourly)...
    Got 3927 bars. Range: 2024-06-07 13:00:00+00:00 → 2026-06-05 20:00:00+00:00
  Saved → /home/itsju/04_RESEARCH/Kronos/finetune_csv/data/us_stocks_1h_TSLA.csv
  Fetching SPY (730d hourly)...
    Got 4143 bars. Range: 2024-06-07 13:00:00+00:00 → 2026-06-05 20:00:00+00:00
  Saved → /home/itsju/04_RESEARCH/Kronos/finetune_csv/data/us_stocks_1h_SPY.csv
  Fetching QQQ (730d hourly)...
    Got 4358 bars. Range: 2024-06-07 12:00:00+00:00 → 2026-06-05 20:00:00+00:00
  Saved → /home/itsju/04_RESEARCH/Kronos/finetune_csv/data/us_stocks_1h_QQQ.csv
  Fetching AAPL (730d hourly)...
    Got 3689 bars. Range: 2024-06-07 13:00:00+00:00 → 2026-06-05 20:00:00+00:00
  Saved → /home/itsju/04_RESEARCH/Kronos/finetune_csv/data/us_stocks_1h_AAPL.csv
  Fetching MSFT (730d hourly)...
    Got 3681 bars. Range: 2024-06-07 13:00:00+00:00 → 2026-06-05 20:00:00+00:00
  Saved → /home/itsju/04_RESEARCH/Kronos/finetune_csv/data/us_stocks_1h_MSFT.csv
  Fetching AMD (730d hourly)...
    Got 3759 bars. Range: 2024-06-07 13:00:00+00:00 → 2026-06-05 20:00:00+00:00
  Saved → /home/itsju/04_RESEARCH/Kronos/finetune_csv/data/us_stocks_1h_AMD.csv
  Fetching SMCI (730d hourly)...
    Got 3746 bars. Range: 2024-06-07 13:00:00+00:00 → 2026-06-05 20:00:00+00:00
  Saved → /home/itsju/04_RESEARCH/Kronos/finetune_csv/data/us_stocks_1h_SMCI.csv
  Fetching META (730d hourly)...
    Got 3637 bars. Range: 2024-06-07 13:00:00+00:00 → 2026-06-05 19:00:00+00:00
  Saved → /home/itsju/04_RESEARCH/Kronos/finetune_csv/data/us_stocks_1h_META.csv
  Fetching MU (730d hourly)...
    Got 3702 bars. Range: 2024-06-07 13:00:00+00:00 → 2026-06-05 20:00:00+00:00
  Saved → /home/itsju/04_RESEARCH/Kronos/finetune_csv/data/us_stocks_1h_MU.csv
  Fetching AMZN (730d hourly)...
    Got 3595 bars. Range: 2024-06-07 13:00:00+00:00 → 2026-06-05 20:00:00+00:00
  Saved → /home/itsju/04_RESEARCH/Kronos/finetune_csv/data/us_stocks_1h_AMZN.csv
  Fetching GOOGL (730d hourly)...
    Got 3734 bars. Range: 2024-06-07 13:00:00+00:00 → 2026-06-05 20:00:00+00:00
  Saved → /home/itsju/04_RESEARCH/Kronos/finetune_csv/data/us_stocks_1h_GOOGL.csv
  Fetching COIN (730d hourly)...
    Got 3684 bars. Range: 2024-06-07 13:00:00+00:00 → 2026-06-05 20:00:00+00:00
  Saved → /home/itsju/04_RESEARCH/Kronos/finetune_csv/data/us_stocks_1h_COIN.csv
  Fetching BTCUSD crypto (730d hourly via Alpaca)...
    Got 17516 bars. Range: 2024-06-07 12:00:00+00:00 → 2026-06-07 11:00:00+00:00
  Saved → /home/itsju/04_RESEARCH/Kronos/finetune_csv/data/us_stocks_1h_BTCUSD.csv

Combined dataset: 67287 rows → /home/itsju/04_RESEARCH/Kronos/finetune_csv/data/us_stocks_1h_all.csv

Next steps:
  1. Edit ~/04_RESEARCH/Kronos/finetune_csv/configs/config_us_stocks_1h.yaml
  2. cd ~/04_RESEARCH/Kronos/finetune_csv
  3. ~/02_DATA/mc-kb/.venv/bin/python train_sequential.py --config configs/config_us_stocks_1h.yaml
[2026-06-07T11:02:20Z] Starting weekly full retrain...
[2026-06-07T11:02:20Z] Starting weekly full retrain...
Traceback (most recent call last):
  File "/home/itsju/04_RESEARCH/Kronos/finetune_csv/train_sequential.py", line 11, in <module>
    from model import Kronos, KronosTokenizer, KronosPredictor
  File "/home/itsju/04_RESEARCH/Kronos/finetune_csv/../model/__init__.py", line 1, in <module>
    from .kronos import KronosTokenizer, Kronos, KronosPredictor
  File "/home/itsju/04_RESEARCH/Kronos/finetune_csv/../model/kronos.py", line 10, in <module>
    from model.module import *
  File "/home/itsju/04_RESEARCH/Kronos/finetune_csv/../model/module.py", line 3, in <module>
    from einops import rearrange, reduce
ModuleNotFoundError: No module named 'einops'
[2026-06-07T11:02:22Z] Weekly retrain exited non-zero — check log.
[2026-06-07T11:02:22Z] Weekly retrain exited non-zero — check log.
[2026-06-14T11:00:01Z] ===== kronos_train_weekly starting =====
[2026-06-14T11:00:01Z] ===== kronos_train_weekly starting =====
OK: HF_HOME='/home/itsju/.cache/huggingface' | disk 773GB free | checks passed
Failed to connect to user scope bus via local transport: $DBUS_SESSION_BUS_ADDRESS and $XDG_RUNTIME_DIR not defined (consider using --machine=<user>@.host --user to connect to bus of other user)
Failed to connect to user scope bus via local transport: $DBUS_SESSION_BUS_ADDRESS and $XDG_RUNTIME_DIR not defined (consider using --machine=<user>@.host --user to connect to bus of other user)
[2026-06-14T11:00:01Z] Fetching fresh Alpaca bars...
[2026-06-14T11:00:01Z] Fetching fresh Alpaca bars...
  Fetching NVDA (730d hourly)...
    Got 4118 bars. Range: 2024-06-14 12:00:00+00:00 → 2026-06-12 20:00:00+00:00
  Saved → /home/itsju/04_RESEARCH/Kronos/finetune_csv/data/us_stocks_1h_NVDA.csv
  Fetching TSLA (730d hourly)...
    Got 3933 bars. Range: 2024-06-14 13:00:00+00:00 → 2026-06-12 20:00:00+00:00
  Saved → /home/itsju/04_RESEARCH/Kronos/finetune_csv/data/us_stocks_1h_TSLA.csv
  Fetching SPY (730d hourly)...
    Got 4148 bars. Range: 2024-06-14 12:00:00+00:00 → 2026-06-12 19:00:00+00:00
  Saved → /home/itsju/04_RESEARCH/Kronos/finetune_csv/data/us_stocks_1h_SPY.csv
  Fetching QQQ (730d hourly)...
    Got 4358 bars. Range: 2024-06-14 12:00:00+00:00 → 2026-06-12 20:00:00+00:00
  Saved → /home/itsju/04_RESEARCH/Kronos/finetune_csv/data/us_stocks_1h_QQQ.csv
  Fetching AAPL (730d hourly)...
    Got 3698 bars. Range: 2024-06-14 13:00:00+00:00 → 2026-06-12 19:00:00+00:00
  Saved → /home/itsju/04_RESEARCH/Kronos/finetune_csv/data/us_stocks_1h_AAPL.csv
  Fetching MSFT (730d hourly)...
    Got 3689 bars. Range: 2024-06-14 13:00:00+00:00 → 2026-06-12 20:00:00+00:00
  Saved → /home/itsju/04_RESEARCH/Kronos/finetune_csv/data/us_stocks_1h_MSFT.csv
  Fetching AMD (730d hourly)...
    Got 3767 bars. Range: 2024-06-14 13:00:00+00:00 → 2026-06-12 19:00:00+00:00
  Saved → /home/itsju/04_RESEARCH/Kronos/finetune_csv/data/us_stocks_1h_AMD.csv
  Fetching SMCI (730d hourly)...
    Got 3753 bars. Range: 2024-06-14 13:00:00+00:00 → 2026-06-12 19:00:00+00:00
  Saved → /home/itsju/04_RESEARCH/Kronos/finetune_csv/data/us_stocks_1h_SMCI.csv
  Fetching META (730d hourly)...
    Got 3640 bars. Range: 2024-06-14 13:00:00+00:00 → 2026-06-12 19:00:00+00:00
  Saved → /home/itsju/04_RESEARCH/Kronos/finetune_csv/data/us_stocks_1h_META.csv
  Fetching MU (730d hourly)...
    Got 3711 bars. Range: 2024-06-14 13:00:00+00:00 → 2026-06-12 20:00:00+00:00
  Saved → /home/itsju/04_RESEARCH/Kronos/finetune_csv/data/us_stocks_1h_MU.csv
  Fetching AMZN (730d hourly)...
    Got 3596 bars. Range: 2024-06-14 13:00:00+00:00 → 2026-06-12 19:00:00+00:00
  Saved → /home/itsju/04_RESEARCH/Kronos/finetune_csv/data/us_stocks_1h_AMZN.csv
  Fetching GOOGL (730d hourly)...
    Got 3741 bars. Range: 2024-06-14 13:00:00+00:00 → 2026-06-12 19:00:00+00:00
  Saved → /home/itsju/04_RESEARCH/Kronos/finetune_csv/data/us_stocks_1h_GOOGL.csv
  Fetching COIN (730d hourly)...
    Got 3684 bars. Range: 2024-06-14 13:00:00+00:00 → 2026-06-12 19:00:00+00:00
  Saved → /home/itsju/04_RESEARCH/Kronos/finetune_csv/data/us_stocks_1h_COIN.csv
  Fetching BTCUSD crypto (730d hourly via Alpaca)...
    Got 17516 bars. Range: 2024-06-14 12:00:00+00:00 → 2026-06-14 11:00:00+00:00
  Saved → /home/itsju/04_RESEARCH/Kronos/finetune_csv/data/us_stocks_1h_BTCUSD.csv

Combined dataset: 67352 rows → /home/itsju/04_RESEARCH/Kronos/finetune_csv/data/us_stocks_1h_all.csv

Next steps:
  1. Edit ~/04_RESEARCH/Kronos/finetune_csv/configs/config_us_stocks_1h.yaml
  2. cd ~/04_RESEARCH/Kronos/finetune_csv
  3. ~/02_DATA/mc-kb/.venv/bin/python train_sequential.py --config configs/config_us_stocks_1h.yaml
[2026-06-14T11:02:09Z] Starting weekly full retrain...
[2026-06-14T11:02:09Z] Starting weekly full retrain...
Traceback (most recent call last):
  File "/home/itsju/04_RESEARCH/Kronos/finetune_csv/train_sequential.py", line 11, in <module>
    from model import Kronos, KronosTokenizer, KronosPredictor
  File "/home/itsju/04_RESEARCH/Kronos/finetune_csv/../model/__init__.py", line 1, in <module>
    from .kronos import KronosTokenizer, Kronos, KronosPredictor
  File "/home/itsju/04_RESEARCH/Kronos/finetune_csv/../model/kronos.py", line 10, in <module>
    from model.module import *
  File "/home/itsju/04_RESEARCH/Kronos/finetune_csv/../model/module.py", line 3, in <module>
    from einops import rearrange, reduce
ModuleNotFoundError: No module named 'einops'
[2026-06-14T11:02:12Z] Weekly retrain exited non-zero — check log.
[2026-06-14T11:02:12Z] Weekly retrain exited non-zero — check log.
[2026-06-21T11:00:01Z] ===== kronos_train_weekly starting =====
[2026-06-21T11:00:01Z] ===== kronos_train_weekly starting =====
OK: HF_HOME='/home/itsju/.cache/huggingface' | disk 749GB free | checks passed
Failed to connect to user scope bus via local transport: $DBUS_SESSION_BUS_ADDRESS and $XDG_RUNTIME_DIR not defined (consider using --machine=<user>@.host --user to connect to bus of other user)
Failed to connect to user scope bus via local transport: $DBUS_SESSION_BUS_ADDRESS and $XDG_RUNTIME_DIR not defined (consider using --machine=<user>@.host --user to connect to bus of other user)
[2026-06-21T11:00:01Z] Fetching fresh Alpaca bars...
[2026-06-21T11:00:01Z] Fetching fresh Alpaca bars...
  Fetching NVDA (730d hourly)...
    Got 4121 bars. Range: 2024-06-21 12:00:00+00:00 → 2026-06-18 20:00:00+00:00
  Saved → /home/itsju/04_RESEARCH/Kronos/finetune_csv/data/us_stocks_1h_NVDA.csv
  Fetching TSLA (730d hourly)...
    Got 3940 bars. Range: 2024-06-21 13:00:00+00:00 → 2026-06-18 20:00:00+00:00
  Saved → /home/itsju/04_RESEARCH/Kronos/finetune_csv/data/us_stocks_1h_TSLA.csv
  Fetching SPY (730d hourly)...
    Got 4149 bars. Range: 2024-06-21 13:00:00+00:00 → 2026-06-18 20:00:00+00:00
  Saved → /home/itsju/04_RESEARCH/Kronos/finetune_csv/data/us_stocks_1h_SPY.csv
  Fetching QQQ (730d hourly)...
    Got 4359 bars. Range: 2024-06-21 12:00:00+00:00 → 2026-06-18 20:00:00+00:00
  Saved → /home/itsju/04_RESEARCH/Kronos/finetune_csv/data/us_stocks_1h_QQQ.csv
  Fetching AAPL (730d hourly)...
    Got 3700 bars. Range: 2024-06-21 13:00:00+00:00 → 2026-06-18 19:00:00+00:00
  Saved → /home/itsju/04_RESEARCH/Kronos/finetune_csv/data/us_stocks_1h_AAPL.csv
  Fetching MSFT (730d hourly)...
    Got 3696 bars. Range: 2024-06-21 13:00:00+00:00 → 2026-06-18 19:00:00+00:00
  Saved → /home/itsju/04_RESEARCH/Kronos/finetune_csv/data/us_stocks_1h_MSFT.csv
  Fetching AMD (730d hourly)...
    Got 3772 bars. Range: 2024-06-21 13:00:00+00:00 → 2026-06-18 20:00:00+00:00
  Saved → /home/itsju/04_RESEARCH/Kronos/finetune_csv/data/us_stocks_1h_AMD.csv
  Fetching SMCI (730d hourly)...
    Got 3758 bars. Range: 2024-06-21 13:00:00+00:00 → 2026-06-18 19:00:00+00:00
  Saved → /home/itsju/04_RESEARCH/Kronos/finetune_csv/data/us_stocks_1h_SMCI.csv
  Fetching META (730d hourly)...
    Got 3641 bars. Range: 2024-06-21 13:00:00+00:00 → 2026-06-18 19:00:00+00:00
  Saved → /home/itsju/04_RESEARCH/Kronos/finetune_csv/data/us_stocks_1h_META.csv
  Fetching MU (730d hourly)...
    Got 3719 bars. Range: 2024-06-21 12:00:00+00:00 → 2026-06-18 20:00:00+00:00
  Saved → /home/itsju/04_RESEARCH/Kronos/finetune_csv/data/us_stocks_1h_MU.csv
  Fetching AMZN (730d hourly)...
    Got 3597 bars. Range: 2024-06-21 13:00:00+00:00 → 2026-06-18 19:00:00+00:00
  Saved → /home/itsju/04_RESEARCH/Kronos/finetune_csv/data/us_stocks_1h_AMZN.csv
  Fetching GOOGL (730d hourly)...
    Got 3749 bars. Range: 2024-06-21 13:00:00+00:00 → 2026-06-18 20:00:00+00:00
  Saved → /home/itsju/04_RESEARCH/Kronos/finetune_csv/data/us_stocks_1h_GOOGL.csv
  Fetching COIN (730d hourly)...
    Got 3687 bars. Range: 2024-06-21 13:00:00+00:00 → 2026-06-18 19:00:00+00:00
  Saved → /home/itsju/04_RESEARCH/Kronos/finetune_csv/data/us_stocks_1h_COIN.csv
  Fetching BTCUSD crypto (730d hourly via Alpaca)...
    Got 17518 bars. Range: 2024-06-21 12:00:00+00:00 → 2026-06-21 11:00:00+00:00
  Saved → /home/itsju/04_RESEARCH/Kronos/finetune_csv/data/us_stocks_1h_BTCUSD.csv

Combined dataset: 67406 rows → /home/itsju/04_RESEARCH/Kronos/finetune_csv/data/us_stocks_1h_all.csv

Next steps:
  1. Edit ~/04_RESEARCH/Kronos/finetune_csv/configs/config_us_stocks_1h.yaml
  2. cd ~/04_RESEARCH/Kronos/finetune_csv
  3. ~/02_DATA/mc-kb/.venv/bin/python train_sequential.py --config configs/config_us_stocks_1h.yaml
[2026-06-21T11:02:03Z] Starting weekly full retrain...
[2026-06-21T11:02:03Z] Starting weekly full retrain...
Traceback (most recent call last):
  File "/home/itsju/04_RESEARCH/Kronos/finetune_csv/train_sequential.py", line 11, in <module>
    from model import Kronos, KronosTokenizer, KronosPredictor
  File "/home/itsju/04_RESEARCH/Kronos/finetune_csv/../model/__init__.py", line 1, in <module>
    from .kronos import KronosTokenizer, Kronos, KronosPredictor
  File "/home/itsju/04_RESEARCH/Kronos/finetune_csv/../model/kronos.py", line 10, in <module>
    from model.module import *
  File "/home/itsju/04_RESEARCH/Kronos/finetune_csv/../model/module.py", line 3, in <module>
    from einops import rearrange, reduce
ModuleNotFoundError: No module named 'einops'
[2026-06-21T11:02:06Z] Weekly retrain exited non-zero — check log.
[2026-06-21T11:02:06Z] Weekly retrain exited non-zero — check log.
[2026-06-28T11:00:01Z] ===== kronos_train_weekly starting =====
[2026-06-28T11:00:01Z] ===== kronos_train_weekly starting =====
OK: HF_HOME='/home/itsju/.cache/huggingface' | disk 730GB free | checks passed
Failed to connect to user scope bus via local transport: $DBUS_SESSION_BUS_ADDRESS and $XDG_RUNTIME_DIR not defined (consider using --machine=<user>@.host --user to connect to bus of other user)
Failed to connect to user scope bus via local transport: $DBUS_SESSION_BUS_ADDRESS and $XDG_RUNTIME_DIR not defined (consider using --machine=<user>@.host --user to connect to bus of other user)
[2026-06-28T11:00:02Z] Fetching fresh Alpaca bars...
[2026-06-28T11:00:02Z] Fetching fresh Alpaca bars...
  Fetching NVDA (730d hourly)...
    Got 4121 bars. Range: 2024-06-28 12:00:00+00:00 → 2026-06-26 20:00:00+00:00
  Saved → /home/itsju/04_RESEARCH/Kronos/finetune_csv/data/us_stocks_1h_NVDA.csv
  Fetching TSLA (730d hourly)...
    Got 3943 bars. Range: 2024-06-28 13:00:00+00:00 → 2026-06-26 19:00:00+00:00
  Saved → /home/itsju/04_RESEARCH/Kronos/finetune_csv/data/us_stocks_1h_TSLA.csv
  Fetching SPY (730d hourly)...
    Got 4154 bars. Range: 2024-06-28 13:00:00+00:00 → 2026-06-26 20:00:00+00:00
  Saved → /home/itsju/04_RESEARCH/Kronos/finetune_csv/data/us_stocks_1h_SPY.csv
  Fetching QQQ (730d hourly)...
    Got 4358 bars. Range: 2024-06-28 12:00:00+00:00 → 2026-06-26 20:00:00+00:00
  Saved → /home/itsju/04_RESEARCH/Kronos/finetune_csv/data/us_stocks_1h_QQQ.csv
  Fetching AAPL (730d hourly)...
    Got 3708 bars. Range: 2024-06-28 13:00:00+00:00 → 2026-06-26 20:00:00+00:00
  Saved → /home/itsju/04_RESEARCH/Kronos/finetune_csv/data/us_stocks_1h_AAPL.csv
  Fetching MSFT (730d hourly)...
    Got 3705 bars. Range: 2024-06-28 13:00:00+00:00 → 2026-06-26 20:00:00+00:00
  Saved → /home/itsju/04_RESEARCH/Kronos/finetune_csv/data/us_stocks_1h_MSFT.csv
  Fetching AMD (730d hourly)...
    Got 3778 bars. Range: 2024-06-28 13:00:00+00:00 → 2026-06-26 19:00:00+00:00
  Saved → /home/itsju/04_RESEARCH/Kronos/finetune_csv/data/us_stocks_1h_AMD.csv
  Fetching SMCI (730d hourly)...
    Got 3765 bars. Range: 2024-06-28 13:00:00+00:00 → 2026-06-26 19:00:00+00:00
  Saved → /home/itsju/04_RESEARCH/Kronos/finetune_csv/data/us_stocks_1h_SMCI.csv
  Fetching META (730d hourly)...
    Got 3642 bars. Range: 2024-06-28 13:00:00+00:00 → 2026-06-26 19:00:00+00:00
  Saved → /home/itsju/04_RESEARCH/Kronos/finetune_csv/data/us_stocks_1h_META.csv
  Fetching MU (730d hourly)...
    Got 3726 bars. Range: 2024-06-28 13:00:00+00:00 → 2026-06-26 20:00:00+00:00
  Saved → /home/itsju/04_RESEARCH/Kronos/finetune_csv/data/us_stocks_1h_MU.csv
  Fetching AMZN (730d hourly)...
    Got 3600 bars. Range: 2024-06-28 13:00:00+00:00 → 2026-06-26 19:00:00+00:00
  Saved → /home/itsju/04_RESEARCH/Kronos/finetune_csv/data/us_stocks_1h_AMZN.csv
  Fetching GOOGL (730d hourly)...
    Got 3758 bars. Range: 2024-06-28 13:00:00+00:00 → 2026-06-26 20:00:00+00:00
  Saved → /home/itsju/04_RESEARCH/Kronos/finetune_csv/data/us_stocks_1h_GOOGL.csv
  Fetching COIN (730d hourly)...
    Got 3688 bars. Range: 2024-06-28 13:00:00+00:00 → 2026-06-26 19:00:00+00:00
  Saved → /home/itsju/04_RESEARCH/Kronos/finetune_csv/data/us_stocks_1h_COIN.csv
  Fetching BTCUSD crypto (730d hourly via Alpaca)...
    Got 17518 bars. Range: 2024-06-28 12:00:00+00:00 → 2026-06-28 11:00:00+00:00
  Saved → /home/itsju/04_RESEARCH/Kronos/finetune_csv/data/us_stocks_1h_BTCUSD.csv

Combined dataset: 67464 rows → /home/itsju/04_RESEARCH/Kronos/finetune_csv/data/us_stocks_1h_all.csv

Next steps:
  1. Edit ~/04_RESEARCH/Kronos/finetune_csv/configs/config_us_stocks_1h.yaml
  2. cd ~/04_RESEARCH/Kronos/finetune_csv
  3. ~/02_DATA/mc-kb/.venv/bin/python train_sequential.py --config configs/config_us_stocks_1h.yaml
[2026-06-28T11:02:07Z] Starting weekly full retrain...
[2026-06-28T11:02:07Z] Starting weekly full retrain...
Traceback (most recent call last):
  File "/home/itsju/04_RESEARCH/Kronos/finetune_csv/train_sequential.py", line 11, in <module>
    from model import Kronos, KronosTokenizer, KronosPredictor
  File "/home/itsju/04_RESEARCH/Kronos/finetune_csv/../model/__init__.py", line 1, in <module>
    from .kronos import KronosTokenizer, Kronos, KronosPredictor
  File "/home/itsju/04_RESEARCH/Kronos/finetune_csv/../model/kronos.py", line 10, in <module>
    from model.module import *
  File "/home/itsju/04_RESEARCH/Kronos/finetune_csv/../model/module.py", line 3, in <module>
    from einops import rearrange, reduce
ModuleNotFoundError: No module named 'einops'
[2026-06-28T11:02:10Z] Weekly retrain exited non-zero — check log.
[2026-06-28T11:02:10Z] Weekly retrain exited non-zero — check log.
[2026-07-05T11:00:01Z] ===== kronos_train_weekly starting =====
[2026-07-05T11:00:01Z] ===== kronos_train_weekly starting =====
OK: HF_HOME='/home/itsju/.cache/huggingface' | disk 726GB free | checks passed
Failed to connect to user scope bus via local transport: $DBUS_SESSION_BUS_ADDRESS and $XDG_RUNTIME_DIR not defined (consider using --machine=<user>@.host --user to connect to bus of other user)
Failed to connect to user scope bus via local transport: $DBUS_SESSION_BUS_ADDRESS and $XDG_RUNTIME_DIR not defined (consider using --machine=<user>@.host --user to connect to bus of other user)
[2026-07-05T11:00:02Z] Fetching fresh Alpaca bars...
[2026-07-05T11:00:02Z] Fetching fresh Alpaca bars...
  Fetching NVDA (730d hourly)...
    Got 4124 bars. Range: 2024-07-05 12:00:00+00:00 → 2026-07-02 19:00:00+00:00
  Saved → /home/itsju/04_RESEARCH/Kronos/finetune_csv/data/us_stocks_1h_NVDA.csv
  Fetching TSLA (730d hourly)...
    Got 3949 bars. Range: 2024-07-05 12:00:00+00:00 → 2026-07-02 20:00:00+00:00
  Saved → /home/itsju/04_RESEARCH/Kronos/finetune_csv/data/us_stocks_1h_TSLA.csv
  Fetching SPY (730d hourly)...
    Got 4159 bars. Range: 2024-07-05 13:00:00+00:00 → 2026-07-02 20:00:00+00:00
  Saved → /home/itsju/04_RESEARCH/Kronos/finetune_csv/data/us_stocks_1h_SPY.csv
  Fetching QQQ (730d hourly)...
    Got 4360 bars. Range: 2024-07-05 12:00:00+00:00 → 2026-07-02 19:00:00+00:00
  Saved → /home/itsju/04_RESEARCH/Kronos/finetune_csv/data/us_stocks_1h_QQQ.csv
  Fetching AAPL (730d hourly)...
    Got 3718 bars. Range: 2024-07-05 13:00:00+00:00 → 2026-07-02 20:00:00+00:00
  Saved → /home/itsju/04_RESEARCH/Kronos/finetune_csv/data/us_stocks_1h_AAPL.csv
  Fetching MSFT (730d hourly)...
    Got 3715 bars. Range: 2024-07-05 13:00:00+00:00 → 2026-07-02 20:00:00+00:00
  Saved → /home/itsju/04_RESEARCH/Kronos/finetune_csv/data/us_stocks_1h_MSFT.csv
  Fetching AMD (730d hourly)...
    Got 3786 bars. Range: 2024-07-05 13:00:00+00:00 → 2026-07-02 19:00:00+00:00
  Saved → /home/itsju/04_RESEARCH/Kronos/finetune_csv/data/us_stocks_1h_AMD.csv
  Fetching SMCI (730d hourly)...
    Got 3772 bars. Range: 2024-07-05 13:00:00+00:00 → 2026-07-02 19:00:00+00:00
  Saved → /home/itsju/04_RESEARCH/Kronos/finetune_csv/data/us_stocks_1h_SMCI.csv
  Fetching META (730d hourly)...
    Got 3648 bars. Range: 2024-07-05 13:00:00+00:00 → 2026-07-02 19:00:00+00:00
  Saved → /home/itsju/04_RESEARCH/Kronos/finetune_csv/data/us_stocks_1h_META.csv
  Fetching MU (730d hourly)...
    Got 3737 bars. Range: 2024-07-05 13:00:00+00:00 → 2026-07-02 20:00:00+00:00
  Saved → /home/itsju/04_RESEARCH/Kronos/finetune_csv/data/us_stocks_1h_MU.csv
  Fetching AMZN (730d hourly)...
    Got 3605 bars. Range: 2024-07-05 13:00:00+00:00 → 2026-07-02 19:00:00+00:00
  Saved → /home/itsju/04_RESEARCH/Kronos/finetune_csv/data/us_stocks_1h_AMZN.csv
  Fetching GOOGL (730d hourly)...
    Got 3765 bars. Range: 2024-07-05 13:00:00+00:00 → 2026-07-02 20:00:00+00:00
  Saved → /home/itsju/04_RESEARCH/Kronos/finetune_csv/data/us_stocks_1h_GOOGL.csv
  Fetching COIN (730d hourly)...
    Got 3691 bars. Range: 2024-07-05 12:00:00+00:00 → 2026-07-02 19:00:00+00:00
  Saved → /home/itsju/04_RESEARCH/Kronos/finetune_csv/data/us_stocks_1h_COIN.csv
  Fetching BTCUSD crypto (730d hourly via Alpaca)...
    Got 17518 bars. Range: 2024-07-05 12:00:00+00:00 → 2026-07-05 11:00:00+00:00
  Saved → /home/itsju/04_RESEARCH/Kronos/finetune_csv/data/us_stocks_1h_BTCUSD.csv

Combined dataset: 67547 rows → /home/itsju/04_RESEARCH/Kronos/finetune_csv/data/us_stocks_1h_all.csv

Next steps:
  1. Edit ~/04_RESEARCH/Kronos/finetune_csv/configs/config_us_stocks_1h.yaml
  2. cd ~/04_RESEARCH/Kronos/finetune_csv
  3. ~/02_DATA/mc-kb/.venv/bin/python train_sequential.py --config configs/config_us_stocks_1h.yaml
[2026-07-05T11:02:22Z] Starting weekly full retrain...
[2026-07-05T11:02:22Z] Starting weekly full retrain...
Traceback (most recent call last):
  File "/home/itsju/04_RESEARCH/Kronos/finetune_csv/train_sequential.py", line 11, in <module>
    from model import Kronos, KronosTokenizer, KronosPredictor
  File "/home/itsju/04_RESEARCH/Kronos/finetune_csv/../model/__init__.py", line 1, in <module>
    from .kronos import KronosTokenizer, Kronos, KronosPredictor
  File "/home/itsju/04_RESEARCH/Kronos/finetune_csv/../model/kronos.py", line 10, in <module>
    from model.module import *
  File "/home/itsju/04_RESEARCH/Kronos/finetune_csv/../model/module.py", line 3, in <module>
    from einops import rearrange, reduce
ModuleNotFoundError: No module named 'einops'
[2026-07-05T11:02:35Z] Weekly retrain exited non-zero — check log.
[2026-07-05T11:02:35Z] Weekly retrain exited non-zero — check log.
