
============================================================
Market Data Aggregator — 2026-04-15 01:00 UTC
============================================================

Fetching BTC price...
Fetching BTC OHLCV 24h...
Fetching Fear & Greed...
Fetching global crypto market...
Fetching FRED macro data...
Loading internal data...

JSON saved: /home/ubuntu/.openclaw/workspace/directives/market_briefing.json
Markdown saved: /home/ubuntu/.openclaw/workspace/directives/market_briefing.md

# Market Briefing — April 15, 2026 01:00 AM UTC

## BTC: $74,573.00 (+0.6% 24h)
- 24h Range: $73,862 — $76,122 (3.1%)
- 24h Trend: UP
- Volume: 57,438,424,265 USD
- Fear & Greed: 23 (Extreme Fear)

## Market Regime: MIXED_TREND
- Bias: BULLISH
- Recommendation: SuperTrend on trending TFs, Grid Bot on ranging TFs
- 1H: WEAK_TREND (ADX 38.3, Chop 50.5)
- 4H: STRONG_TREND (ADX 40.5, Chop 35.3)
- 1D: TRANSITIONAL (ADX 16.9, Chop 44.8)

## Optimal SuperTrend: ATR 16 / Mult 5.0
- Win Rate: 40.0% | PF: 1.79 | Return: 49.35%

## Positions
- BTCUSD: LONG @ $74,169.51

## Global Crypto
- Total Market Cap: $2,599,542,915,648
- BTC Dominance: 57.4%
- 24h Change: +0.1%

============================================================
Market Data Aggregator — 2026-04-15 02:00 UTC
============================================================

Fetching BTC price...
Fetching BTC OHLCV 24h...
Fetching Fear & Greed...
Fetching global crypto market...
Fetching FRED macro data...
Loading internal data...

JSON saved: /home/ubuntu/.openclaw/workspace/directives/market_briefing.json
Markdown saved: /home/ubuntu/.openclaw/workspace/directives/market_briefing.md

# Market Briefing — April 15, 2026 02:00 AM UTC

## BTC: $74,656.00 (+0.4% 24h)
- 24h Range: $73,862 — $76,122 (3.1%)
- 24h Trend: UP
- Volume: 53,949,027,396 USD
- Fear & Greed: 23 (Extreme Fear)

## Market Regime: MIXED_TREND
- Bias: BULLISH
- Recommendation: SuperTrend on trending TFs, Grid Bot on ranging TFs
- 1H: WEAK_TREND (ADX 38.3, Chop 50.5)
- 4H: STRONG_TREND (ADX 40.5, Chop 35.3)
- 1D: TRANSITIONAL (ADX 16.9, Chop 44.8)

## Optimal SuperTrend: ATR 16 / Mult 5.0
- Win Rate: 40.0% | PF: 1.79 | Return: 49.35%

## Positions
- BTCUSD: LONG @ $74,169.51

## Global Crypto
- Total Market Cap: $2,604,134,243,882
- BTC Dominance: 57.4%
- 24h Change: +0.1%

============================================================
Market Data Aggregator — 2026-04-15 03:00 UTC
============================================================

Fetching BTC price...
Fetching BTC OHLCV 24h...
Fetching Fear & Greed...
Fetching global crypto market...
Fetching FRED macro data...
Loading internal data...

JSON saved: /home/ubuntu/.openclaw/workspace/directives/market_briefing.json
Markdown saved: /home/ubuntu/.openclaw/workspace/directives/market_briefing.md

# Market Briefing — April 15, 2026 03:00 AM UTC

## BTC: $74,338.00 (-0.1% 24h)
- 24h Range: $73,862 — $76,122 (3.1%)
- 24h Trend: DOWN
- Volume: 55,566,155,910 USD
- Fear & Greed: 23 (Extreme Fear)

## Market Regime: MIXED_TREND
- Bias: BULLISH
- Recommendation: SuperTrend on trending TFs, Grid Bot on ranging TFs
- 1H: WEAK_TREND (ADX 38.3, Chop 50.5)
- 4H: STRONG_TREND (ADX 40.5, Chop 35.3)
- 1D: TRANSITIONAL (ADX 16.9, Chop 44.8)

## Optimal SuperTrend: ATR 16 / Mult 5.0
- Win Rate: 40.0% | PF: 1.79 | Return: 49.35%

## Positions
- BTCUSD: LONG @ $74,169.51

## Global Crypto
- Total Market Cap: $2,593,020,374,332
- BTC Dominance: 57.3%
- 24h Change: -0.3%

============================================================
Market Data Aggregator — 2026-04-15 04:00 UTC
============================================================

Fetching BTC price...
Fetching BTC OHLCV 24h...
Fetching Fear & Greed...
Fetching global crypto market...
Fetching FRED macro data...
Loading internal data...

JSON saved: /home/ubuntu/.openclaw/workspace/directives/market_briefing.json
Markdown saved: /home/ubuntu/.openclaw/workspace/directives/market_briefing.md

# Market Briefing — April 15, 2026 04:00 AM UTC

## BTC: $74,369.00 (-0.1% 24h)
- 24h Range: $0 — $0 (0.0%)
- 24h Trend: ?
- Volume: 54,814,385,761 USD
- Fear & Greed: 23 (Extreme Fear)

## Market Regime: MIXED_TREND
- Bias: BULLISH
- Recommendation: SuperTrend on trending TFs, Grid Bot on ranging TFs
- 1H: WEAK_TREND (ADX 38.3, Chop 50.5)
- 4H: STRONG_TREND (ADX 40.5, Chop 35.3)
- 1D: TRANSITIONAL (ADX 16.9, Chop 44.8)

## Optimal SuperTrend: ATR 16 / Mult 5.0
- Win Rate: 40.0% | PF: 1.79 | Return: 49.35%

## Positions
- BTCUSD: LONG @ $74,169.51

## Global Crypto
- Total Market Cap: $2,593,545,251,694
- BTC Dominance: 57.3%
- 24h Change: -0.4%

============================================================
Market Data Aggregator — 2026-04-15 05:00 UTC
============================================================

Fetching BTC price...
Fetching BTC OHLCV 24h...
Fetching Fear & Greed...
Fetching global crypto market...
Fetching FRED macro data...
Loading internal data...

JSON saved: /home/ubuntu/.openclaw/workspace/directives/market_briefing.json
Markdown saved: /home/ubuntu/.openclaw/workspace/directives/market_briefing.md

# Market Briefing — April 15, 2026 05:00 AM UTC

## BTC: $74,329.00 (-0.1% 24h)
- 24h Range: $73,862 — $76,122 (3.1%)
- 24h Trend: UP
- Volume: 55,074,384,075 USD
- Fear & Greed: 23 (Extreme Fear)

## Market Regime: MIXED_TREND
- Bias: BULLISH
- Recommendation: SuperTrend on trending TFs, Grid Bot on ranging TFs
- 1H: WEAK_TREND (ADX 34.6, Chop 52.6)
- 4H: STRONG_TREND (ADX 41.5, Chop 35.5)
- 1D: TRANSITIONAL (ADX 16.9, Chop 43.0)

## Optimal SuperTrend: ATR 16 / Mult 5.0
- Win Rate: 40.0% | PF: 1.79 | Return: 49.35%

## Positions
- BTCUSD: LONG @ $74,169.51

## Global Crypto
- Total Market Cap: $2,594,543,375,704
- BTC Dominance: 57.3%
- 24h Change: -0.3%

============================================================
Market Data Aggregator — 2026-04-15 06:00 UTC
============================================================

Fetching BTC price...
Fetching BTC OHLCV 24h...
Fetching Fear & Greed...
Fetching global crypto market...
Fetching FRED macro data...
Loading internal data...

JSON saved: /home/ubuntu/.openclaw/workspace/directives/market_briefing.json
Markdown saved: /home/ubuntu/.openclaw/workspace/directives/market_briefing.md

# Market Briefing — April 15, 2026 06:00 AM UTC

## BTC: $74,035.00 (-0.2% 24h)
- 24h Range: $73,862 — $76,122 (3.1%)
- 24h Trend: DOWN
- Volume: 52,845,773,142 USD
- Fear & Greed: 23 (Extreme Fear)

## Market Regime: MIXED_TREND
- Bias: BULLISH
- Recommendation: SuperTrend on trending TFs, Grid Bot on ranging TFs
- 1H: WEAK_TREND (ADX 34.6, Chop 52.6)
- 4H: STRONG_TREND (ADX 41.5, Chop 35.5)
- 1D: TRANSITIONAL (ADX 16.9, Chop 43.0)

## Optimal SuperTrend: ATR 16 / Mult 5.0
- Win Rate: 40.0% | PF: 1.79 | Return: 49.35%

## Positions
- BTCUSD: LONG @ $74,008.48

## Global Crypto
- Total Market Cap: $2,584,127,908,106
- BTC Dominance: 57.3%
- 24h Change: -0.5%

============================================================
Market Data Aggregator — 2026-04-15 07:00 UTC
============================================================

Fetching BTC price...
Fetching BTC OHLCV 24h...
Fetching Fear & Greed...
Fetching global crypto market...
Fetching FRED macro data...
Loading internal data...

JSON saved: /home/ubuntu/.openclaw/workspace/directives/market_briefing.json
Markdown saved: /home/ubuntu/.openclaw/workspace/directives/market_briefing.md

# Market Briefing — April 15, 2026 07:00 AM UTC

## BTC: $73,904.00 (-0.9% 24h)
- 24h Range: $73,862 — $76,122 (3.1%)
- 24h Trend: DOWN
- Volume: 52,305,785,889 USD
- Fear & Greed: 23 (Extreme Fear)

## Market Regime: MIXED_TREND
- Bias: BULLISH
- Recommendation: SuperTrend on trending TFs, Grid Bot on ranging TFs
- 1H: WEAK_TREND (ADX 34.6, Chop 52.6)
- 4H: STRONG_TREND (ADX 41.5, Chop 35.5)
- 1D: TRANSITIONAL (ADX 16.9, Chop 43.0)

## Optimal SuperTrend: ATR 16 / Mult 5.0
- Win Rate: 40.0% | PF: 1.79 | Return: 49.35%

## Positions
- BTCUSD: LONG @ $74,014.76

## Global Crypto
- Total Market Cap: $2,585,154,035,616
- BTC Dominance: 57.3%
- 24h Change: -0.8%

============================================================
Market Data Aggregator — 2026-04-15 08:00 UTC
============================================================

Fetching BTC price...
Fetching BTC OHLCV 24h...
Fetching Fear & Greed...
Fetching global crypto market...
Fetching FRED macro data...
Loading internal data...

JSON saved: /home/ubuntu/.openclaw/workspace/directives/market_briefing.json
Markdown saved: /home/ubuntu/.openclaw/workspace/directives/market_briefing.md

# Market Briefing — April 15, 2026 08:00 AM UTC

## BTC: $73,764.00 (-1.1% 24h)
- 24h Range: $73,545 — $76,122 (3.5%)
- 24h Trend: DOWN
- Volume: 53,152,915,823 USD
- Fear & Greed: 23 (Extreme Fear)

## Market Regime: MIXED_TREND
- Bias: BULLISH
- Recommendation: SuperTrend on trending TFs, Grid Bot on ranging TFs
- 1H: WEAK_TREND (ADX 34.6, Chop 52.6)
- 4H: STRONG_TREND (ADX 41.5, Chop 35.5)
- 1D: TRANSITIONAL (ADX 16.9, Chop 43.0)

## Optimal SuperTrend: ATR 16 / Mult 5.0
- Win Rate: 40.0% | PF: 1.79 | Return: 49.35%

## Positions
- BTCUSD: SHORT @ $73,923.99

## Global Crypto
- Total Market Cap: $2,575,733,016,208
- BTC Dominance: 57.2%
- 24h Change: -1.2%

============================================================
Market Data Aggregator — 2026-04-15 09:00 UTC
============================================================

Fetching BTC price...
Fetching BTC OHLCV 24h...
Fetching Fear & Greed...
Fetching global crypto market...
Fetching FRED macro data...
Loading internal data...

JSON saved: /home/ubuntu/.openclaw/workspace/directives/market_briefing.json
Markdown saved: /home/ubuntu/.openclaw/workspace/directives/market_briefing.md

# Market Briefing — April 15, 2026 09:00 AM UTC

## BTC: $74,146.00 (-0.8% 24h)
- 24h Range: $73,545 — $76,122 (3.5%)
- 24h Trend: DOWN
- Volume: 51,908,715,439 USD
- Fear & Greed: 23 (Extreme Fear)

## Market Regime: MIXED
- Bias: BULLISH
- Recommendation: DayTrader light size — no clear regime
- 1H: TRANSITIONAL (ADX 27.5, Chop 55.7)

## Optimal SuperTrend: ATR 16 / Mult 5.0
- Win Rate: 40.0% | PF: 1.79 | Return: 49.35%

## Positions
- BTCUSD: LONG @ $74,169.08

## Global Crypto
- Total Market Cap: $2,587,744,590,665
- BTC Dominance: 57.3%
- 24h Change: -1.0%

============================================================
Market Data Aggregator — 2026-04-15 10:00 UTC
============================================================

Fetching BTC price...
Fetching BTC OHLCV 24h...
Fetching Fear & Greed...
Fetching global crypto market...
Fetching FRED macro data...
Loading internal data...

JSON saved: /home/ubuntu/.openclaw/workspace/directives/market_briefing.json
Markdown saved: /home/ubuntu/.openclaw/workspace/directives/market_briefing.md

# Market Briefing — April 15, 2026 10:00 AM UTC

## BTC: $74,014.00 (-0.7% 24h)
- 24h Range: $73,545 — $76,122 (3.5%)
- 24h Trend: DOWN
- Volume: 51,451,634,364 USD
- Fear & Greed: 23 (Extreme Fear)

## Market Regime: MIXED
- Bias: BULLISH
- Recommendation: DayTrader light size — no clear regime
- 1H: TRANSITIONAL (ADX 27.5, Chop 55.7)

## Optimal SuperTrend: ATR 16 / Mult 5.0
- Win Rate: 40.0% | PF: 1.79 | Return: 49.35%

## Positions
- BTCUSD: LONG @ $74,168.84

## Global Crypto
- Total Market Cap: $2,584,408,596,039
- BTC Dominance: 57.3%
- 24h Change: -1.0%

============================================================
Market Data Aggregator — 2026-04-15 11:00 UTC
============================================================

Fetching BTC price...
Fetching BTC OHLCV 24h...
Fetching Fear & Greed...
Fetching global crypto market...
Fetching FRED macro data...
Loading internal data...

JSON saved: /home/ubuntu/.openclaw/workspace/directives/market_briefing.json
Markdown saved: /home/ubuntu/.openclaw/workspace/directives/market_briefing.md

# Market Briefing — April 15, 2026 11:00 AM UTC

## BTC: $74,031.00 (-0.5% 24h)
- 24h Range: $73,545 — $76,122 (3.5%)
- 24h Trend: DOWN
- Volume: 51,882,266,464 USD
- Fear & Greed: 23 (Extreme Fear)

## Market Regime: MIXED
- Bias: BULLISH
- Recommendation: DayTrader light size — no clear regime
- 1H: TRANSITIONAL (ADX 27.5, Chop 55.7)

## Optimal SuperTrend: ATR 16 / Mult 5.0
- Win Rate: 40.0% | PF: 1.79 | Return: 49.35%

## Positions
- BTCUSD: LONG @ $74,168.82

## Global Crypto
- Total Market Cap: $2,589,490,814,939
- BTC Dominance: 57.3%
- 24h Change: -0.6%

============================================================
Market Data Aggregator — 2026-04-15 12:00 UTC
============================================================

Fetching BTC price...
Fetching BTC OHLCV 24h...
Fetching Fear & Greed...
Fetching global crypto market...
Fetching FRED macro data...
Loading internal data...

JSON saved: /home/ubuntu/.openclaw/workspace/directives/market_briefing.json
Markdown saved: /home/ubuntu/.openclaw/workspace/directives/market_briefing.md

# Market Briefing — April 15, 2026 12:00 PM UTC

## BTC: $74,205.00 (-0.3% 24h)
- 24h Range: $73,545 — $76,122 (3.5%)
- 24h Trend: DOWN
- Volume: 49,128,640,919 USD
- Fear & Greed: 23 (Extreme Fear)

## Market Regime: MIXED
- Bias: BULLISH
- Recommendation: DayTrader light size — no clear regime
- 1H: TRANSITIONAL (ADX 27.5, Chop 55.7)

## Optimal SuperTrend: ATR 16 / Mult 5.0
- Win Rate: 40.0% | PF: 1.79 | Return: 49.35%

## Positions
- BTCUSD: LONG @ $74,170.88

## Global Crypto
- Total Market Cap: $2,588,391,455,920
- BTC Dominance: 57.3%
- 24h Change: -0.7%

============================================================
Market Data Aggregator — 2026-04-15 13:00 UTC
============================================================

Fetching BTC price...
Fetching BTC OHLCV 24h...
Fetching Fear & Greed...
Fetching global crypto market...
Fetching FRED macro data...
Loading internal data...

JSON saved: /home/ubuntu/.openclaw/workspace/directives/market_briefing.json
Markdown saved: /home/ubuntu/.openclaw/workspace/directives/market_briefing.md

# Market Briefing — April 15, 2026 01:00 PM UTC

## BTC: $74,374.00 (-0.1% 24h)
- 24h Range: $73,545 — $76,122 (3.5%)
- 24h Trend: DOWN
- Volume: 52,413,987,763 USD
- Fear & Greed: 23 (Extreme Fear)

## Market Regime: MIXED
- Bias: BULLISH
- Recommendation: DayTrader light size — no clear regime
- 1H: WEAK_TREND (ADX 21.4, Chop 53.3)
- 1D: TRANSITIONAL (ADX 16.7, Chop 43.7)

## Optimal SuperTrend: ATR 16 / Mult 5.0
- Win Rate: 40.0% | PF: 1.79 | Return: 49.35%

## Positions
- BTCUSD: LONG @ $74,171.64

## Global Crypto
- Total Market Cap: $2,596,625,408,031
- BTC Dominance: 57.3%
- 24h Change: -0.3%

============================================================
Market Data Aggregator — 2026-04-15 14:00 UTC
============================================================

Fetching BTC price...
Fetching BTC OHLCV 24h...
Fetching Fear & Greed...
Fetching global crypto market...
Fetching FRED macro data...
Loading internal data...

JSON saved: /home/ubuntu/.openclaw/workspace/directives/market_briefing.json
Markdown saved: /home/ubuntu/.openclaw/workspace/directives/market_briefing.md

# Market Briefing — April 15, 2026 02:00 PM UTC

## BTC: $74,047.00 (-1.9% 24h)
- 24h Range: $73,545 — $76,122 (3.5%)
- 24h Trend: DOWN
- Volume: 49,369,791,381 USD
- Fear & Greed: 23 (Extreme Fear)

## Market Regime: MIXED
- Bias: BULLISH
- Recommendation: DayTrader light size — no clear regime
- 1H: WEAK_TREND (ADX 21.4, Chop 53.3)
- 1D: TRANSITIONAL (ADX 16.7, Chop 43.7)

## Optimal SuperTrend: ATR 16 / Mult 5.0
- Win Rate: 40.0% | PF: 1.79 | Return: 49.35%

## Positions
- BTCUSD: LONG @ $74,171.64

## Global Crypto
- Total Market Cap: $2,585,140,924,613
- BTC Dominance: 57.2%
- 24h Change: -1.9%

============================================================
Market Data Aggregator — 2026-04-15 15:00 UTC
============================================================

Fetching BTC price...
Fetching BTC OHLCV 24h...
Fetching Fear & Greed...
Fetching global crypto market...
Fetching FRED macro data...
Loading internal data...

JSON saved: /home/ubuntu/.openclaw/workspace/directives/market_briefing.json
Markdown saved: /home/ubuntu/.openclaw/workspace/directives/market_briefing.md

# Market Briefing — April 15, 2026 03:00 PM UTC

## BTC: $74,176.00 (-1.3% 24h)
- 24h Range: $73,545 — $75,743 (3.0%)
- 24h Trend: DOWN
- Volume: 45,058,540,262 USD
- Fear & Greed: 23 (Extreme Fear)

## Market Regime: MIXED
- Bias: BULLISH
- Recommendation: DayTrader light size — no clear regime
- 1H: WEAK_TREND (ADX 21.4, Chop 53.3)
- 1D: TRANSITIONAL (ADX 16.7, Chop 43.7)

## Optimal SuperTrend: ATR 16 / Mult 5.0
- Win Rate: 40.0% | PF: 1.79 | Return: 49.35%

## Positions
- BTCUSD: LONG @ $74,170.25

## Global Crypto
- Total Market Cap: $2,595,466,875,925
- BTC Dominance: 57.2%
- 24h Change: -1.0%

============================================================
Market Data Aggregator — 2026-04-15 16:00 UTC
============================================================

Fetching BTC price...
Fetching BTC OHLCV 24h...
Fetching Fear & Greed...
Fetching global crypto market...
Fetching FRED macro data...
Loading internal data...

JSON saved: /home/ubuntu/.openclaw/workspace/directives/market_briefing.json
Markdown saved: /home/ubuntu/.openclaw/workspace/directives/market_briefing.md

# Market Briefing — April 15, 2026 04:00 PM UTC

## BTC: $73,821.00 (-2.1% 24h)
- 24h Range: $73,545 — $75,743 (3.0%)
- 24h Trend: DOWN
- Volume: 42,326,607,879 USD
- Fear & Greed: 23 (Extreme Fear)

## Market Regime: MIXED
- Bias: BULLISH
- Recommendation: DayTrader light size — no clear regime
- 1H: WEAK_TREND (ADX 21.4, Chop 53.3)
- 1D: TRANSITIONAL (ADX 16.7, Chop 43.7)

## Optimal SuperTrend: ATR 16 / Mult 5.0
- Win Rate: 40.0% | PF: 1.79 | Return: 49.35%

## Positions
- BTCUSD: LONG @ $74,169.51

## Global Crypto
- Total Market Cap: $2,590,562,059,477
- BTC Dominance: 57.1%
- 24h Change: -1.4%

============================================================
Market Data Aggregator — 2026-04-15 17:00 UTC
============================================================

Fetching BTC price...
Fetching BTC OHLCV 24h...
Fetching Fear & Greed...
Fetching global crypto market...
Fetching FRED macro data...
Loading internal data...

JSON saved: /home/ubuntu/.openclaw/workspace/directives/market_briefing.json
Markdown saved: /home/ubuntu/.openclaw/workspace/directives/market_briefing.md

# Market Briefing — April 15, 2026 05:00 PM UTC

## BTC: $73,921.00 (-1.0% 24h)
- 24h Range: $73,545 — $74,987 (2.0%)
- 24h Trend: DOWN
- Volume: 42,363,840,077 USD
- Fear & Greed: 23 (Extreme Fear)

## Market Regime: MIXED
- Bias: BULLISH
- Recommendation: DayTrader light size — no clear regime
- 1H: RANGING (ADX 18.1, Chop 70.3)
- 4H: WEAK_TREND (ADX 40.1, Chop 40.2)
- 1D: TRANSITIONAL (ADX 16.7, Chop 43.7)

## Optimal SuperTrend: ATR 16 / Mult 5.0
- Win Rate: 40.0% | PF: 1.79 | Return: 49.35%

## Positions
- BTCUSD: LONG @ $74,168.82

## Global Crypto
- Total Market Cap: $2,593,930,913,978
- BTC Dominance: 57.1%
- 24h Change: -0.3%

============================================================
Market Data Aggregator — 2026-04-15 18:00 UTC
============================================================

Fetching BTC price...
Fetching BTC OHLCV 24h...
Fetching Fear & Greed...
Fetching global crypto market...
Fetching FRED macro data...
Loading internal data...

JSON saved: /home/ubuntu/.openclaw/workspace/directives/market_briefing.json
Markdown saved: /home/ubuntu/.openclaw/workspace/directives/market_briefing.md

# Market Briefing — April 15, 2026 06:00 PM UTC

## BTC: $74,113.00 (-0.9% 24h)
- 24h Range: $73,545 — $74,855 (1.8%)
- 24h Trend: UP
- Volume: 41,482,204,708 USD
- Fear & Greed: 23 (Extreme Fear)

## Market Regime: MIXED
- Bias: BULLISH
- Recommendation: DayTrader light size — no clear regime
- 1H: RANGING (ADX 18.1, Chop 70.3)
- 4H: WEAK_TREND (ADX 40.1, Chop 40.2)
- 1D: TRANSITIONAL (ADX 16.7, Chop 43.7)

## Optimal SuperTrend: ATR 16 / Mult 5.0
- Win Rate: 40.0% | PF: 1.79 | Return: 49.35%

## Positions
- BTCUSD: LONG @ $74,168.83

## Global Crypto
- Total Market Cap: $2,594,350,423,352
- BTC Dominance: 57.1%
- 24h Change: -0.5%

============================================================
Market Data Aggregator — 2026-04-15 19:00 UTC
============================================================

Fetching BTC price...
Fetching BTC OHLCV 24h...
Fetching Fear & Greed...
Fetching global crypto market...
Fetching FRED macro data...
Loading internal data...

JSON saved: /home/ubuntu/.openclaw/workspace/directives/market_briefing.json
Markdown saved: /home/ubuntu/.openclaw/workspace/directives/market_briefing.md

# Market Briefing — April 15, 2026 07:00 PM UTC

## BTC: $74,378.00 (+0.4% 24h)
- 24h Range: $73,545 — $74,821 (1.7%)
- 24h Trend: UP
- Volume: 39,958,784,757 USD
- Fear & Greed: 23 (Extreme Fear)

## Market Regime: MIXED
- Bias: BULLISH
- Recommendation: DayTrader light size — no clear regime
- 1H: RANGING (ADX 18.1, Chop 70.3)
- 4H: WEAK_TREND (ADX 40.1, Chop 40.2)
- 1D: TRANSITIONAL (ADX 16.7, Chop 43.7)

## Optimal SuperTrend: ATR 16 / Mult 5.0
- Win Rate: 40.0% | PF: 1.79 | Return: 49.35%

## Positions
- BTCUSD: LONG @ $74,177.28

## Global Crypto
- Total Market Cap: $2,604,382,700,368
- BTC Dominance: 57.2%
- 24h Change: +0.7%

============================================================
Market Data Aggregator — 2026-04-15 20:00 UTC
============================================================

Fetching BTC price...
Fetching BTC OHLCV 24h...
Fetching Fear & Greed...
Fetching global crypto market...
Fetching FRED macro data...
Loading internal data...

JSON saved: /home/ubuntu/.openclaw/workspace/directives/market_briefing.json
Markdown saved: /home/ubuntu/.openclaw/workspace/directives/market_briefing.md

# Market Briefing — April 15, 2026 08:00 PM UTC

## BTC: $75,074.00 (+1.1% 24h)
- 24h Range: $73,545 — $75,309 (2.4%)
- 24h Trend: UP
- Volume: 39,582,804,465 USD
- Fear & Greed: 23 (Extreme Fear)

## Market Regime: MIXED
- Bias: BULLISH
- Recommendation: DayTrader light size — no clear regime
- 1H: RANGING (ADX 18.1, Chop 70.3)
- 4H: WEAK_TREND (ADX 40.1, Chop 40.2)
- 1D: TRANSITIONAL (ADX 16.7, Chop 43.7)

## Optimal SuperTrend: ATR 16 / Mult 5.0
- Win Rate: 40.0% | PF: 1.79 | Return: 49.35%

## Positions
- BTCUSD: SHORT @ $75,185.30

## Global Crypto
- Total Market Cap: $2,623,452,165,430
- BTC Dominance: 57.3%
- 24h Change: +1.3%

============================================================
Market Data Aggregator — 2026-04-15 21:00 UTC
============================================================

Fetching BTC price...
Fetching BTC OHLCV 24h...
Fetching Fear & Greed...
Fetching global crypto market...
Fetching FRED macro data...
Loading internal data...

JSON saved: /home/ubuntu/.openclaw/workspace/directives/market_briefing.json
Markdown saved: /home/ubuntu/.openclaw/workspace/directives/market_briefing.md

# Market Briefing — April 15, 2026 09:00 PM UTC

## BTC: $74,844.00 (+1.0% 24h)
- 24h Range: $73,545 — $75,309 (2.4%)
- 24h Trend: UP
- Volume: 40,104,501,469 USD
- Fear & Greed: 23 (Extreme Fear)

## Market Regime: MIXED
- Bias: BULLISH
- Recommendation: DayTrader light size — no clear regime
- 1H: TRANSITIONAL (ADX 18.1, Chop 54.6)
- 1D: TRANSITIONAL (ADX 16.7, Chop 44.3)

## Optimal SuperTrend: ATR 16 / Mult 5.0
- Win Rate: 40.0% | PF: 1.79 | Return: 49.35%

## Positions
- BTCUSD: SHORT @ $75,185.30

## Global Crypto
- Total Market Cap: $2,613,763,336,726
- BTC Dominance: 57.3%
- 24h Change: +1.2%

============================================================
Market Data Aggregator — 2026-04-15 22:00 UTC
============================================================

Fetching BTC price...
Fetching BTC OHLCV 24h...
Fetching Fear & Greed...
Fetching global crypto market...
Fetching FRED macro data...
Loading internal data...

JSON saved: /home/ubuntu/.openclaw/workspace/directives/market_briefing.json
Markdown saved: /home/ubuntu/.openclaw/workspace/directives/market_briefing.md

# Market Briefing — April 15, 2026 10:00 PM UTC

## BTC: $74,756.00 (+0.6% 24h)
- 24h Range: $73,545 — $75,309 (2.4%)
- 24h Trend: UP
- Volume: 39,972,837,243 USD
- Fear & Greed: 23 (Extreme Fear)

## Market Regime: MIXED
- Bias: BULLISH
- Recommendation: DayTrader light size — no clear regime
- 1H: TRANSITIONAL (ADX 18.1, Chop 54.6)
- 1D: TRANSITIONAL (ADX 16.7, Chop 44.3)

## Optimal SuperTrend: ATR 16 / Mult 5.0
- Win Rate: 40.0% | PF: 1.79 | Return: 49.35%

## Positions
- BTCUSD: SHORT @ $75,185.30

## Global Crypto
- Total Market Cap: $2,613,588,097,931
- BTC Dominance: 57.3%
- 24h Change: +0.8%

============================================================
Market Data Aggregator — 2026-04-15 23:00 UTC
============================================================

Fetching BTC price...
Fetching BTC OHLCV 24h...
Fetching Fear & Greed...
Fetching global crypto market...
Fetching FRED macro data...
Loading internal data...

JSON saved: /home/ubuntu/.openclaw/workspace/directives/market_briefing.json
Markdown saved: /home/ubuntu/.openclaw/workspace/directives/market_briefing.md

# Market Briefing — April 15, 2026 11:00 PM UTC

## BTC: $74,986.00 (+1.2% 24h)
- 24h Range: $73,545 — $75,451 (2.6%)
- 24h Trend: UP
- Volume: 39,537,199,736 USD
- Fear & Greed: 23 (Extreme Fear)

## Market Regime: MIXED
- Bias: BULLISH
- Recommendation: DayTrader light size — no clear regime
- 1H: TRANSITIONAL (ADX 18.1, Chop 54.6)
- 1D: TRANSITIONAL (ADX 16.7, Chop 44.3)

## Optimal SuperTrend: ATR 16 / Mult 5.0
- Win Rate: 40.0% | PF: 1.79 | Return: 49.35%

## Positions
- BTCUSD: LONG @ $75,187.19

## Global Crypto
- Total Market Cap: $2,625,103,462,073
- BTC Dominance: 57.3%
- 24h Change: +1.5%

============================================================
Market Data Aggregator — 2026-04-16 00:00 UTC
============================================================

Fetching BTC price...
Fetching BTC OHLCV 24h...
Fetching Fear & Greed...
Fetching global crypto market...
Fetching FRED macro data...
Loading internal data...

JSON saved: /home/ubuntu/.openclaw/workspace/directives/market_briefing.json
Markdown saved: /home/ubuntu/.openclaw/workspace/directives/market_briefing.md

# Market Briefing — April 16, 2026 12:00 AM UTC

## BTC: $74,815.00 (+0.9% 24h)
- 24h Range: $73,545 — $75,451 (2.6%)
- 24h Trend: UP
- Volume: 36,670,017,034 USD
- Fear & Greed: 23 (Extreme Fear)

## Market Regime: MIXED
- Bias: BULLISH
- Recommendation: DayTrader light size — no clear regime
- 1H: TRANSITIONAL (ADX 18.1, Chop 54.6)
- 1D: TRANSITIONAL (ADX 16.7, Chop 44.3)

## Optimal SuperTrend: ATR 16 / Mult 5.0
- Win Rate: 40.0% | PF: 1.79 | Return: 49.35%

## Positions
- BTCUSD: LONG @ $75,187.19

## Global Crypto
- Total Market Cap: $2,612,983,564,204
- BTC Dominance: 57.3%
- 24h Change: +0.8%

============================================================
Market Data Aggregator — 2026-04-16 01:00 UTC
============================================================

Fetching BTC price...
Fetching BTC OHLCV 24h...
Fetching Fear & Greed...
Fetching global crypto market...
Fetching FRED macro data...
Loading internal data...

JSON saved: /home/ubuntu/.openclaw/workspace/directives/market_briefing.json
Markdown saved: /home/ubuntu/.openclaw/workspace/directives/market_briefing.md

# Market Briefing — April 16, 2026 01:00 AM UTC

## BTC: $74,810.00 (+0.3% 24h)
- 24h Range: $73,545 — $75,451 (2.6%)
- 24h Trend: UP
- Volume: 39,652,441,229 USD
- Fear & Greed: 23 (Extreme Fear)

## Market Regime: MIXED
- Bias: BULLISH
- Recommendation: DayTrader light size — no clear regime
- 1H: WEAK_TREND (ADX 22.9, Chop 50.9)
- 1D: TRANSITIONAL (ADX 17.0, Chop 45.4)

## Optimal SuperTrend: ATR 16 / Mult 5.0
- Win Rate: 40.0% | PF: 1.79 | Return: 49.35%

## Positions
- BTCUSD: LONG @ $75,187.19

## Global Crypto
- Total Market Cap: $2,613,567,853,890
- BTC Dominance: 57.3%
- 24h Change: +0.4%

============================================================
Market Data Aggregator — 2026-04-16 02:00 UTC
============================================================

Fetching BTC price...
Fetching BTC OHLCV 24h...
Fetching Fear & Greed...
Fetching global crypto market...
Fetching FRED macro data...
Loading internal data...

JSON saved: /home/ubuntu/.openclaw/workspace/directives/market_briefing.json
Markdown saved: /home/ubuntu/.openclaw/workspace/directives/market_briefing.md

# Market Briefing — April 16, 2026 02:00 AM UTC

## BTC: $74,635.00 (-0.0% 24h)
- 24h Range: $73,545 — $75,451 (2.6%)
- 24h Trend: UP
- Volume: 38,975,333,189 USD
- Fear & Greed: 23 (Extreme Fear)

## Market Regime: MIXED
- Bias: BULLISH
- Recommendation: DayTrader light size — no clear regime
- 1H: WEAK_TREND (ADX 22.9, Chop 50.9)
- 1D: TRANSITIONAL (ADX 17.0, Chop 45.4)

## Optimal SuperTrend: ATR 16 / Mult 5.0
- Win Rate: 40.0% | PF: 1.79 | Return: 49.35%

## Positions
- BTCUSD: LONG @ $75,187.19

## Global Crypto
- Total Market Cap: $2,612,518,299,471
- BTC Dominance: 57.2%
- 24h Change: +0.3%

============================================================
Market Data Aggregator — 2026-04-16 03:00 UTC
============================================================

Fetching BTC price...
Fetching BTC OHLCV 24h...
Fetching Fear & Greed...
Fetching global crypto market...
Fetching FRED macro data...
Loading internal data...

JSON saved: /home/ubuntu/.openclaw/workspace/directives/market_briefing.json
Markdown saved: /home/ubuntu/.openclaw/workspace/directives/market_briefing.md

# Market Briefing — April 16, 2026 03:00 AM UTC

## BTC: $74,956.00 (+0.8% 24h)
- 24h Range: $73,545 — $75,451 (2.6%)
- 24h Trend: UP
- Volume: 40,058,910,277 USD
- Fear & Greed: 23 (Extreme Fear)

## Market Regime: MIXED
- Bias: BULLISH
- Recommendation: DayTrader light size — no clear regime
- 1H: WEAK_TREND (ADX 22.9, Chop 50.9)
- 1D: TRANSITIONAL (ADX 17.0, Chop 45.4)

## Optimal SuperTrend: ATR 16 / Mult 5.0
- Win Rate: 40.0% | PF: 1.79 | Return: 49.35%

## Positions
- BTCUSD: SHORT @ $75,177.23

## Global Crypto
- Total Market Cap: $2,620,986,885,918
- BTC Dominance: 57.3%
- 24h Change: +1.0%

============================================================
Market Data Aggregator — 2026-04-16 04:00 UTC
============================================================

Fetching BTC price...
Fetching BTC OHLCV 24h...
Fetching Fear & Greed...
Fetching global crypto market...
Fetching FRED macro data...
Loading internal data...

JSON saved: /home/ubuntu/.openclaw/workspace/directives/market_briefing.json
Markdown saved: /home/ubuntu/.openclaw/workspace/directives/market_briefing.md

# Market Briefing — April 16, 2026 04:00 AM UTC

## BTC: $74,923.00 (+0.8% 24h)
- 24h Range: $73,545 — $75,451 (2.6%)
- 24h Trend: UP
- Volume: 40,462,992,421 USD
- Fear & Greed: 23 (Extreme Fear)

## Market Regime: MIXED
- Bias: BULLISH
- Recommendation: DayTrader light size — no clear regime
- 1H: WEAK_TREND (ADX 22.9, Chop 50.9)
- 1D: TRANSITIONAL (ADX 17.0, Chop 45.4)

## Optimal SuperTrend: ATR 16 / Mult 5.0
- Win Rate: 40.0% | PF: 1.79 | Return: 49.35%

## Positions
- BTCUSD: LONG @ $75,176.99

## Global Crypto
- Total Market Cap: $2,620,099,335,575
- BTC Dominance: 57.2%
- 24h Change: +0.9%

============================================================
Market Data Aggregator — 2026-04-16 05:00 UTC
============================================================

Fetching BTC price...
Fetching BTC OHLCV 24h...
Fetching Fear & Greed...
Fetching global crypto market...
Fetching FRED macro data...
Loading internal data...

JSON saved: /home/ubuntu/.openclaw/workspace/directives/market_briefing.json
Markdown saved: /home/ubuntu/.openclaw/workspace/directives/market_briefing.md

# Market Briefing — April 16, 2026 05:00 AM UTC

## BTC: $74,945.00 (+0.8% 24h)
- 24h Range: $73,545 — $75,451 (2.6%)
- 24h Trend: UP
- Volume: 40,592,138,853 USD
- Fear & Greed: 23 (Extreme Fear)

## Market Regime: MIXED
- Bias: BULLISH
- Recommendation: DayTrader light size — no clear regime
- 1H: WEAK_TREND (ADX 26.3, Chop 48.3)
- 4H: TRANSITIONAL (ADX 42.1, Chop 61.0)
- 1D: TRANSITIONAL (ADX 17.0, Chop 44.1)

## Optimal SuperTrend: ATR 16 / Mult 5.0
- Win Rate: 40.0% | PF: 1.79 | Return: 49.35%

## Positions
- BTCUSD: LONG @ $75,177.37

## Global Crypto
- Total Market Cap: $2,620,418,211,043
- BTC Dominance: 57.2%
- 24h Change: +0.9%

============================================================
Market Data Aggregator — 2026-04-16 06:00 UTC
============================================================

Fetching BTC price...
Fetching BTC OHLCV 24h...
Fetching Fear & Greed...
Fetching global crypto market...
Fetching FRED macro data...
Loading internal data...

JSON saved: /home/ubuntu/.openclaw/workspace/directives/market_briefing.json
Markdown saved: /home/ubuntu/.openclaw/workspace/directives/market_briefing.md

# Market Briefing — April 16, 2026 06:00 AM UTC

## BTC: $75,050.00 (+1.4% 24h)
- 24h Range: $73,545 — $75,451 (2.6%)
- 24h Trend: UP
- Volume: 39,936,564,280 USD
- Fear & Greed: 23 (Extreme Fear)

## Market Regime: MIXED
- Bias: BULLISH
- Recommendation: DayTrader light size — no clear regime
- 1H: WEAK_TREND (ADX 26.3, Chop 48.3)
- 4H: TRANSITIONAL (ADX 42.1, Chop 61.0)
- 1D: TRANSITIONAL (ADX 17.0, Chop 44.1)

## Optimal SuperTrend: ATR 16 / Mult 5.0
- Win Rate: 40.0% | PF: 1.79 | Return: 49.35%

## Positions
- BTCUSD: LONG @ $75,177.37

## Global Crypto
- Total Market Cap: $2,623,009,158,403
- BTC Dominance: 57.3%
- 24h Change: +1.4%

============================================================
Market Data Aggregator — 2026-04-16 07:00 UTC
============================================================

Fetching BTC price...
Fetching BTC OHLCV 24h...
Fetching Fear & Greed...
Fetching global crypto market...
Fetching FRED macro data...
Loading internal data...

JSON saved: /home/ubuntu/.openclaw/workspace/directives/market_briefing.json
Markdown saved: /home/ubuntu/.openclaw/workspace/directives/market_briefing.md

# Market Briefing — April 16, 2026 07:00 AM UTC

## BTC: $74,994.00 (+1.5% 24h)
- 24h Range: $73,545 — $75,451 (2.6%)
- 24h Trend: UP
- Volume: 40,171,982,610 USD
- Fear & Greed: 23 (Extreme Fear)

## Market Regime: MIXED
- Bias: BULLISH
- Recommendation: DayTrader light size — no clear regime
- 1H: WEAK_TREND (ADX 26.3, Chop 48.3)
- 4H: TRANSITIONAL (ADX 42.1, Chop 61.0)
- 1D: TRANSITIONAL (ADX 17.0, Chop 44.1)

## Optimal SuperTrend: ATR 16 / Mult 5.0
- Win Rate: 40.0% | PF: 1.79 | Return: 49.35%

## Positions
- BTCUSD: LONG @ $75,177.37

## Global Crypto
- Total Market Cap: $2,622,792,377,214
- BTC Dominance: 57.3%
- 24h Change: +1.5%

============================================================
Market Data Aggregator — 2026-04-16 08:00 UTC
============================================================

Fetching BTC price...
Fetching BTC OHLCV 24h...
Fetching Fear & Greed...
Fetching global crypto market...
Fetching FRED macro data...
Loading internal data...

JSON saved: /home/ubuntu/.openclaw/workspace/directives/market_briefing.json
Markdown saved: /home/ubuntu/.openclaw/workspace/directives/market_briefing.md

# Market Briefing — April 16, 2026 08:00 AM UTC

## BTC: $74,698.00 (+1.3% 24h)
- 24h Range: $0 — $0 (0.0%)
- 24h Trend: ?
- Volume: 39,091,003,308 USD
- Fear & Greed: 23 (Extreme Fear)

## Market Regime: MIXED
- Bias: BULLISH
- Recommendation: DayTrader light size — no clear regime
- 1H: TRANSITIONAL (ADX 25.5, Chop 67.5)
- 4H: TRANSITIONAL (ADX 42.5, Chop 61.3)
- 1D: TRANSITIONAL (ADX 17.0, Chop 44.1)

## Optimal SuperTrend: ATR 16 / Mult 5.0
- Win Rate: 40.0% | PF: 1.79 | Return: 49.35%

## Positions
- BTCUSD: LONG @ $75,177.37

## Global Crypto
- Total Market Cap: $2,615,679,245,709
- BTC Dominance: 57.2%
- 24h Change: +1.4%

============================================================
Market Data Aggregator — 2026-04-16 09:00 UTC
============================================================

Fetching BTC price...
Fetching BTC OHLCV 24h...
Fetching Fear & Greed...
Fetching global crypto market...
Fetching FRED macro data...
Loading internal data...

JSON saved: /home/ubuntu/.openclaw/workspace/directives/market_briefing.json
Markdown saved: /home/ubuntu/.openclaw/workspace/directives/market_briefing.md

# Market Briefing — April 16, 2026 09:00 AM UTC

## BTC: $74,705.00 (+0.8% 24h)
- 24h Range: $73,615 — $75,451 (2.5%)
- 24h Trend: UP
- Volume: 39,991,358,129 USD
- Fear & Greed: 23 (Extreme Fear)

## Market Regime: MIXED
- Bias: BULLISH
- Recommendation: DayTrader light size — no clear regime
- 1H: TRANSITIONAL (ADX 25.5, Chop 67.5)
- 4H: TRANSITIONAL (ADX 42.5, Chop 61.3)
- 1D: TRANSITIONAL (ADX 17.0, Chop 44.1)

## Optimal SuperTrend: ATR 16 / Mult 5.0
- Win Rate: 40.0% | PF: 1.79 | Return: 49.35%

## Positions
- BTCUSD: LONG @ $75,177.37

## Global Crypto
- Total Market Cap: $2,614,700,473,509
- BTC Dominance: 57.2%
- 24h Change: +1.0%

============================================================
Market Data Aggregator — 2026-04-16 10:00 UTC
============================================================

Fetching BTC price...
Fetching BTC OHLCV 24h...
Fetching Fear & Greed...
Fetching global crypto market...
Fetching FRED macro data...
Loading internal data...

JSON saved: /home/ubuntu/.openclaw/workspace/directives/market_briefing.json
Markdown saved: /home/ubuntu/.openclaw/workspace/directives/market_briefing.md

# Market Briefing — April 16, 2026 10:00 AM UTC

## BTC: $74,623.00 (+0.8% 24h)
- 24h Range: $73,615 — $75,451 (2.5%)
- 24h Trend: UP
- Volume: 39,214,267,558 USD
- Fear & Greed: 23 (Extreme Fear)

## Market Regime: MIXED
- Bias: BULLISH
- Recommendation: DayTrader light size — no clear regime
- 1H: TRANSITIONAL (ADX 25.5, Chop 67.5)
- 4H: TRANSITIONAL (ADX 42.5, Chop 61.3)
- 1D: TRANSITIONAL (ADX 17.0, Chop 44.1)

## Optimal SuperTrend: ATR 16 / Mult 5.0
- Win Rate: 40.0% | PF: 1.79 | Return: 49.35%

## Positions
- BTCUSD: LONG @ $75,177.37

## Global Crypto
- Total Market Cap: $2,612,840,287,207
- BTC Dominance: 57.2%
- 24h Change: +1.0%

============================================================
Market Data Aggregator — 2026-04-16 11:00 UTC
============================================================

Fetching BTC price...
Fetching BTC OHLCV 24h...
Fetching Fear & Greed...
Fetching global crypto market...
Fetching FRED macro data...
Loading internal data...

JSON saved: /home/ubuntu/.openclaw/workspace/directives/market_briefing.json
Markdown saved: /home/ubuntu/.openclaw/workspace/directives/market_briefing.md

# Market Briefing — April 16, 2026 11:00 AM UTC

## BTC: $74,352.00 (+0.4% 24h)
- 24h Range: $73,615 — $75,451 (2.5%)
- 24h Trend: UP
- Volume: 38,528,907,461 USD
- Fear & Greed: 23 (Extreme Fear)

## Market Regime: MIXED
- Bias: BULLISH
- Recommendation: DayTrader light size — no clear regime
- 1H: TRANSITIONAL (ADX 25.5, Chop 67.5)
- 4H: TRANSITIONAL (ADX 42.5, Chop 61.3)
- 1D: TRANSITIONAL (ADX 17.0, Chop 44.1)

## Optimal SuperTrend: ATR 16 / Mult 5.0
- Win Rate: 40.0% | PF: 1.79 | Return: 49.35%

## Positions
- BTCUSD: LONG @ $75,177.37

## Global Crypto
- Total Market Cap: $2,605,596,257,860
- BTC Dominance: 57.1%
- 24h Change: +0.8%

============================================================
Market Data Aggregator — 2026-04-16 12:00 UTC
============================================================

Fetching BTC price...
Fetching BTC OHLCV 24h...
Fetching Fear & Greed...
Fetching global crypto market...
Fetching FRED macro data...
Loading internal data...

JSON saved: /home/ubuntu/.openclaw/workspace/directives/market_briefing.json
Markdown saved: /home/ubuntu/.openclaw/workspace/directives/market_briefing.md

# Market Briefing — April 16, 2026 12:00 PM UTC

## BTC: $74,548.00 (+0.5% 24h)
- 24h Range: $73,615 — $75,451 (2.5%)
- 24h Trend: UP
- Volume: 39,961,317,124 USD
- Fear & Greed: 23 (Extreme Fear)

## Market Regime: MIXED
- Bias: BULLISH
- Recommendation: DayTrader light size — no clear regime
- 1H: TRANSITIONAL (ADX 25.5, Chop 67.5)
- 4H: TRANSITIONAL (ADX 42.5, Chop 61.3)
- 1D: TRANSITIONAL (ADX 17.0, Chop 44.1)

## Optimal SuperTrend: ATR 16 / Mult 5.0
- Win Rate: 40.0% | PF: 1.79 | Return: 49.35%

## Positions
- BTCUSD: LONG @ $75,177.37

## Global Crypto
- Total Market Cap: $2,609,679,105,427
- BTC Dominance: 57.1%
- 24h Change: +0.8%

============================================================
Market Data Aggregator — 2026-04-16 13:00 UTC
============================================================

Fetching BTC price...
Fetching BTC OHLCV 24h...
Fetching Fear & Greed...
Fetching global crypto market...
Fetching FRED macro data...
Loading internal data...

JSON saved: /home/ubuntu/.openclaw/workspace/directives/market_briefing.json
Markdown saved: /home/ubuntu/.openclaw/workspace/directives/market_briefing.md

# Market Briefing — April 16, 2026 01:00 PM UTC

## BTC: $74,634.00 (+0.3% 24h)
- 24h Range: $73,615 — $75,451 (2.5%)
- 24h Trend: UP
- Volume: 39,719,743,527 USD
- Fear & Greed: 23 (Extreme Fear)

## Market Regime: MIXED
- Bias: BULLISH
- Recommendation: DayTrader light size — no clear regime
- 1H: TRANSITIONAL (ADX 20.2, Chop 58.4)

## Optimal SuperTrend: ATR 16 / Mult 5.0
- Win Rate: 40.0% | PF: 1.79 | Return: 49.35%

## Positions
- BTCUSD: LONG @ $75,177.37

## Global Crypto
- Total Market Cap: $2,614,010,276,285
- BTC Dominance: 57.1%
- 24h Change: +0.7%

============================================================
Market Data Aggregator — 2026-04-16 14:00 UTC
============================================================

Fetching BTC price...
Fetching BTC OHLCV 24h...
Fetching Fear & Greed...
Fetching global crypto market...
Fetching FRED macro data...
Loading internal data...

JSON saved: /home/ubuntu/.openclaw/workspace/directives/market_briefing.json
Markdown saved: /home/ubuntu/.openclaw/workspace/directives/market_briefing.md

# Market Briefing — April 16, 2026 02:00 PM UTC

## BTC: $73,706.00 (-0.5% 24h)
- 24h Range: $73,313 — $75,451 (2.9%)
- 24h Trend: DOWN
- Volume: 39,981,940,948 USD
- Fear & Greed: 23 (Extreme Fear)

## Market Regime: MIXED
- Bias: BULLISH
- Recommendation: DayTrader light size — no clear regime
- 1H: TRANSITIONAL (ADX 20.2, Chop 58.4)

## Optimal SuperTrend: ATR 16 / Mult 5.0
- Win Rate: 40.0% | PF: 1.79 | Return: 49.35%

## Positions
- BTCUSD: LONG @ $74,169.00

## Global Crypto
- Total Market Cap: $2,609,406,122,186
- BTC Dominance: 57.0%
- 24h Change: +0.7%

============================================================
Market Data Aggregator — 2026-04-16 15:00 UTC
============================================================

Fetching BTC price...
Fetching BTC OHLCV 24h...
Fetching Fear & Greed...
Fetching global crypto market...
Fetching FRED macro data...
Loading internal data...

JSON saved: /home/ubuntu/.openclaw/workspace/directives/market_briefing.json
Markdown saved: /home/ubuntu/.openclaw/workspace/directives/market_briefing.md

# Market Briefing — April 16, 2026 03:00 PM UTC

## BTC: $73,921.00 (-0.3% 24h)
- 24h Range: $73,313 — $75,451 (2.9%)
- 24h Trend: UP
- Volume: 42,293,132,080 USD
- Fear & Greed: 23 (Extreme Fear)

## Market Regime: MIXED
- Bias: BULLISH
- Recommendation: DayTrader light size — no clear regime
- 1H: TRANSITIONAL (ADX 20.2, Chop 58.4)

## Optimal SuperTrend: ATR 16 / Mult 5.0
- Win Rate: 40.0% | PF: 1.79 | Return: 49.35%

## Positions
- BTCUSD: LONG @ $74,169.00

## Global Crypto
- Total Market Cap: $2,603,066,186,155
- BTC Dominance: 57.0%
- 24h Change: +0.3%

============================================================
Market Data Aggregator — 2026-04-16 16:00 UTC
============================================================

Fetching BTC price...
Fetching BTC OHLCV 24h...
Fetching Fear & Greed...
Fetching global crypto market...
Fetching FRED macro data...
Loading internal data...

JSON saved: /home/ubuntu/.openclaw/workspace/directives/market_briefing.json
Markdown saved: /home/ubuntu/.openclaw/workspace/directives/market_briefing.md

# Market Briefing — April 16, 2026 04:00 PM UTC

## BTC: $74,725.00 (+1.2% 24h)
- 24h Range: $73,313 — $75,451 (2.9%)
- 24h Trend: UP
- Volume: 43,867,963,072 USD
- Fear & Greed: 23 (Extreme Fear)

## Market Regime: MIXED
- Bias: BEARISH
- Recommendation: DayTrader light size — no clear regime
- 1H: TRANSITIONAL (ADX 19.4, Chop 52.6)

## Optimal SuperTrend: ATR 16 / Mult 5.0
- Win Rate: 40.0% | PF: 1.79 | Return: 49.35%

## Positions
- BTCUSD: LONG @ $74,172.25

## Global Crypto
- Total Market Cap: $2,619,819,232,500
- BTC Dominance: 57.0%
- 24h Change: +1.3%

============================================================
Market Data Aggregator — 2026-04-16 17:00 UTC
============================================================

Fetching BTC price...
Fetching BTC OHLCV 24h...
Fetching Fear & Greed...
Fetching global crypto market...
Fetching FRED macro data...
Loading internal data...

JSON saved: /home/ubuntu/.openclaw/workspace/directives/market_briefing.json
Markdown saved: /home/ubuntu/.openclaw/workspace/directives/market_briefing.md

# Market Briefing — April 16, 2026 05:00 PM UTC

## BTC: $74,205.00 (+0.4% 24h)
- 24h Range: $73,313 — $75,451 (2.9%)
- 24h Trend: UP
- Volume: 43,228,459,461 USD
- Fear & Greed: 23 (Extreme Fear)

## Market Regime: MIXED
- Bias: BEARISH
- Recommendation: DayTrader light size — no clear regime
- 1H: TRANSITIONAL (ADX 19.4, Chop 52.6)

## Optimal SuperTrend: ATR 16 / Mult 5.0
- Win Rate: 40.0% | PF: 1.79 | Return: 49.35%

## Positions
- BTCUSD: LONG @ $74,170.46

## Global Crypto
- Total Market Cap: $2,611,574,824,575
- BTC Dominance: 57.0%
- 24h Change: +0.8%

============================================================
Market Data Aggregator — 2026-04-16 18:00 UTC
============================================================

Fetching BTC price...
Fetching BTC OHLCV 24h...
Fetching Fear & Greed...
Fetching global crypto market...
Fetching FRED macro data...
Loading internal data...

JSON saved: /home/ubuntu/.openclaw/workspace/directives/market_briefing.json
Markdown saved: /home/ubuntu/.openclaw/workspace/directives/market_briefing.md

# Market Briefing — April 16, 2026 06:00 PM UTC

## BTC: $74,275.00 (+0.2% 24h)
- 24h Range: $73,313 — $75,451 (2.9%)
- 24h Trend: DOWN
- Volume: 43,589,109,537 USD
- Fear & Greed: 23 (Extreme Fear)

## Market Regime: MIXED
- Bias: BEARISH
- Recommendation: DayTrader light size — no clear regime
- 1H: TRANSITIONAL (ADX 19.4, Chop 52.6)

## Optimal SuperTrend: ATR 16 / Mult 5.0
- Win Rate: 40.0% | PF: 1.79 | Return: 49.35%

## Positions
- BTCUSD: LONG @ $74,171.18

## Global Crypto
- Total Market Cap: $2,612,623,980,853
- BTC Dominance: 57.0%
- 24h Change: +0.6%

============================================================
Market Data Aggregator — 2026-04-16 19:00 UTC
============================================================

Fetching BTC price...
Fetching BTC OHLCV 24h...
Fetching Fear & Greed...
Fetching global crypto market...
Fetching FRED macro data...
Loading internal data...

JSON saved: /home/ubuntu/.openclaw/workspace/directives/market_briefing.json
Markdown saved: /home/ubuntu/.openclaw/workspace/directives/market_briefing.md

# Market Briefing — April 16, 2026 07:00 PM UTC

## BTC: $74,950.00 (+0.8% 24h)
- 24h Range: $73,313 — $75,451 (2.9%)
- 24h Trend: UP
- Volume: 44,020,041,662 USD
- Fear & Greed: 23 (Extreme Fear)

## Market Regime: MIXED
- Bias: BEARISH
- Recommendation: DayTrader light size — no clear regime
- 1H: TRANSITIONAL (ADX 19.4, Chop 52.6)

## Optimal SuperTrend: ATR 16 / Mult 5.0
- Win Rate: 40.0% | PF: 1.79 | Return: 49.35%

## Positions
- BTCUSD: LONG @ $74,171.18

## Global Crypto
- Total Market Cap: $2,629,130,569,352
- BTC Dominance: 56.9%
- 24h Change: +0.9%

============================================================
Market Data Aggregator — 2026-04-16 20:00 UTC
============================================================

Fetching BTC price...
Fetching BTC OHLCV 24h...
Fetching Fear & Greed...
Fetching global crypto market...
Fetching FRED macro data...
Loading internal data...

JSON saved: /home/ubuntu/.openclaw/workspace/directives/market_briefing.json
Markdown saved: /home/ubuntu/.openclaw/workspace/directives/market_briefing.md

# Market Briefing — April 16, 2026 08:00 PM UTC

## BTC: $75,382.00 (+0.4% 24h)
- 24h Range: $73,313 — $75,451 (2.9%)
- 24h Trend: UP
- Volume: 45,392,649,367 USD
- Fear & Greed: 23 (Extreme Fear)

## Market Regime: MIXED
- Bias: BULLISH
- Recommendation: DayTrader light size — no clear regime
- 1H: TRANSITIONAL (ADX 18.0, Chop 54.7)
- 1D: TRANSITIONAL (ADX 16.9, Chop 45.6)

## Optimal SuperTrend: ATR 16 / Mult 5.0
- Win Rate: 40.0% | PF: 1.79 | Return: 49.35%

## Positions
- BTCUSD: LONG @ $75,378.32

## Global Crypto
- Total Market Cap: $2,644,489,167,820
- BTC Dominance: 57.0%
- 24h Change: +0.8%

============================================================
Market Data Aggregator — 2026-04-16 21:00 UTC
============================================================

Fetching BTC price...
Fetching BTC OHLCV 24h...
Fetching Fear & Greed...
Fetching global crypto market...
Fetching FRED macro data...
Loading internal data...

JSON saved: /home/ubuntu/.openclaw/workspace/directives/market_briefing.json
Markdown saved: /home/ubuntu/.openclaw/workspace/directives/market_briefing.md

# Market Briefing — April 16, 2026 09:00 PM UTC

## BTC: $75,236.00 (+0.5% 24h)
- 24h Range: $73,313 — $75,536 (3.0%)
- 24h Trend: UP
- Volume: 45,742,945,490 USD
- Fear & Greed: 23 (Extreme Fear)

## Market Regime: MIXED
- Bias: BULLISH
- Recommendation: DayTrader light size — no clear regime
- 1H: TRANSITIONAL (ADX 18.0, Chop 54.7)
- 1D: TRANSITIONAL (ADX 16.9, Chop 45.6)

## Optimal SuperTrend: ATR 16 / Mult 5.0
- Win Rate: 40.0% | PF: 1.79 | Return: 49.35%

## Positions
- BTCUSD: LONG @ $75,378.32

## Global Crypto
- Total Market Cap: $2,640,200,038,123
- BTC Dominance: 57.0%
- 24h Change: +0.9%

============================================================
Market Data Aggregator — 2026-04-16 22:00 UTC
============================================================

Fetching BTC price...
Fetching BTC OHLCV 24h...
Fetching Fear & Greed...
Fetching global crypto market...
Fetching FRED macro data...
Loading internal data...

JSON saved: /home/ubuntu/.openclaw/workspace/directives/market_briefing.json
Markdown saved: /home/ubuntu/.openclaw/workspace/directives/market_briefing.md

# Market Briefing — April 16, 2026 10:00 PM UTC

## BTC: $74,950.00 (+0.3% 24h)
- 24h Range: $73,313 — $75,536 (3.0%)
- 24h Trend: DOWN
- Volume: 45,335,626,886 USD
- Fear & Greed: 23 (Extreme Fear)

## Market Regime: MIXED
- Bias: BULLISH
- Recommendation: DayTrader light size — no clear regime
- 1H: TRANSITIONAL (ADX 18.0, Chop 54.7)
- 1D: TRANSITIONAL (ADX 16.9, Chop 45.6)

## Optimal SuperTrend: ATR 16 / Mult 5.0
- Win Rate: 40.0% | PF: 1.79 | Return: 49.35%

## Positions
- BTCUSD: LONG @ $75,378.32

## Global Crypto
- Total Market Cap: $2,634,117,293,309
- BTC Dominance: 57.0%
- 24h Change: +0.8%

============================================================
Market Data Aggregator — 2026-04-16 23:00 UTC
============================================================

Fetching BTC price...
Fetching BTC OHLCV 24h...
Fetching Fear & Greed...
Fetching global crypto market...
Fetching FRED macro data...
Loading internal data...

JSON saved: /home/ubuntu/.openclaw/workspace/directives/market_briefing.json
Markdown saved: /home/ubuntu/.openclaw/workspace/directives/market_briefing.md

# Market Briefing — April 16, 2026 11:00 PM UTC

## BTC: $74,883.00 (-0.1% 24h)
- 24h Range: $73,313 — $75,536 (3.0%)
- 24h Trend: UP
- Volume: 44,412,631,528 USD
- Fear & Greed: 23 (Extreme Fear)

## Market Regime: MIXED
- Bias: BULLISH
- Recommendation: DayTrader light size — no clear regime
- 1H: TRANSITIONAL (ADX 18.0, Chop 54.7)
- 1D: TRANSITIONAL (ADX 16.9, Chop 45.6)

## Optimal SuperTrend: ATR 16 / Mult 5.0
- Win Rate: 40.0% | PF: 1.79 | Return: 49.35%

## Positions
- BTCUSD: LONG @ $75,378.32

## Global Crypto
- Total Market Cap: $2,633,834,734,905
- BTC Dominance: 57.0%
- 24h Change: +0.5%

============================================================
Market Data Aggregator — 2026-04-17 00:00 UTC
============================================================

Fetching BTC price...
Fetching BTC OHLCV 24h...
Fetching Fear & Greed...
Fetching global crypto market...
Fetching FRED macro data...
Loading internal data...

JSON saved: /home/ubuntu/.openclaw/workspace/directives/market_briefing.json
Markdown saved: /home/ubuntu/.openclaw/workspace/directives/market_briefing.md

# Market Briefing — April 17, 2026 12:00 AM UTC

## BTC: $75,138.00 (+0.4% 24h)
- 24h Range: $73,313 — $75,536 (3.0%)
- 24h Trend: UP
- Volume: 44,434,045,421 USD
- Fear & Greed: 21 (Extreme Fear)

## Market Regime: MIXED
- Bias: BULLISH
- Recommendation: DayTrader light size — no clear regime
- 1H: TRANSITIONAL (ADX 18.0, Chop 54.7)
- 1D: TRANSITIONAL (ADX 16.9, Chop 45.6)

## Optimal SuperTrend: ATR 16 / Mult 5.0
- Win Rate: 40.0% | PF: 1.79 | Return: 49.35%

## Positions
- BTCUSD: LONG @ $75,378.32

## Global Crypto
- Total Market Cap: $2,639,233,692,569
- BTC Dominance: 57.0%
- 24h Change: +1.0%

============================================================
Market Data Aggregator — 2026-04-17 01:00 UTC
============================================================

Fetching BTC price...
Fetching BTC OHLCV 24h...
Fetching Fear & Greed...
Fetching global crypto market...
Fetching FRED macro data...
Loading internal data...

JSON saved: /home/ubuntu/.openclaw/workspace/directives/market_briefing.json
Markdown saved: /home/ubuntu/.openclaw/workspace/directives/market_briefing.md

# Market Briefing — April 17, 2026 01:00 AM UTC

## BTC: $74,977.00 (+0.2% 24h)
- 24h Range: $73,313 — $75,536 (3.0%)
- 24h Trend: UP
- Volume: 44,041,831,469 USD
- Fear & Greed: 21 (Extreme Fear)

## Market Regime: MIXED
- Bias: BULLISH
- Recommendation: DayTrader light size — no clear regime
- 1H: TRANSITIONAL (ADX 17.5, Chop 52.5)
- 4H: TRANSITIONAL (ADX 35.7, Chop 65.1)

## Optimal SuperTrend: ATR 16 / Mult 5.0
- Win Rate: 40.0% | PF: 1.79 | Return: 49.35%

## Positions
- BTCUSD: LONG @ $75,378.32

## Global Crypto
- Total Market Cap: $2,635,352,332,660
- BTC Dominance: 56.9%
- 24h Change: +0.8%

============================================================
Market Data Aggregator — 2026-04-17 02:00 UTC
============================================================

Fetching BTC price...
Fetching BTC OHLCV 24h...
Fetching Fear & Greed...
Fetching global crypto market...
Fetching FRED macro data...
Loading internal data...

JSON saved: /home/ubuntu/.openclaw/workspace/directives/market_briefing.json
Markdown saved: /home/ubuntu/.openclaw/workspace/directives/market_briefing.md

# Market Briefing — April 17, 2026 02:00 AM UTC

## BTC: $74,774.00 (+0.2% 24h)
- 24h Range: $73,313 — $75,536 (3.0%)
- 24h Trend: DOWN
- Volume: 43,970,491,818 USD
- Fear & Greed: 21 (Extreme Fear)

## Market Regime: MIXED
- Bias: BULLISH
- Recommendation: DayTrader light size — no clear regime
- 1H: TRANSITIONAL (ADX 17.5, Chop 52.5)
- 4H: TRANSITIONAL (ADX 35.7, Chop 65.1)

## Optimal SuperTrend: ATR 16 / Mult 5.0
- Win Rate: 40.0% | PF: 1.79 | Return: 49.35%

## Positions
- BTCUSD: LONG @ $75,378.32

## Global Crypto
- Total Market Cap: $2,622,681,412,019
- BTC Dominance: 57.0%
- 24h Change: +0.5%

============================================================
Market Data Aggregator — 2026-04-17 03:00 UTC
============================================================

Fetching BTC price...
Fetching BTC OHLCV 24h...
Fetching Fear & Greed...
Fetching global crypto market...
Fetching FRED macro data...
Loading internal data...

JSON saved: /home/ubuntu/.openclaw/workspace/directives/market_briefing.json
Markdown saved: /home/ubuntu/.openclaw/workspace/directives/market_briefing.md

# Market Briefing — April 17, 2026 03:00 AM UTC

## BTC: $74,703.00 (-0.3% 24h)
- 24h Range: $73,313 — $75,536 (3.0%)
- 24h Trend: DOWN
- Volume: 42,714,401,912 USD
- Fear & Greed: 21 (Extreme Fear)

## Market Regime: MIXED
- Bias: BULLISH
- Recommendation: DayTrader light size — no clear regime
- 1H: TRANSITIONAL (ADX 17.5, Chop 52.5)
- 4H: TRANSITIONAL (ADX 35.7, Chop 65.1)

## Optimal SuperTrend: ATR 16 / Mult 5.0
- Win Rate: 40.0% | PF: 1.79 | Return: 49.35%

## Positions
- BTCUSD: LONG @ $75,378.32

## Global Crypto
- Total Market Cap: $2,622,704,887,079
- BTC Dominance: 57.0%
- 24h Change: +0.1%

============================================================
Market Data Aggregator — 2026-04-17 04:00 UTC
============================================================

Fetching BTC price...
Fetching BTC OHLCV 24h...
Fetching Fear & Greed...
Fetching global crypto market...
Fetching FRED macro data...
Loading internal data...

JSON saved: /home/ubuntu/.openclaw/workspace/directives/market_briefing.json
Markdown saved: /home/ubuntu/.openclaw/workspace/directives/market_briefing.md

# Market Briefing — April 17, 2026 04:00 AM UTC

## BTC: $74,652.00 (-0.3% 24h)
- 24h Range: $73,313 — $75,536 (3.0%)
- 24h Trend: DOWN
- Volume: 41,802,835,085 USD
- Fear & Greed: 21 (Extreme Fear)

## Market Regime: MIXED
- Bias: BULLISH
- Recommendation: DayTrader light size — no clear regime
- 1H: TRANSITIONAL (ADX 17.5, Chop 52.5)
- 4H: TRANSITIONAL (ADX 35.7, Chop 65.1)

## Optimal SuperTrend: ATR 16 / Mult 5.0
- Win Rate: 40.0% | PF: 1.79 | Return: 49.35%

## Positions
- BTCUSD: LONG @ $75,378.32

## Global Crypto
- Total Market Cap: $2,624,637,216,051
- BTC Dominance: 57.0%
- 24h Change: +0.2%

============================================================
Market Data Aggregator — 2026-04-17 05:00 UTC
============================================================

Fetching BTC price...
Fetching BTC OHLCV 24h...
Fetching Fear & Greed...
Fetching global crypto market...
Fetching FRED macro data...
Loading internal data...

JSON saved: /home/ubuntu/.openclaw/workspace/directives/market_briefing.json
Markdown saved: /home/ubuntu/.openclaw/workspace/directives/market_briefing.md

# Market Briefing — April 17, 2026 05:00 AM UTC

## BTC: $74,788.00 (-0.2% 24h)
- 24h Range: $73,313 — $75,536 (3.0%)
- 24h Trend: DOWN
- Volume: 42,041,718,455 USD
- Fear & Greed: 21 (Extreme Fear)

## Market Regime: MIXED
- Bias: BULLISH
- Recommendation: DayTrader light size — no clear regime
- 1H: RANGING (ADX 14.0, Chop 55.2)
- 4H: TRANSITIONAL (ADX 33.8, Chop 64.7)
- 1D: TRANSITIONAL (ADX 17.1, Chop 46.5)

## Optimal SuperTrend: ATR 16 / Mult 5.0
- Win Rate: 40.0% | PF: 1.79 | Return: 49.35%

## Positions
- BTCUSD: LONG @ $75,378.32

## Global Crypto
- Total Market Cap: $2,627,431,525,034
- BTC Dominance: 57.0%
- 24h Change: +0.3%

============================================================
Market Data Aggregator — 2026-04-17 06:00 UTC
============================================================

Fetching BTC price...
Fetching BTC OHLCV 24h...
Fetching Fear & Greed...
Fetching global crypto market...
Fetching FRED macro data...
Loading internal data...

JSON saved: /home/ubuntu/.openclaw/workspace/directives/market_briefing.json
Markdown saved: /home/ubuntu/.openclaw/workspace/directives/market_briefing.md

# Market Briefing — April 17, 2026 06:00 AM UTC

## BTC: $74,668.00 (-0.5% 24h)
- 24h Range: $73,313 — $75,536 (3.0%)
- 24h Trend: DOWN
- Volume: 40,784,988,616 USD
- Fear & Greed: 21 (Extreme Fear)

## Market Regime: MIXED
- Bias: BULLISH
- Recommendation: DayTrader light size — no clear regime
- 1H: RANGING (ADX 14.0, Chop 55.2)
- 4H: TRANSITIONAL (ADX 33.8, Chop 64.7)
- 1D: TRANSITIONAL (ADX 17.1, Chop 46.5)

## Optimal SuperTrend: ATR 16 / Mult 5.0
- Win Rate: 40.0% | PF: 1.79 | Return: 49.35%

## Positions
- BTCUSD: LONG @ $75,378.32

## Global Crypto
- Total Market Cap: $2,621,611,488,080
- BTC Dominance: 57.0%
- 24h Change: -0.1%

============================================================
Market Data Aggregator — 2026-04-17 07:00 UTC
============================================================

Fetching BTC price...
Fetching BTC OHLCV 24h...
Fetching Fear & Greed...
Fetching global crypto market...
Fetching FRED macro data...
Loading internal data...

JSON saved: /home/ubuntu/.openclaw/workspace/directives/market_briefing.json
Markdown saved: /home/ubuntu/.openclaw/workspace/directives/market_briefing.md

# Market Briefing — April 17, 2026 07:00 AM UTC

## BTC: $74,912.00 (-0.1% 24h)
- 24h Range: $73,313 — $75,536 (3.0%)
- 24h Trend: UP
- Volume: 40,189,597,814 USD
- Fear & Greed: 21 (Extreme Fear)

## Market Regime: MIXED
- Bias: BULLISH
- Recommendation: DayTrader light size — no clear regime
- 1H: RANGING (ADX 14.0, Chop 55.2)
- 4H: TRANSITIONAL (ADX 33.8, Chop 64.7)
- 1D: TRANSITIONAL (ADX 17.1, Chop 46.5)

## Optimal SuperTrend: ATR 16 / Mult 5.0
- Win Rate: 40.0% | PF: 1.79 | Return: 49.35%

## Positions
- BTCUSD: LONG @ $75,378.32

## Global Crypto
- Total Market Cap: $2,629,272,313,643
- BTC Dominance: 57.1%
- 24h Change: +0.2%

============================================================
Market Data Aggregator — 2026-04-17 08:00 UTC
============================================================

Fetching BTC price...
Fetching BTC OHLCV 24h...
Fetching Fear & Greed...
Fetching global crypto market...
Fetching FRED macro data...
Loading internal data...

JSON saved: /home/ubuntu/.openclaw/workspace/directives/market_briefing.json
Markdown saved: /home/ubuntu/.openclaw/workspace/directives/market_briefing.md

# Market Briefing — April 17, 2026 08:00 AM UTC

## BTC: $75,035.00 (+0.4% 24h)
- 24h Range: $73,313 — $75,536 (3.0%)
- 24h Trend: UP
- Volume: 40,481,303,095 USD
- Fear & Greed: 21 (Extreme Fear)

## Market Regime: MIXED
- Bias: BULLISH
- Recommendation: DayTrader light size — no clear regime
- 1H: RANGING (ADX 14.0, Chop 55.2)
- 4H: TRANSITIONAL (ADX 33.8, Chop 64.7)
- 1D: TRANSITIONAL (ADX 17.1, Chop 46.5)

## Optimal SuperTrend: ATR 16 / Mult 5.0
- Win Rate: 40.0% | PF: 1.79 | Return: 49.35%

## Positions
- BTCUSD: LONG @ $75,378.32

## Global Crypto
- Total Market Cap: $2,633,138,909,085
- BTC Dominance: 57.1%
- 24h Change: +0.8%

============================================================
Market Data Aggregator — 2026-04-17 09:00 UTC
============================================================

Fetching BTC price...
Fetching BTC OHLCV 24h...
Fetching Fear & Greed...
Fetching global crypto market...
Fetching FRED macro data...
Loading internal data...

JSON saved: /home/ubuntu/.openclaw/workspace/directives/market_briefing.json
Markdown saved: /home/ubuntu/.openclaw/workspace/directives/market_briefing.md

# Market Briefing — April 17, 2026 09:00 AM UTC

## BTC: $75,741.00 (+1.4% 24h)
- 24h Range: $73,313 — $75,892 (3.5%)
- 24h Trend: UP
- Volume: 41,168,733,024 USD
- Fear & Greed: 21 (Extreme Fear)

## Market Regime: RANGING
- Bias: BULLISH
- Recommendation: Grid Bot — all timeframes showing range-bound
- 1H: RANGING (ADX 12.9, Chop 59.5)

## Optimal SuperTrend: ATR 16 / Mult 5.0
- Win Rate: 40.0% | PF: 1.79 | Return: 49.35%

## Positions
- BTCUSD: LONG @ $75,378.32

## Global Crypto
- Total Market Cap: $2,645,797,155,226
- BTC Dominance: 57.2%
- 24h Change: +1.2%

============================================================
Market Data Aggregator — 2026-04-17 10:00 UTC
============================================================

Fetching BTC price...
Fetching BTC OHLCV 24h...
Fetching Fear & Greed...
Fetching global crypto market...
Fetching FRED macro data...
Loading internal data...

JSON saved: /home/ubuntu/.openclaw/workspace/directives/market_briefing.json
Markdown saved: /home/ubuntu/.openclaw/workspace/directives/market_briefing.md

# Market Briefing — April 17, 2026 10:00 AM UTC

## BTC: $75,798.00 (+1.6% 24h)
- 24h Range: $73,313 — $76,389 (4.2%)
- 24h Trend: UP
- Volume: 44,304,038,194 USD
- Fear & Greed: 21 (Extreme Fear)

## Market Regime: RANGING
- Bias: BULLISH
- Recommendation: Grid Bot — all timeframes showing range-bound
- 1H: RANGING (ADX 12.9, Chop 59.5)

## Optimal SuperTrend: ATR 16 / Mult 5.0
- Win Rate: 40.0% | PF: 1.79 | Return: 49.35%

## Positions
- BTCUSD: LONG @ $75,378.32

## Global Crypto
- Total Market Cap: $2,652,680,784,085
- BTC Dominance: 57.2%
- 24h Change: +1.5%

============================================================
Market Data Aggregator — 2026-04-17 11:00 UTC
============================================================

Fetching BTC price...
Fetching BTC OHLCV 24h...
Fetching Fear & Greed...
Fetching global crypto market...
Fetching FRED macro data...
Loading internal data...

JSON saved: /home/ubuntu/.openclaw/workspace/directives/market_briefing.json
Markdown saved: /home/ubuntu/.openclaw/workspace/directives/market_briefing.md

# Market Briefing — April 17, 2026 11:00 AM UTC

## BTC: $75,282.00 (+1.3% 24h)
- 24h Range: $73,313 — $76,389 (4.2%)
- 24h Trend: UP
- Volume: 45,041,154,757 USD
- Fear & Greed: 21 (Extreme Fear)

## Market Regime: RANGING
- Bias: BULLISH
- Recommendation: Grid Bot — all timeframes showing range-bound
- 1H: RANGING (ADX 12.9, Chop 59.5)

## Optimal SuperTrend: ATR 16 / Mult 5.0
- Win Rate: 40.0% | PF: 1.79 | Return: 49.35%

## Positions
- BTCUSD: LONG @ $75,378.32

## Global Crypto
- Total Market Cap: $2,636,257,970,833
- BTC Dominance: 57.1%
- 24h Change: +1.2%

============================================================
Market Data Aggregator — 2026-04-17 12:00 UTC
============================================================

Fetching BTC price...
Fetching BTC OHLCV 24h...
Fetching Fear & Greed...
Fetching global crypto market...
Fetching FRED macro data...
Loading internal data...

JSON saved: /home/ubuntu/.openclaw/workspace/directives/market_briefing.json
Markdown saved: /home/ubuntu/.openclaw/workspace/directives/market_briefing.md

# Market Briefing — April 17, 2026 12:00 PM UTC

## BTC: $75,571.00 (+1.4% 24h)
- 24h Range: $73,313 — $76,389 (4.2%)
- 24h Trend: UP
- Volume: 42,615,355,279 USD
- Fear & Greed: 21 (Extreme Fear)

## Market Regime: RANGING
- Bias: BULLISH
- Recommendation: Grid Bot — all timeframes showing range-bound
- 1H: RANGING (ADX 12.9, Chop 59.5)

## Optimal SuperTrend: ATR 16 / Mult 5.0
- Win Rate: 40.0% | PF: 1.79 | Return: 49.35%

## Positions
- BTCUSD: LONG @ $75,378.32

## Global Crypto
- Total Market Cap: $2,647,616,675,805
- BTC Dominance: 57.1%
- 24h Change: +1.4%

============================================================
Market Data Aggregator — 2026-04-17 13:00 UTC
============================================================

Fetching BTC price...
Fetching BTC OHLCV 24h...
Fetching Fear & Greed...
Fetching global crypto market...
Fetching FRED macro data...
Loading internal data...

JSON saved: /home/ubuntu/.openclaw/workspace/directives/market_briefing.json
Markdown saved: /home/ubuntu/.openclaw/workspace/directives/market_briefing.md

# Market Briefing — April 17, 2026 01:00 PM UTC

## BTC: $76,189.00 (+2.1% 24h)
- 24h Range: $73,313 — $76,389 (4.2%)
- 24h Trend: UP
- Volume: 42,504,616,381 USD
- Fear & Greed: 21 (Extreme Fear)

## Market Regime: MIXED
- Bias: BULLISH
- Recommendation: DayTrader light size — no clear regime
- 1H: TRANSITIONAL (ADX 19.1, Chop 43.6)
- 1D: TRANSITIONAL (ADX 17.4, Chop 46.8)

## Optimal SuperTrend: ATR 16 / Mult 5.0
- Win Rate: 40.0% | PF: 1.79 | Return: 49.35%

## Positions
- BTCUSD: LONG @ $75,378.32

## Global Crypto
- Total Market Cap: $2,661,407,993,221
- BTC Dominance: 57.2%
- 24h Change: +1.8%

============================================================
Market Data Aggregator — 2026-04-17 14:00 UTC
============================================================

Fetching BTC price...
Fetching BTC OHLCV 24h...
Fetching Fear & Greed...
Fetching global crypto market...
Fetching FRED macro data...
Loading internal data...

JSON saved: /home/ubuntu/.openclaw/workspace/directives/market_briefing.json
Markdown saved: /home/ubuntu/.openclaw/workspace/directives/market_briefing.md

# Market Briefing — April 17, 2026 02:00 PM UTC

## BTC: $77,334.00 (+4.9% 24h)
- 24h Range: $73,429 — $77,459 (5.5%)
- 24h Trend: UP
- Volume: 51,141,970,255 USD
- Fear & Greed: 21 (Extreme Fear)

## Market Regime: MIXED
- Bias: BULLISH
- Recommendation: DayTrader light size — no clear regime
- 1H: TRANSITIONAL (ADX 19.1, Chop 43.6)
- 1D: TRANSITIONAL (ADX 17.4, Chop 46.8)

## Optimal SuperTrend: ATR 16 / Mult 5.0
- Win Rate: 40.0% | PF: 1.79 | Return: 49.35%

## Positions
- BTCUSD: LONG @ $75,378.32

## Global Crypto
- Total Market Cap: $2,703,103,498,671
- BTC Dominance: 57.3%
- 24h Change: +4.3%

============================================================
Market Data Aggregator — 2026-04-17 15:00 UTC
============================================================

Fetching BTC price...
Fetching BTC OHLCV 24h...
Fetching Fear & Greed...
Fetching global crypto market...
Fetching FRED macro data...
Loading internal data...

JSON saved: /home/ubuntu/.openclaw/workspace/directives/market_briefing.json
Markdown saved: /home/ubuntu/.openclaw/workspace/directives/market_briefing.md

# Market Briefing — April 17, 2026 03:00 PM UTC

## BTC: $77,961.00 (+5.4% 24h)
- 24h Range: $73,922 — $78,124 (5.7%)
- 24h Trend: UP
- Volume: 56,076,475,855 USD
- Fear & Greed: 21 (Extreme Fear)

## Market Regime: MIXED
- Bias: BULLISH
- Recommendation: DayTrader light size — no clear regime
- 1H: TRANSITIONAL (ADX 19.1, Chop 43.6)
- 1D: TRANSITIONAL (ADX 17.4, Chop 46.8)

## Optimal SuperTrend: ATR 16 / Mult 5.0
- Win Rate: 40.0% | PF: 1.79 | Return: 49.35%

## Positions
- BTCUSD: LONG @ $75,378.32

## Global Crypto
- Total Market Cap: $2,721,221,698,205
- BTC Dominance: 57.4%
- 24h Change: +4.8%

============================================================
Market Data Aggregator — 2026-04-17 16:00 UTC
============================================================

Fetching BTC price...
Fetching BTC OHLCV 24h...
Fetching Fear & Greed...
Fetching global crypto market...
Fetching FRED macro data...
Loading internal data...

JSON saved: /home/ubuntu/.openclaw/workspace/directives/market_briefing.json
Markdown saved: /home/ubuntu/.openclaw/workspace/directives/market_briefing.md

# Market Briefing — April 17, 2026 04:00 PM UTC

## BTC: $77,836.00 (+4.1% 24h)
- 24h Range: $73,922 — $78,124 (5.7%)
- 24h Trend: UP
- Volume: 56,584,959,263 USD
- Fear & Greed: 21 (Extreme Fear)

## Market Regime: MIXED
- Bias: BULLISH
- Recommendation: DayTrader light size — no clear regime
- 1H: TRANSITIONAL (ADX 19.1, Chop 43.6)
- 1D: TRANSITIONAL (ADX 17.4, Chop 46.8)

## Optimal SuperTrend: ATR 16 / Mult 5.0
- Win Rate: 40.0% | PF: 1.79 | Return: 49.35%

## Positions
- BTCUSD: LONG @ $75,378.32

## Global Crypto
- Total Market Cap: $2,710,764,979,893
- BTC Dominance: 57.4%
- 24h Change: +3.4%

============================================================
Market Data Aggregator — 2026-04-17 17:00 UTC
============================================================

Fetching BTC price...
Fetching BTC OHLCV 24h...
Fetching Fear & Greed...
Fetching global crypto market...
Fetching FRED macro data...
Loading internal data...

JSON saved: /home/ubuntu/.openclaw/workspace/directives/market_briefing.json
Markdown saved: /home/ubuntu/.openclaw/workspace/directives/market_briefing.md

# Market Briefing — April 17, 2026 05:00 PM UTC

## BTC: $77,860.00 (+4.9% 24h)
- 24h Range: $73,922 — $78,372 (6.0%)
- 24h Trend: UP
- Volume: 58,328,592,935 USD
- Fear & Greed: 21 (Extreme Fear)

## Market Regime: MIXED_TREND
- Bias: BULLISH
- Recommendation: SuperTrend on trending TFs, Grid Bot on ranging TFs
- 1H: STRONG_TREND (ADX 30.7, Chop 32.6)
- 1D: TRANSITIONAL (ADX 18.0, Chop 42.5)

## Optimal SuperTrend: ATR 16 / Mult 5.0
- Win Rate: 40.0% | PF: 1.79 | Return: 49.35%

## Positions
- BTCUSD: LONG

## Global Crypto
- Total Market Cap: $2,718,720,246,511
- BTC Dominance: 57.4%
- 24h Change: +4.3%

============================================================
Market Data Aggregator — 2026-04-17 18:00 UTC
============================================================

Fetching BTC price...
Fetching BTC OHLCV 24h...
Fetching Fear & Greed...
Fetching global crypto market...
Fetching FRED macro data...
Loading internal data...

JSON saved: /home/ubuntu/.openclaw/workspace/directives/market_briefing.json
Markdown saved: /home/ubuntu/.openclaw/workspace/directives/market_briefing.md

# Market Briefing — April 17, 2026 06:00 PM UTC

## BTC: $77,500.00 (+4.3% 24h)
- 24h Range: $74,252 — $78,372 (5.5%)
- 24h Trend: UP
- Volume: 59,595,254,758 USD
- Fear & Greed: 21 (Extreme Fear)

## Market Regime: MIXED_TREND
- Bias: BULLISH
- Recommendation: SuperTrend on trending TFs, Grid Bot on ranging TFs
- 1H: STRONG_TREND (ADX 30.7, Chop 32.6)
- 1D: TRANSITIONAL (ADX 18.0, Chop 42.5)

## Optimal SuperTrend: ATR 16 / Mult 5.0
- Win Rate: 40.0% | PF: 1.79 | Return: 49.35%

## Positions
- BTCUSD: LONG

## Global Crypto
- Total Market Cap: $2,708,093,547,772
- BTC Dominance: 57.4%
- 24h Change: +3.8%

============================================================
Market Data Aggregator — 2026-04-17 19:00 UTC
============================================================

Fetching BTC price...
Fetching BTC OHLCV 24h...
Fetching Fear & Greed...
Fetching global crypto market...
Fetching FRED macro data...
Loading internal data...

JSON saved: /home/ubuntu/.openclaw/workspace/directives/market_briefing.json
Markdown saved: /home/ubuntu/.openclaw/workspace/directives/market_briefing.md

# Market Briefing — April 17, 2026 07:00 PM UTC

## BTC: $77,164.00 (+2.9% 24h)
- 24h Range: $74,563 — $78,372 (5.1%)
- 24h Trend: UP
- Volume: 57,929,785,530 USD
- Fear & Greed: 21 (Extreme Fear)

## Market Regime: MIXED_TREND
- Bias: BULLISH
- Recommendation: SuperTrend on trending TFs, Grid Bot on ranging TFs
- 1H: STRONG_TREND (ADX 30.7, Chop 32.6)
- 1D: TRANSITIONAL (ADX 18.0, Chop 42.5)

## Optimal SuperTrend: ATR 16 / Mult 5.0
- Win Rate: 40.0% | PF: 1.79 | Return: 49.35%

## Positions
- BTCUSD: LONG

## Global Crypto
- Total Market Cap: $2,694,768,727,544
- BTC Dominance: 57.3%
- 24h Change: +2.3%

============================================================
Market Data Aggregator — 2026-04-17 20:00 UTC
============================================================

Fetching BTC price...
Fetching BTC OHLCV 24h...
Fetching Fear & Greed...
Fetching global crypto market...
Fetching FRED macro data...
Loading internal data...

JSON saved: /home/ubuntu/.openclaw/workspace/directives/market_briefing.json
Markdown saved: /home/ubuntu/.openclaw/workspace/directives/market_briefing.md

# Market Briefing — April 17, 2026 08:00 PM UTC

## BTC: $77,431.00 (+2.7% 24h)
- 24h Range: $74,563 — $78,372 (5.1%)
- 24h Trend: UP
- Volume: 59,456,548,754 USD
- Fear & Greed: 21 (Extreme Fear)

## Market Regime: MIXED_TREND
- Bias: BULLISH
- Recommendation: SuperTrend on trending TFs, Grid Bot on ranging TFs
- 1H: STRONG_TREND (ADX 30.7, Chop 32.6)
- 1D: TRANSITIONAL (ADX 18.0, Chop 42.5)

## Optimal SuperTrend: ATR 16 / Mult 5.0
- Win Rate: 40.0% | PF: 1.79 | Return: 49.35%

## Positions
- BTCUSD: LONG

## Global Crypto
- Total Market Cap: $2,701,811,561,860
- BTC Dominance: 57.3%
- 24h Change: +2.0%

============================================================
Market Data Aggregator — 2026-04-17 21:00 UTC
============================================================

Fetching BTC price...
Fetching BTC OHLCV 24h...
Fetching Fear & Greed...
Fetching global crypto market...
Fetching FRED macro data...
Loading internal data...

JSON saved: /home/ubuntu/.openclaw/workspace/directives/market_briefing.json
Markdown saved: /home/ubuntu/.openclaw/workspace/directives/market_briefing.md

# Market Briefing — April 17, 2026 09:00 PM UTC

## BTC: $77,367.00 (+2.8% 24h)
- 24h Range: $74,563 — $78,372 (5.1%)
- 24h Trend: UP
- Volume: 59,554,999,460 USD
- Fear & Greed: 21 (Extreme Fear)

## Market Regime: MIXED_TREND
- Bias: BULLISH
- Recommendation: SuperTrend on trending TFs, Grid Bot on ranging TFs
- 1H: STRONG_TREND (ADX 33.7, Chop 39.1)
- 4H: WEAK_TREND (ADX 37.3, Chop 41.8)
- 1D: TRANSITIONAL (ADX 18.1, Chop 42.0)

## Optimal SuperTrend: ATR 16 / Mult 5.0
- Win Rate: 40.0% | PF: 1.79 | Return: 49.35%

## Positions
- BTCUSD: LONG

## Global Crypto
- Total Market Cap: $2,698,589,127,887
- BTC Dominance: 57.4%
- 24h Change: +2.2%

============================================================
Market Data Aggregator — 2026-04-17 22:00 UTC
============================================================

Fetching BTC price...
Fetching BTC OHLCV 24h...
Fetching Fear & Greed...
Fetching global crypto market...
Fetching FRED macro data...
Loading internal data...

JSON saved: /home/ubuntu/.openclaw/workspace/directives/market_briefing.json
Markdown saved: /home/ubuntu/.openclaw/workspace/directives/market_briefing.md

# Market Briefing — April 17, 2026 10:00 PM UTC

## BTC: $77,496.00 (+3.4% 24h)
- 24h Range: $74,563 — $78,372 (5.1%)
- 24h Trend: UP
- Volume: 60,942,721,341 USD
- Fear & Greed: 21 (Extreme Fear)

## Market Regime: MIXED_TREND
- Bias: BULLISH
- Recommendation: SuperTrend on trending TFs, Grid Bot on ranging TFs
- 1H: STRONG_TREND (ADX 33.7, Chop 39.1)
- 4H: WEAK_TREND (ADX 37.3, Chop 41.8)
- 1D: TRANSITIONAL (ADX 18.1, Chop 42.0)

## Optimal SuperTrend: ATR 16 / Mult 5.0
- Win Rate: 40.0% | PF: 1.79 | Return: 49.35%

## Positions
- BTCUSD: LONG

## Global Crypto
- Total Market Cap: $2,701,612,037,440
- BTC Dominance: 57.4%
- 24h Change: +2.6%

============================================================
Market Data Aggregator — 2026-04-17 23:00 UTC
============================================================

Fetching BTC price...
Fetching BTC OHLCV 24h...
Fetching Fear & Greed...
Fetching global crypto market...
Fetching FRED macro data...
Loading internal data...

JSON saved: /home/ubuntu/.openclaw/workspace/directives/market_briefing.json
Markdown saved: /home/ubuntu/.openclaw/workspace/directives/market_briefing.md

# Market Briefing — April 17, 2026 11:00 PM UTC

## BTC: $77,329.00 (+3.3% 24h)
- 24h Range: $74,563 — $78,372 (5.1%)
- 24h Trend: UP
- Volume: 62,896,004,643 USD
- Fear & Greed: 21 (Extreme Fear)

## Market Regime: MIXED_TREND
- Bias: BULLISH
- Recommendation: SuperTrend on trending TFs, Grid Bot on ranging TFs
- 1H: STRONG_TREND (ADX 33.7, Chop 39.1)
- 4H: WEAK_TREND (ADX 37.3, Chop 41.8)
- 1D: TRANSITIONAL (ADX 18.1, Chop 42.0)

## Optimal SuperTrend: ATR 16 / Mult 5.0
- Win Rate: 40.0% | PF: 1.79 | Return: 49.35%

## Positions
- BTCUSD: LONG

## Global Crypto
- Total Market Cap: $2,703,347,204,989
- BTC Dominance: 57.3%
- 24h Change: +2.7%

============================================================
Market Data Aggregator — 2026-04-18 00:00 UTC
============================================================

Fetching BTC price...
Fetching BTC OHLCV 24h...
Fetching Fear & Greed...
Fetching global crypto market...
Fetching FRED macro data...
Loading internal data...

JSON saved: /home/ubuntu/.openclaw/workspace/directives/market_briefing.json
Markdown saved: /home/ubuntu/.openclaw/workspace/directives/market_briefing.md

# Market Briefing — April 18, 2026 12:00 AM UTC

## BTC: $77,128.00 (+2.6% 24h)
- 24h Range: $74,563 — $78,372 (5.1%)
- 24h Trend: UP
- Volume: 64,759,301,292 USD
- Fear & Greed: 26 (Fear)

## Market Regime: MIXED_TREND
- Bias: BULLISH
- Recommendation: SuperTrend on trending TFs, Grid Bot on ranging TFs
- 1H: STRONG_TREND (ADX 33.7, Chop 39.1)
- 4H: WEAK_TREND (ADX 37.3, Chop 41.8)
- 1D: TRANSITIONAL (ADX 18.1, Chop 42.0)

## Optimal SuperTrend: ATR 16 / Mult 5.0
- Win Rate: 40.0% | PF: 1.79 | Return: 49.35%

## Positions
- BTCUSD: LONG

## Global Crypto
- Total Market Cap: $2,693,335,639,421
- BTC Dominance: 57.3%
- 24h Change: +2.0%

============================================================
Market Data Aggregator — 2026-04-18 01:00 UTC
============================================================

Fetching BTC price...
Fetching BTC OHLCV 24h...
Fetching Fear & Greed...
Fetching global crypto market...
Fetching FRED macro data...
Loading internal data...

JSON saved: /home/ubuntu/.openclaw/workspace/directives/market_briefing.json
Markdown saved: /home/ubuntu/.openclaw/workspace/directives/market_briefing.md

# Market Briefing — April 18, 2026 01:00 AM UTC

## BTC: $77,196.00 (+3.0% 24h)
- 24h Range: $74,563 — $78,372 (5.1%)
- 24h Trend: UP
- Volume: 64,885,750,321 USD
- Fear & Greed: 26 (Fear)

## Market Regime: MIXED_TREND
- Bias: BULLISH
- Recommendation: SuperTrend on trending TFs, Grid Bot on ranging TFs
- 1H: STRONG_TREND (ADX 34.1, Chop 36.7)
- 1D: TRANSITIONAL (ADX 19.3, Chop 45.1)

## Optimal SuperTrend: ATR 16 / Mult 5.0
- Win Rate: 40.0% | PF: 1.79 | Return: 49.35%

## Positions
- BTCUSD: LONG

## Global Crypto
- Total Market Cap: $2,696,301,323,525
- BTC Dominance: 57.3%
- 24h Change: +2.3%

============================================================
Market Data Aggregator — 2026-04-18 02:00 UTC
============================================================

Fetching BTC price...
Fetching BTC OHLCV 24h...
Fetching Fear & Greed...
Fetching global crypto market...
Fetching FRED macro data...
Loading internal data...

JSON saved: /home/ubuntu/.openclaw/workspace/directives/market_briefing.json
Markdown saved: /home/ubuntu/.openclaw/workspace/directives/market_briefing.md

# Market Briefing — April 18, 2026 02:00 AM UTC

## BTC: $77,202.00 (+3.2% 24h)
- 24h Range: $74,563 — $78,372 (5.1%)
- 24h Trend: UP
- Volume: 66,043,247,323 USD
- Fear & Greed: 26 (Fear)

## Market Regime: MIXED_TREND
- Bias: BULLISH
- Recommendation: SuperTrend on trending TFs, Grid Bot on ranging TFs
- 1H: STRONG_TREND (ADX 34.1, Chop 36.7)
- 1D: TRANSITIONAL (ADX 19.3, Chop 45.1)

## Optimal SuperTrend: ATR 16 / Mult 5.0
- Win Rate: 40.0% | PF: 1.79 | Return: 49.35%

## Positions
- BTCUSD: LONG

## Global Crypto
- Total Market Cap: $2,696,847,473,466
- BTC Dominance: 57.3%
- 24h Change: +2.6%

============================================================
Market Data Aggregator — 2026-04-18 03:00 UTC
============================================================

Fetching BTC price...
Fetching BTC OHLCV 24h...
Fetching Fear & Greed...
Fetching global crypto market...
Fetching FRED macro data...
Loading internal data...

JSON saved: /home/ubuntu/.openclaw/workspace/directives/market_briefing.json
Markdown saved: /home/ubuntu/.openclaw/workspace/directives/market_briefing.md

# Market Briefing — April 18, 2026 03:00 AM UTC

## BTC: $77,315.00 (+3.5% 24h)
- 24h Range: $74,577 — $78,372 (5.1%)
- 24h Trend: UP
- Volume: 66,738,727,259 USD
- Fear & Greed: 26 (Fear)

## Market Regime: MIXED_TREND
- Bias: BULLISH
- Recommendation: SuperTrend on trending TFs, Grid Bot on ranging TFs
- 1H: STRONG_TREND (ADX 34.1, Chop 36.7)
- 1D: TRANSITIONAL (ADX 19.3, Chop 45.1)

## Optimal SuperTrend: ATR 16 / Mult 5.0
- Win Rate: 40.0% | PF: 1.79 | Return: 49.35%

## Positions
- BTCUSD: LONG

## Global Crypto
- Total Market Cap: $2,700,040,138,593
- BTC Dominance: 57.3%
- 24h Change: +2.9%

============================================================
Market Data Aggregator — 2026-04-18 04:00 UTC
============================================================

Fetching BTC price...
Fetching BTC OHLCV 24h...
Fetching Fear & Greed...
Fetching global crypto market...
Fetching FRED macro data...
Loading internal data...

JSON saved: /home/ubuntu/.openclaw/workspace/directives/market_briefing.json
Markdown saved: /home/ubuntu/.openclaw/workspace/directives/market_briefing.md

# Market Briefing — April 18, 2026 04:00 AM UTC

## BTC: $77,013.00 (+3.2% 24h)
- 24h Range: $0 — $0 (0.0%)
- 24h Trend: ?
- Volume: 67,566,591,645 USD
- Fear & Greed: 26 (Fear)

## Market Regime: MIXED_TREND
- Bias: BULLISH
- Recommendation: SuperTrend on trending TFs, Grid Bot on ranging TFs
- 1H: WEAK_TREND (ADX 32.5, Chop 52.0)
- 4H: STRONG_TREND (ADX 38.8, Chop 37.2)

## Optimal SuperTrend: ATR 16 / Mult 5.0
- Win Rate: 40.0% | PF: 1.79 | Return: 49.35%

## Positions
- BTCUSD: LONG

## Global Crypto
- Total Market Cap: $2,692,852,909,021
- BTC Dominance: 57.3%
- 24h Change: +2.7%

============================================================
Market Data Aggregator — 2026-04-18 05:00 UTC
============================================================

Fetching BTC price...
Fetching BTC OHLCV 24h...
Fetching Fear & Greed...
Fetching global crypto market...
Fetching FRED macro data...
Loading internal data...

JSON saved: /home/ubuntu/.openclaw/workspace/directives/market_briefing.json
Markdown saved: /home/ubuntu/.openclaw/workspace/directives/market_briefing.md

# Market Briefing — April 18, 2026 05:00 AM UTC

## BTC: $77,160.00 (+3.2% 24h)
- 24h Range: $74,577 — $78,372 (5.1%)
- 24h Trend: UP
- Volume: 68,159,435,603 USD
- Fear & Greed: 26 (Fear)

## Market Regime: MIXED_TREND
- Bias: BULLISH
- Recommendation: SuperTrend on trending TFs, Grid Bot on ranging TFs
- 1H: WEAK_TREND (ADX 32.5, Chop 52.0)
- 4H: STRONG_TREND (ADX 38.8, Chop 37.2)

## Optimal SuperTrend: ATR 16 / Mult 5.0
- Win Rate: 40.0% | PF: 1.79 | Return: 49.35%

## Positions
- BTCUSD: LONG

## Global Crypto
- Total Market Cap: $2,693,507,214,888
- BTC Dominance: 57.3%
- 24h Change: +2.6%

============================================================
Market Data Aggregator — 2026-04-18 06:00 UTC
============================================================

Fetching BTC price...
Fetching BTC OHLCV 24h...
Fetching Fear & Greed...
Fetching global crypto market...
Fetching FRED macro data...
Loading internal data...

JSON saved: /home/ubuntu/.openclaw/workspace/directives/market_briefing.json
Markdown saved: /home/ubuntu/.openclaw/workspace/directives/market_briefing.md

# Market Briefing — April 18, 2026 06:00 AM UTC

## BTC: $77,153.00 (+3.3% 24h)
- 24h Range: $74,622 — $78,372 (5.0%)
- 24h Trend: UP
- Volume: 70,098,364,961 USD
- Fear & Greed: 26 (Fear)

## Market Regime: MIXED_TREND
- Bias: BULLISH
- Recommendation: SuperTrend on trending TFs, Grid Bot on ranging TFs
- 1H: WEAK_TREND (ADX 32.5, Chop 52.0)
- 4H: STRONG_TREND (ADX 38.8, Chop 37.2)

## Optimal SuperTrend: ATR 16 / Mult 5.0
- Win Rate: 40.0% | PF: 1.79 | Return: 49.35%

## Positions
- BTCUSD: LONG

## Global Crypto
- Total Market Cap: $2,695,329,411,460
- BTC Dominance: 57.3%
- 24h Change: +2.9%

============================================================
Market Data Aggregator — 2026-04-18 07:00 UTC
============================================================

Fetching BTC price...
Fetching BTC OHLCV 24h...
Fetching Fear & Greed...
Fetching global crypto market...
Fetching FRED macro data...
Loading internal data...

JSON saved: /home/ubuntu/.openclaw/workspace/directives/market_briefing.json
Markdown saved: /home/ubuntu/.openclaw/workspace/directives/market_briefing.md

# Market Briefing — April 18, 2026 07:00 AM UTC

## BTC: $77,131.00 (+3.0% 24h)
- 24h Range: $74,953 — $78,372 (4.6%)
- 24h Trend: UP
- Volume: 71,874,328,182 USD
- Fear & Greed: 26 (Fear)

## Market Regime: MIXED_TREND
- Bias: BULLISH
- Recommendation: SuperTrend on trending TFs, Grid Bot on ranging TFs
- 1H: WEAK_TREND (ADX 32.5, Chop 52.0)
- 4H: STRONG_TREND (ADX 38.8, Chop 37.2)

## Optimal SuperTrend: ATR 16 / Mult 5.0
- Win Rate: 40.0% | PF: 1.79 | Return: 49.35%

## Positions
- BTCUSD: LONG

## Global Crypto
- Total Market Cap: $2,695,881,566,176
- BTC Dominance: 57.3%
- 24h Change: +2.6%

============================================================
Market Data Aggregator — 2026-04-18 08:00 UTC
============================================================

Fetching BTC price...
Fetching BTC OHLCV 24h...
Fetching Fear & Greed...
Fetching global crypto market...
Fetching FRED macro data...
Loading internal data...

JSON saved: /home/ubuntu/.openclaw/workspace/directives/market_briefing.json
Markdown saved: /home/ubuntu/.openclaw/workspace/directives/market_briefing.md

# Market Briefing — April 18, 2026 08:00 AM UTC

## BTC: $76,998.00 (+2.6% 24h)
- 24h Range: $75,015 — $78,372 (4.5%)
- 24h Trend: UP
- Volume: 74,732,401,906 USD
- Fear & Greed: 26 (Fear)

## Market Regime: MIXED_TREND
- Bias: BULLISH
- Recommendation: SuperTrend on trending TFs, Grid Bot on ranging TFs
- 1H: WEAK_TREND (ADX 32.5, Chop 52.0)
- 4H: STRONG_TREND (ADX 38.8, Chop 37.2)

## Optimal SuperTrend: ATR 16 / Mult 5.0
- Win Rate: 40.0% | PF: 1.79 | Return: 49.35%

## Positions
- BTCUSD: LONG

## Global Crypto
- Total Market Cap: $2,691,035,900,439
- BTC Dominance: 57.3%
- 24h Change: +2.2%

============================================================
Market Data Aggregator — 2026-04-18 09:00 UTC
============================================================

Fetching BTC price...
Fetching BTC OHLCV 24h...
Fetching Fear & Greed...
Fetching global crypto market...
Fetching FRED macro data...
Loading internal data...

JSON saved: /home/ubuntu/.openclaw/workspace/directives/market_briefing.json
Markdown saved: /home/ubuntu/.openclaw/workspace/directives/market_briefing.md

# Market Briefing — April 18, 2026 09:00 AM UTC

## BTC: $76,762.00 (+1.4% 24h)
- 24h Range: $75,124 — $78,372 (4.3%)
- 24h Trend: UP
- Volume: 77,370,587,068 USD
- Fear & Greed: 26 (Fear)

## Market Regime: MIXED_TREND
- Bias: BULLISH
- Recommendation: SuperTrend on trending TFs, Grid Bot on ranging TFs
- 1H: TRANSITIONAL (ADX 28.8, Chop 63.6)
- 4H: STRONG_TREND (ADX 39.2, Chop 36.6)
- 1D: TRANSITIONAL (ADX 19.3, Chop 41.8)

## Optimal SuperTrend: ATR 16 / Mult 5.0
- Win Rate: 40.0% | PF: 1.79 | Return: 49.35%

## Positions
- BTCUSD: LONG

## Global Crypto
- Total Market Cap: $2,677,624,879,594
- BTC Dominance: 57.3%
- 24h Change: +1.0%

============================================================
Market Data Aggregator — 2026-04-18 10:00 UTC
============================================================

Fetching BTC price...
Fetching BTC OHLCV 24h...
Fetching Fear & Greed...
Fetching global crypto market...
Fetching FRED macro data...
Loading internal data...

JSON saved: /home/ubuntu/.openclaw/workspace/directives/market_briefing.json
Markdown saved: /home/ubuntu/.openclaw/workspace/directives/market_briefing.md

# Market Briefing — April 18, 2026 10:00 AM UTC

## BTC: $76,612.00 (+1.1% 24h)
- 24h Range: $75,124 — $78,372 (4.3%)
- 24h Trend: UP
- Volume: 78,498,802,350 USD
- Fear & Greed: 26 (Fear)

## Market Regime: MIXED_TREND
- Bias: BULLISH
- Recommendation: SuperTrend on trending TFs, Grid Bot on ranging TFs
- 1H: TRANSITIONAL (ADX 28.8, Chop 63.6)
- 4H: STRONG_TREND (ADX 39.2, Chop 36.6)
- 1D: TRANSITIONAL (ADX 19.3, Chop 41.8)

## Optimal SuperTrend: ATR 16 / Mult 5.0
- Win Rate: 40.0% | PF: 1.79 | Return: 49.35%

## Positions
- BTCUSD: LONG

## Global Crypto
- Total Market Cap: $2,672,567,942,867
- BTC Dominance: 57.4%
- 24h Change: +0.8%

============================================================
Market Data Aggregator — 2026-04-18 11:00 UTC
============================================================

Fetching BTC price...
Fetching BTC OHLCV 24h...
Fetching Fear & Greed...
Fetching global crypto market...
Fetching FRED macro data...
Loading internal data...

JSON saved: /home/ubuntu/.openclaw/workspace/directives/market_briefing.json
Markdown saved: /home/ubuntu/.openclaw/workspace/directives/market_briefing.md

# Market Briefing — April 18, 2026 11:00 AM UTC

## BTC: $76,189.00 (+1.2% 24h)
- 24h Range: $75,270 — $78,372 (4.1%)
- 24h Trend: UP
- Volume: 81,400,987,620 USD
- Fear & Greed: 26 (Fear)

## Market Regime: MIXED_TREND
- Bias: BULLISH
- Recommendation: SuperTrend on trending TFs, Grid Bot on ranging TFs
- 1H: TRANSITIONAL (ADX 28.8, Chop 63.6)
- 4H: STRONG_TREND (ADX 39.2, Chop 36.6)
- 1D: TRANSITIONAL (ADX 19.3, Chop 41.8)

## Optimal SuperTrend: ATR 16 / Mult 5.0
- Win Rate: 40.0% | PF: 1.79 | Return: 49.35%

## Positions
- BTCUSD: LONG

## Global Crypto
- Total Market Cap: $2,661,496,497,784
- BTC Dominance: 57.3%
- 24h Change: +0.9%

============================================================
Market Data Aggregator — 2026-04-18 12:00 UTC
============================================================

Fetching BTC price...
Fetching BTC OHLCV 24h...
Fetching Fear & Greed...
Fetching global crypto market...
Fetching FRED macro data...
Loading internal data...

JSON saved: /home/ubuntu/.openclaw/workspace/directives/market_briefing.json
Markdown saved: /home/ubuntu/.openclaw/workspace/directives/market_briefing.md

# Market Briefing — April 18, 2026 12:00 PM UTC

## BTC: $76,062.00 (+0.6% 24h)
- 24h Range: $75,557 — $78,372 (3.7%)
- 24h Trend: DOWN
- Volume: 86,850,625,544 USD
- Fear & Greed: 26 (Fear)

## Market Regime: MIXED_TREND
- Bias: BULLISH
- Recommendation: SuperTrend on trending TFs, Grid Bot on ranging TFs
- 1H: WEAK_TREND (ADX 25.3, Chop 37.8)
- 4H: STRONG_TREND (ADX 36.2, Chop 39.2)

## Optimal SuperTrend: ATR 16 / Mult 5.0
- Win Rate: 40.0% | PF: 1.79 | Return: 49.35%

## Positions
- BTCUSD: LONG

## Global Crypto
- Total Market Cap: $2,654,033,156,773
- BTC Dominance: 57.3%
- 24h Change: +0.2%

============================================================
Market Data Aggregator — 2026-04-18 13:00 UTC
============================================================

Fetching BTC price...
Fetching BTC OHLCV 24h...
Fetching Fear & Greed...
Fetching global crypto market...
Fetching FRED macro data...
Loading internal data...

JSON saved: /home/ubuntu/.openclaw/workspace/directives/market_briefing.json
Markdown saved: /home/ubuntu/.openclaw/workspace/directives/market_briefing.md

# Market Briefing — April 18, 2026 01:00 PM UTC

## BTC: $76,224.00 (+0.0% 24h)
- 24h Range: $75,795 — $78,372 (3.4%)
- 24h Trend: DOWN
- Volume: 80,670,452,550 USD
- Fear & Greed: 26 (Fear)

## Market Regime: MIXED_TREND
- Bias: BULLISH
- Recommendation: SuperTrend on trending TFs, Grid Bot on ranging TFs
- 1H: WEAK_TREND (ADX 25.3, Chop 37.8)
- 4H: STRONG_TREND (ADX 36.2, Chop 39.2)

## Optimal SuperTrend: ATR 16 / Mult 5.0
- Win Rate: 40.0% | PF: 1.79 | Return: 49.35%

## Positions
- BTCUSD: LONG

## Global Crypto
- Total Market Cap: $2,658,106,685,239
- BTC Dominance: 57.4%
- 24h Change: -0.3%

============================================================
Market Data Aggregator — 2026-04-18 14:00 UTC
============================================================

Fetching BTC price...
Fetching BTC OHLCV 24h...
Fetching Fear & Greed...
Fetching global crypto market...
Fetching FRED macro data...
Loading internal data...

JSON saved: /home/ubuntu/.openclaw/workspace/directives/market_briefing.json
Markdown saved: /home/ubuntu/.openclaw/workspace/directives/market_briefing.md

# Market Briefing — April 18, 2026 02:00 PM UTC

## BTC: $76,132.00 (-1.6% 24h)
- 24h Range: $75,795 — $78,372 (3.4%)
- 24h Trend: DOWN
- Volume: 77,791,632,939 USD
- Fear & Greed: 26 (Fear)

## Market Regime: MIXED_TREND
- Bias: BULLISH
- Recommendation: SuperTrend on trending TFs, Grid Bot on ranging TFs
- 1H: WEAK_TREND (ADX 25.3, Chop 37.8)
- 4H: STRONG_TREND (ADX 36.2, Chop 39.2)

## Optimal SuperTrend: ATR 16 / Mult 5.0
- Win Rate: 40.0% | PF: 1.79 | Return: 49.35%

## Positions
- BTCUSD: LONG

## Global Crypto
- Total Market Cap: $2,656,240,881,667
- BTC Dominance: 57.4%
- 24h Change: -1.7%

============================================================
Market Data Aggregator — 2026-04-18 15:00 UTC
============================================================

Fetching BTC price...
Fetching BTC OHLCV 24h...
Fetching Fear & Greed...
Fetching global crypto market...
Fetching FRED macro data...
Loading internal data...

JSON saved: /home/ubuntu/.openclaw/workspace/directives/market_briefing.json
Markdown saved: /home/ubuntu/.openclaw/workspace/directives/market_briefing.md

# Market Briefing — April 18, 2026 03:00 PM UTC

## BTC: $76,252.00 (-2.2% 24h)
- 24h Range: $75,795 — $78,372 (3.4%)
- 24h Trend: DOWN
- Volume: 74,837,710,157 USD
- Fear & Greed: 26 (Fear)

## Market Regime: MIXED_TREND
- Bias: BULLISH
- Recommendation: SuperTrend on trending TFs, Grid Bot on ranging TFs
- 1H: WEAK_TREND (ADX 25.3, Chop 37.8)
- 4H: STRONG_TREND (ADX 36.2, Chop 39.2)

## Optimal SuperTrend: ATR 16 / Mult 5.0
- Win Rate: 40.0% | PF: 1.79 | Return: 49.35%

## Positions
- BTCUSD: LONG

## Global Crypto
- Total Market Cap: $2,658,090,599,821
- BTC Dominance: 57.4%
- 24h Change: -2.3%

============================================================
Market Data Aggregator — 2026-04-18 16:00 UTC
============================================================

Fetching BTC price...
Fetching BTC OHLCV 24h...
Fetching Fear & Greed...
Fetching global crypto market...
Fetching FRED macro data...
Loading internal data...

JSON saved: /home/ubuntu/.openclaw/workspace/directives/market_briefing.json
Markdown saved: /home/ubuntu/.openclaw/workspace/directives/market_briefing.md

# Market Briefing — April 18, 2026 04:00 PM UTC

## BTC: $76,195.00 (-2.1% 24h)
- 24h Range: $75,795 — $78,372 (3.4%)
- 24h Trend: DOWN
- Volume: 74,342,680,432 USD
- Fear & Greed: 26 (Fear)

## Market Regime: MIXED_TREND
- Bias: BULLISH
- Recommendation: SuperTrend on trending TFs, Grid Bot on ranging TFs
- 1H: WEAK_TREND (ADX 25.3, Chop 37.8)
- 4H: STRONG_TREND (ADX 36.2, Chop 39.2)

## Optimal SuperTrend: ATR 16 / Mult 5.0
- Win Rate: 40.0% | PF: 1.79 | Return: 49.35%

## Positions
- BTCUSD: LONG

## Global Crypto
- Total Market Cap: $2,655,391,738,614
- BTC Dominance: 57.4%
- 24h Change: -2.1%

============================================================
Market Data Aggregator — 2026-04-18 17:00 UTC
============================================================

Fetching BTC price...
Fetching BTC OHLCV 24h...
Fetching Fear & Greed...
Fetching global crypto market...
Fetching FRED macro data...
Loading internal data...

JSON saved: /home/ubuntu/.openclaw/workspace/directives/market_briefing.json
Markdown saved: /home/ubuntu/.openclaw/workspace/directives/market_briefing.md

# Market Briefing — April 18, 2026 05:00 PM UTC

## BTC: $75,906.00 (-2.5% 24h)
- 24h Range: $75,729 — $77,958 (2.9%)
- 24h Trend: DOWN
- Volume: 69,396,491,624 USD
- Fear & Greed: 26 (Fear)

## Market Regime: MIXED_TREND
- Bias: BULLISH
- Recommendation: SuperTrend on trending TFs, Grid Bot on ranging TFs
- 1H: WEAK_TREND (ADX 24.3, Chop 41.3)
- 4H: STRONG_TREND (ADX 35.1, Chop 38.8)
- 1D: TRANSITIONAL (ADX 19.3, Chop 42.9)

## Optimal SuperTrend: ATR 16 / Mult 5.0
- Win Rate: 40.0% | PF: 1.79 | Return: 49.35%

## Positions
- BTCUSD: LONG

## Global Crypto
- Total Market Cap: $2,648,913,489,696
- BTC Dominance: 57.4%
- 24h Change: -2.6%

============================================================
Market Data Aggregator — 2026-04-18 18:00 UTC
============================================================

Fetching BTC price...
Fetching BTC OHLCV 24h...
Fetching Fear & Greed...
Fetching global crypto market...
Fetching FRED macro data...
Loading internal data...

JSON saved: /home/ubuntu/.openclaw/workspace/directives/market_briefing.json
Markdown saved: /home/ubuntu/.openclaw/workspace/directives/market_briefing.md

# Market Briefing — April 18, 2026 06:00 PM UTC

## BTC: $75,865.00 (-2.1% 24h)
- 24h Range: $75,729 — $77,659 (2.5%)
- 24h Trend: DOWN
- Volume: 69,536,277,421 USD
- Fear & Greed: 26 (Fear)

## Market Regime: MIXED_TREND
- Bias: BULLISH
- Recommendation: SuperTrend on trending TFs, Grid Bot on ranging TFs
- 1H: WEAK_TREND (ADX 24.3, Chop 41.3)
- 4H: STRONG_TREND (ADX 35.1, Chop 38.8)
- 1D: TRANSITIONAL (ADX 19.3, Chop 42.9)

## Optimal SuperTrend: ATR 16 / Mult 5.0
- Win Rate: 40.0% | PF: 1.79 | Return: 49.35%

## Positions
- BTCUSD: LONG

## Global Crypto
- Total Market Cap: $2,648,460,592,464
- BTC Dominance: 57.4%
- 24h Change: -2.1%

============================================================
Market Data Aggregator — 2026-04-18 19:00 UTC
============================================================

Fetching BTC price...
Fetching BTC OHLCV 24h...
Fetching Fear & Greed...
Fetching global crypto market...
Fetching FRED macro data...
Loading internal data...

JSON saved: /home/ubuntu/.openclaw/workspace/directives/market_briefing.json
Markdown saved: /home/ubuntu/.openclaw/workspace/directives/market_briefing.md

# Market Briefing — April 18, 2026 07:00 PM UTC

## BTC: $75,588.00 (-2.0% 24h)
- 24h Range: $75,477 — $77,659 (2.9%)
- 24h Trend: DOWN
- Volume: 72,869,892,387 USD
- Fear & Greed: 26 (Fear)

## Market Regime: MIXED_TREND
- Bias: BULLISH
- Recommendation: SuperTrend on trending TFs, Grid Bot on ranging TFs
- 1H: WEAK_TREND (ADX 24.3, Chop 41.3)
- 4H: STRONG_TREND (ADX 35.1, Chop 38.8)
- 1D: TRANSITIONAL (ADX 19.3, Chop 42.9)

## Optimal SuperTrend: ATR 16 / Mult 5.0
- Win Rate: 40.0% | PF: 1.79 | Return: 49.35%

## Positions
- BTCUSD: LONG

## Global Crypto
- Total Market Cap: $2,636,061,424,110
- BTC Dominance: 57.4%
- 24h Change: -2.2%

============================================================
Market Data Aggregator — 2026-04-18 20:00 UTC
============================================================

Fetching BTC price...
Fetching BTC OHLCV 24h...
Fetching Fear & Greed...
Fetching global crypto market...
Fetching FRED macro data...
Loading internal data...

JSON saved: /home/ubuntu/.openclaw/workspace/directives/market_briefing.json
Markdown saved: /home/ubuntu/.openclaw/workspace/directives/market_briefing.md

# Market Briefing — April 18, 2026 08:00 PM UTC

## BTC: $75,670.00 (-2.3% 24h)
- 24h Range: $75,477 — $77,659 (2.9%)
- 24h Trend: DOWN
- Volume: 72,610,912,042 USD
- Fear & Greed: 26 (Fear)

## Market Regime: MIXED_TREND
- Bias: BULLISH
- Recommendation: SuperTrend on trending TFs, Grid Bot on ranging TFs
- 1H: WEAK_TREND (ADX 24.3, Chop 41.3)
- 4H: STRONG_TREND (ADX 35.1, Chop 38.8)
- 1D: TRANSITIONAL (ADX 19.3, Chop 42.9)

## Optimal SuperTrend: ATR 16 / Mult 5.0
- Win Rate: 40.0% | PF: 1.79 | Return: 49.35%

## Positions
- BTCUSD: LONG

## Global Crypto
- Total Market Cap: $2,637,777,807,762
- BTC Dominance: 57.4%
- 24h Change: -2.5%

============================================================
Market Data Aggregator — 2026-04-18 21:00 UTC
============================================================

Fetching BTC price...
Fetching BTC OHLCV 24h...
Fetching Fear & Greed...
Fetching global crypto market...
Fetching FRED macro data...
Loading internal data...

JSON saved: /home/ubuntu/.openclaw/workspace/directives/market_briefing.json
Markdown saved: /home/ubuntu/.openclaw/workspace/directives/market_briefing.md

# Market Briefing — April 18, 2026 09:00 PM UTC

## BTC: $75,758.00 (-2.1% 24h)
- 24h Range: $75,477 — $77,552 (2.8%)
- 24h Trend: DOWN
- Volume: 64,012,939,361 USD
- Fear & Greed: 26 (Fear)

## Market Regime: MIXED
- Bias: BULLISH
- Recommendation: DayTrader light size — no clear regime
- 1H: WEAK_TREND (ADX 27.7, Chop 38.2)
- 4H: WEAK_TREND (ADX 33.0, Chop 40.0)
- 1D: TRANSITIONAL (ADX 19.3, Chop 43.3)

## Optimal SuperTrend: ATR 16 / Mult 5.0
- Win Rate: 40.0% | PF: 1.79 | Return: 49.35%

## Positions
- BTCUSD: LONG

## Global Crypto
- Total Market Cap: $2,642,176,134,876
- BTC Dominance: 57.4%
- 24h Change: -2.1%

============================================================
Market Data Aggregator — 2026-04-18 22:00 UTC
============================================================

Fetching BTC price...
Fetching BTC OHLCV 24h...
Fetching Fear & Greed...
Fetching global crypto market...
Fetching FRED macro data...
Loading internal data...

JSON saved: /home/ubuntu/.openclaw/workspace/directives/market_briefing.json
Markdown saved: /home/ubuntu/.openclaw/workspace/directives/market_briefing.md

# Market Briefing — April 18, 2026 10:00 PM UTC

## BTC: $75,828.00 (-2.1% 24h)
- 24h Range: $75,477 — $77,552 (2.8%)
- 24h Trend: DOWN
- Volume: 65,224,382,559 USD
- Fear & Greed: 26 (Fear)

## Market Regime: MIXED
- Bias: BULLISH
- Recommendation: DayTrader light size — no clear regime
- 1H: WEAK_TREND (ADX 27.7, Chop 38.2)
- 4H: WEAK_TREND (ADX 33.0, Chop 40.0)
- 1D: TRANSITIONAL (ADX 19.3, Chop 43.3)

## Optimal SuperTrend: ATR 16 / Mult 5.0
- Win Rate: 40.0% | PF: 1.79 | Return: 49.35%

## Positions
- BTCUSD: LONG

## Global Crypto
- Total Market Cap: $2,643,308,315,604
- BTC Dominance: 57.4%
- 24h Change: -2.2%

============================================================
Market Data Aggregator — 2026-04-18 23:00 UTC
============================================================

Fetching BTC price...
Fetching BTC OHLCV 24h...
Fetching Fear & Greed...
Fetching global crypto market...
Fetching FRED macro data...
Loading internal data...

JSON saved: /home/ubuntu/.openclaw/workspace/directives/market_briefing.json
Markdown saved: /home/ubuntu/.openclaw/workspace/directives/market_briefing.md

# Market Briefing — April 18, 2026 11:00 PM UTC

## BTC: $75,831.00 (-1.9% 24h)
- 24h Range: $75,477 — $77,445 (2.6%)
- 24h Trend: DOWN
- Volume: 66,047,765,321 USD
- Fear & Greed: 26 (Fear)

## Market Regime: MIXED
- Bias: BULLISH
- Recommendation: DayTrader light size — no clear regime
- 1H: WEAK_TREND (ADX 27.7, Chop 38.2)
- 4H: WEAK_TREND (ADX 33.0, Chop 40.0)
- 1D: TRANSITIONAL (ADX 19.3, Chop 43.3)

## Optimal SuperTrend: ATR 16 / Mult 5.0
- Win Rate: 40.0% | PF: 1.79 | Return: 49.35%

## Positions
- BTCUSD: LONG

## Global Crypto
- Total Market Cap: $2,644,003,887,691
- BTC Dominance: 57.4%
- 24h Change: -2.1%

============================================================
Market Data Aggregator — 2026-04-19 00:00 UTC
============================================================

Fetching BTC price...
Fetching BTC OHLCV 24h...
Fetching Fear & Greed...
Fetching global crypto market...
Fetching FRED macro data...
Loading internal data...

JSON saved: /home/ubuntu/.openclaw/workspace/directives/market_briefing.json
Markdown saved: /home/ubuntu/.openclaw/workspace/directives/market_briefing.md

# Market Briefing — April 19, 2026 12:00 AM UTC

## BTC: $75,729.00 (-1.8% 24h)
- 24h Range: $75,477 — $77,445 (2.6%)
- 24h Trend: DOWN
- Volume: 66,292,236,138 USD
- Fear & Greed: 27 (Fear)

## Market Regime: MIXED
- Bias: BULLISH
- Recommendation: DayTrader light size — no clear regime
- 1H: WEAK_TREND (ADX 27.7, Chop 38.2)
- 4H: WEAK_TREND (ADX 33.0, Chop 40.0)
- 1D: TRANSITIONAL (ADX 19.3, Chop 43.3)

## Optimal SuperTrend: ATR 16 / Mult 5.0
- Win Rate: 40.0% | PF: 1.79 | Return: 49.35%

## Positions
- BTCUSD: LONG

## Global Crypto
- Total Market Cap: $2,640,112,501,725
- BTC Dominance: 57.4%
- 24h Change: -2.0%

============================================================
Market Data Aggregator — 2026-04-19 01:00 UTC
============================================================

Fetching BTC price...
Fetching BTC OHLCV 24h...
Fetching Fear & Greed...
Fetching global crypto market...
Fetching FRED macro data...
Loading internal data...

JSON saved: /home/ubuntu/.openclaw/workspace/directives/market_briefing.json
Markdown saved: /home/ubuntu/.openclaw/workspace/directives/market_briefing.md

# Market Briefing — April 19, 2026 01:00 AM UTC

## BTC: $75,655.00 (-2.0% 24h)
- 24h Range: $75,477 — $77,445 (2.6%)
- 24h Trend: DOWN
- Volume: 49,916,021,965 USD
- Fear & Greed: 27 (Fear)

## Market Regime: MIXED
- Bias: BULLISH
- Recommendation: DayTrader light size — no clear regime
- 1H: TRANSITIONAL (ADX 28.9, Chop 55.7)
- 1D: WEAK_TREND (ADX 20.3, Chop 44.4)

## Optimal SuperTrend: ATR 16 / Mult 5.0
- Win Rate: 40.0% | PF: 1.79 | Return: 49.35%

## Positions
- BTCUSD: LONG

## Global Crypto
- Total Market Cap: $2,637,523,371,365
- BTC Dominance: 57.4%
- 24h Change: -2.2%

============================================================
Market Data Aggregator — 2026-04-19 02:00 UTC
============================================================

Fetching BTC price...
Fetching BTC OHLCV 24h...
Fetching Fear & Greed...
Fetching global crypto market...
Fetching FRED macro data...
Loading internal data...

JSON saved: /home/ubuntu/.openclaw/workspace/directives/market_briefing.json
Markdown saved: /home/ubuntu/.openclaw/workspace/directives/market_briefing.md

# Market Briefing — April 19, 2026 02:00 AM UTC

## BTC: $75,643.00 (-2.0% 24h)
- 24h Range: $75,477 — $77,445 (2.6%)
- 24h Trend: DOWN
- Volume: 51,378,997,103 USD
- Fear & Greed: 27 (Fear)

## Market Regime: MIXED
- Bias: BULLISH
- Recommendation: DayTrader light size — no clear regime
- 1H: TRANSITIONAL (ADX 28.9, Chop 55.7)
- 1D: WEAK_TREND (ADX 20.3, Chop 44.4)

## Optimal SuperTrend: ATR 16 / Mult 5.0
- Win Rate: 40.0% | PF: 1.79 | Return: 49.35%

## Positions
- BTCUSD: LONG

## Global Crypto
- Total Market Cap: $2,636,492,483,464
- BTC Dominance: 57.4%
- 24h Change: -2.3%

============================================================
Market Data Aggregator — 2026-04-19 03:00 UTC
============================================================

Fetching BTC price...
Fetching BTC OHLCV 24h...
Fetching Fear & Greed...
Fetching global crypto market...
Fetching FRED macro data...
Loading internal data...

JSON saved: /home/ubuntu/.openclaw/workspace/directives/market_briefing.json
Markdown saved: /home/ubuntu/.openclaw/workspace/directives/market_briefing.md

# Market Briefing — April 19, 2026 03:00 AM UTC

## BTC: $75,560.00 (-2.3% 24h)
- 24h Range: $75,430 — $77,326 (2.5%)
- 24h Trend: DOWN
- Volume: 53,038,332,823 USD
- Fear & Greed: 27 (Fear)

## Market Regime: MIXED
- Bias: BULLISH
- Recommendation: DayTrader light size — no clear regime
- 1H: TRANSITIONAL (ADX 28.9, Chop 55.7)
- 1D: WEAK_TREND (ADX 20.3, Chop 44.4)

## Optimal SuperTrend: ATR 16 / Mult 5.0
- Win Rate: 40.0% | PF: 1.79 | Return: 49.35%

## Positions
- BTCUSD: LONG

## Global Crypto
- Total Market Cap: $2,632,323,607,928
- BTC Dominance: 57.5%
- 24h Change: -2.5%

============================================================
Market Data Aggregator — 2026-04-19 04:00 UTC
============================================================

Fetching BTC price...
Fetching BTC OHLCV 24h...
Fetching Fear & Greed...
Fetching global crypto market...
Fetching FRED macro data...
Loading internal data...

JSON saved: /home/ubuntu/.openclaw/workspace/directives/market_briefing.json
Markdown saved: /home/ubuntu/.openclaw/workspace/directives/market_briefing.md

# Market Briefing — April 19, 2026 04:00 AM UTC

## BTC: $75,542.00 (-1.9% 24h)
- 24h Range: $75,397 — $77,296 (2.5%)
- 24h Trend: DOWN
- Volume: 54,204,150,333 USD
- Fear & Greed: 27 (Fear)

## Market Regime: MIXED
- Bias: BULLISH
- Recommendation: DayTrader light size — no clear regime
- 1H: TRANSITIONAL (ADX 28.9, Chop 55.7)
- 1D: WEAK_TREND (ADX 20.3, Chop 44.4)

## Optimal SuperTrend: ATR 16 / Mult 5.0
- Win Rate: 40.0% | PF: 1.79 | Return: 49.35%

## Positions
- BTCUSD: LONG

## Global Crypto
- Total Market Cap: $2,634,036,008,782
- BTC Dominance: 57.5%
- 24h Change: -2.1%

============================================================
Market Data Aggregator — 2026-04-19 05:00 UTC
============================================================

Fetching BTC price...
Fetching BTC OHLCV 24h...
Fetching Fear & Greed...
Fetching global crypto market...
Fetching FRED macro data...
Loading internal data...

JSON saved: /home/ubuntu/.openclaw/workspace/directives/market_briefing.json
Markdown saved: /home/ubuntu/.openclaw/workspace/directives/market_briefing.md

# Market Briefing — April 19, 2026 05:00 AM UTC

## BTC: $75,681.00 (-2.0% 24h)
- 24h Range: $75,397 — $77,296 (2.5%)
- 24h Trend: DOWN
- Volume: 45,442,441,844 USD
- Fear & Greed: 27 (Fear)

## Market Regime: MIXED
- Bias: BULLISH
- Recommendation: DayTrader light size — no clear regime
- 1H: WEAK_TREND (ADX 32.5, Chop 53.3)
- 1D: WEAK_TREND (ADX 20.3, Chop 44.9)

## Optimal SuperTrend: ATR 16 / Mult 5.0
- Win Rate: 40.0% | PF: 1.79 | Return: 49.35%

## Positions
- BTCUSD: LONG

## Global Crypto
- Total Market Cap: $2,632,461,828,776
- BTC Dominance: 57.6%
- 24h Change: -2.3%

============================================================
Market Data Aggregator — 2026-04-19 06:00 UTC
============================================================

Fetching BTC price...
Fetching BTC OHLCV 24h...
Fetching Fear & Greed...
Fetching global crypto market...
Fetching FRED macro data...
Loading internal data...

JSON saved: /home/ubuntu/.openclaw/workspace/directives/market_briefing.json
Markdown saved: /home/ubuntu/.openclaw/workspace/directives/market_briefing.md

# Market Briefing — April 19, 2026 06:00 AM UTC

## BTC: $75,574.00 (-2.0% 24h)
- 24h Range: $75,397 — $77,248 (2.5%)
- 24h Trend: DOWN
- Volume: 46,735,165,780 USD
- Fear & Greed: 27 (Fear)

## Market Regime: MIXED
- Bias: BULLISH
- Recommendation: DayTrader light size — no clear regime
- 1H: WEAK_TREND (ADX 32.5, Chop 53.3)
- 1D: WEAK_TREND (ADX 20.3, Chop 44.9)

## Optimal SuperTrend: ATR 16 / Mult 5.0
- Win Rate: 40.0% | PF: 1.79 | Return: 49.35%

## Positions
- BTCUSD: LONG

## Global Crypto
- Total Market Cap: $2,630,335,135,935
- BTC Dominance: 57.5%
- 24h Change: -2.4%

============================================================
Market Data Aggregator — 2026-04-19 07:00 UTC
============================================================

Fetching BTC price...
Fetching BTC OHLCV 24h...
Fetching Fear & Greed...
Fetching global crypto market...
Fetching FRED macro data...
Loading internal data...

JSON saved: /home/ubuntu/.openclaw/workspace/directives/market_briefing.json
Markdown saved: /home/ubuntu/.openclaw/workspace/directives/market_briefing.md

# Market Briefing — April 19, 2026 07:00 AM UTC

## BTC: $75,401.00 (-2.2% 24h)
- 24h Range: $75,327 — $77,160 (2.4%)
- 24h Trend: DOWN
- Volume: 49,119,783,213 USD
- Fear & Greed: 27 (Fear)

## Market Regime: MIXED
- Bias: BULLISH
- Recommendation: DayTrader light size — no clear regime
- 1H: WEAK_TREND (ADX 32.5, Chop 53.3)
- 1D: WEAK_TREND (ADX 20.3, Chop 44.9)

## Optimal SuperTrend: ATR 16 / Mult 5.0
- Win Rate: 40.0% | PF: 1.79 | Return: 49.35%

## Positions
- BTCUSD: LONG

## Global Crypto
- Total Market Cap: $2,626,810,978,015
- BTC Dominance: 57.5%
- 24h Change: -2.6%

============================================================
Market Data Aggregator — 2026-04-19 08:00 UTC
============================================================

Fetching BTC price...
Fetching BTC OHLCV 24h...
Fetching Fear & Greed...
Fetching global crypto market...
Fetching FRED macro data...
Loading internal data...

JSON saved: /home/ubuntu/.openclaw/workspace/directives/market_briefing.json
Markdown saved: /home/ubuntu/.openclaw/workspace/directives/market_briefing.md

# Market Briefing — April 19, 2026 08:00 AM UTC

## BTC: $75,297.00 (-2.2% 24h)
- 24h Range: $74,934 — $77,068 (2.9%)
- 24h Trend: DOWN
- Volume: 53,887,654,043 USD
- Fear & Greed: 27 (Fear)

## Market Regime: MIXED
- Bias: BULLISH
- Recommendation: DayTrader light size — no clear regime
- 1H: WEAK_TREND (ADX 32.5, Chop 53.3)
- 1D: WEAK_TREND (ADX 20.3, Chop 44.9)

## Optimal SuperTrend: ATR 16 / Mult 5.0
- Win Rate: 40.0% | PF: 1.79 | Return: 49.35%

## Positions
- BTCUSD: LONG

## Global Crypto
- Total Market Cap: $2,622,063,935,443
- BTC Dominance: 57.5%
- 24h Change: -2.6%

============================================================
Market Data Aggregator — 2026-04-19 09:00 UTC
============================================================

Fetching BTC price...
Fetching BTC OHLCV 24h...
Fetching Fear & Greed...
Fetching global crypto market...
Fetching FRED macro data...
Loading internal data...

JSON saved: /home/ubuntu/.openclaw/workspace/directives/market_briefing.json
Markdown saved: /home/ubuntu/.openclaw/workspace/directives/market_briefing.md

# Market Briefing — April 19, 2026 09:00 AM UTC

## BTC: $75,245.00 (-2.0% 24h)
- 24h Range: $74,934 — $76,762 (2.4%)
- 24h Trend: DOWN
- Volume: 45,798,905,727 USD
- Fear & Greed: 27 (Fear)

## Market Regime: MIXED
- Bias: BULLISH
- Recommendation: DayTrader light size — no clear regime
- 1H: WEAK_TREND (ADX 35.0, Chop 54.0)
- 4H: WEAK_TREND (ADX 27.1, Chop 43.9)
- 1D: TRANSITIONAL (ADX 19.9, Chop 45.4)

## Optimal SuperTrend: ATR 16 / Mult 5.0
- Win Rate: 40.0% | PF: 1.79 | Return: 49.35%

## Positions
- BTCUSD: LONG

## Global Crypto
- Total Market Cap: $2,621,987,362,715
- BTC Dominance: 57.5%
- 24h Change: -2.1%

============================================================
Market Data Aggregator — 2026-04-19 10:00 UTC
============================================================

Fetching BTC price...
Fetching BTC OHLCV 24h...
Fetching Fear & Greed...
Fetching global crypto market...
Fetching FRED macro data...
Loading internal data...

JSON saved: /home/ubuntu/.openclaw/workspace/directives/market_briefing.json
Markdown saved: /home/ubuntu/.openclaw/workspace/directives/market_briefing.md

# Market Briefing — April 19, 2026 10:00 AM UTC

## BTC: $75,021.00 (-2.1% 24h)
- 24h Range: $74,934 — $76,631 (2.3%)
- 24h Trend: DOWN
- Volume: 46,656,921,297 USD
- Fear & Greed: 27 (Fear)

## Market Regime: MIXED
- Bias: BULLISH
- Recommendation: DayTrader light size — no clear regime
- 1H: WEAK_TREND (ADX 35.0, Chop 54.0)
- 4H: WEAK_TREND (ADX 27.1, Chop 43.9)
- 1D: TRANSITIONAL (ADX 19.9, Chop 45.4)

## Optimal SuperTrend: ATR 16 / Mult 5.0
- Win Rate: 40.0% | PF: 1.79 | Return: 49.35%

## Positions
- BTCUSD: LONG

## Global Crypto
- Total Market Cap: $2,613,934,902,773
- BTC Dominance: 57.5%
- 24h Change: -2.2%

============================================================
Market Data Aggregator — 2026-04-19 11:00 UTC
============================================================

Fetching BTC price...
Fetching BTC OHLCV 24h...
Fetching Fear & Greed...
Fetching global crypto market...
Fetching FRED macro data...
Loading internal data...

JSON saved: /home/ubuntu/.openclaw/workspace/directives/market_briefing.json
Markdown saved: /home/ubuntu/.openclaw/workspace/directives/market_briefing.md

# Market Briefing — April 19, 2026 11:00 AM UTC

## BTC: $75,243.00 (-1.2% 24h)
- 24h Range: $74,934 — $76,394 (1.9%)
- 24h Trend: DOWN
- Volume: 47,638,611,819 USD
- Fear & Greed: 27 (Fear)

## Market Regime: MIXED
- Bias: BULLISH
- Recommendation: DayTrader light size — no clear regime
- 1H: WEAK_TREND (ADX 35.0, Chop 54.0)
- 4H: WEAK_TREND (ADX 27.1, Chop 43.9)
- 1D: TRANSITIONAL (ADX 19.9, Chop 45.4)

## Optimal SuperTrend: ATR 16 / Mult 5.0
- Win Rate: 40.0% | PF: 1.79 | Return: 49.35%

## Positions
- BTCUSD: LONG

## Global Crypto
- Total Market Cap: $2,619,524,094,955
- BTC Dominance: 57.5%
- 24h Change: -1.6%

============================================================
Market Data Aggregator — 2026-04-19 12:00 UTC
============================================================

Fetching BTC price...
Fetching BTC OHLCV 24h...
Fetching Fear & Greed...
Fetching global crypto market...
Fetching FRED macro data...
Loading internal data...

JSON saved: /home/ubuntu/.openclaw/workspace/directives/market_briefing.json
Markdown saved: /home/ubuntu/.openclaw/workspace/directives/market_briefing.md

# Market Briefing — April 19, 2026 12:00 PM UTC

## BTC: $75,598.00 (-0.6% 24h)
- 24h Range: $74,934 — $76,394 (1.9%)
- 24h Trend: DOWN
- Volume: 50,116,483,926 USD
- Fear & Greed: 27 (Fear)

## Market Regime: MIXED
- Bias: BULLISH
- Recommendation: DayTrader light size — no clear regime
- 1H: TRANSITIONAL (ADX 36.1, Chop 56.3)
- 4H: WEAK_TREND (ADX 25.3, Chop 47.9)
- 1D: TRANSITIONAL (ADX 19.9, Chop 45.4)

## Optimal SuperTrend: ATR 16 / Mult 5.0
- Win Rate: 40.0% | PF: 1.79 | Return: 49.35%

## Positions
- BTCUSD: LONG

## Global Crypto
- Total Market Cap: $2,630,987,005,098
- BTC Dominance: 57.5%
- 24h Change: -0.9%

============================================================
Market Data Aggregator — 2026-04-19 13:00 UTC
============================================================

Fetching BTC price...
Fetching BTC OHLCV 24h...
Fetching Fear & Greed...
Fetching global crypto market...
Fetching FRED macro data...
Loading internal data...

JSON saved: /home/ubuntu/.openclaw/workspace/directives/market_briefing.json
Markdown saved: /home/ubuntu/.openclaw/workspace/directives/market_briefing.md

# Market Briefing — April 19, 2026 01:00 PM UTC

## BTC: $75,658.00 (-0.7% 24h)
- 24h Range: $74,934 — $76,394 (1.9%)
- 24h Trend: DOWN
- Volume: 47,905,362,373 USD
- Fear & Greed: 27 (Fear)

## Market Regime: MIXED
- Bias: BULLISH
- Recommendation: DayTrader light size — no clear regime
- 1H: TRANSITIONAL (ADX 36.1, Chop 56.3)
- 4H: WEAK_TREND (ADX 25.3, Chop 47.9)
- 1D: TRANSITIONAL (ADX 19.9, Chop 45.4)

## Optimal SuperTrend: ATR 16 / Mult 5.0
- Win Rate: 40.0% | PF: 1.79 | Return: 49.35%

## Positions
- BTCUSD: LONG

## Global Crypto
- Total Market Cap: $2,631,922,052,868
- BTC Dominance: 57.5%
- 24h Change: -1.0%

============================================================
Market Data Aggregator — 2026-04-19 15:00 UTC
============================================================

Fetching BTC price...
Fetching BTC OHLCV 24h...
Fetching Fear & Greed...
Fetching global crypto market...
Fetching FRED macro data...
Loading internal data...

JSON saved: /home/ubuntu/.openclaw/workspace/directives/market_briefing.json
Markdown saved: /home/ubuntu/.openclaw/workspace/directives/market_briefing.md

# Market Briefing — April 19, 2026 03:00 PM UTC

## BTC: $76,008.00 (-0.3% 24h)
- 24h Range: $74,934 — $76,394 (1.9%)
- 24h Trend: DOWN
- Volume: 55,211,746,349 USD
- Fear & Greed: 27 (Fear)

## Market Regime: MIXED
- Bias: BULLISH
- Recommendation: DayTrader light size — no clear regime
- 1H: TRANSITIONAL (ADX 36.1, Chop 56.3)
- 4H: WEAK_TREND (ADX 25.3, Chop 47.9)
- 1D: TRANSITIONAL (ADX 19.9, Chop 45.4)

## Optimal SuperTrend: ATR 16 / Mult 5.0
- Win Rate: 40.0% | PF: 1.79 | Return: 49.35%

## Positions
- BTCUSD: LONG

## Global Crypto
- Total Market Cap: $2,645,434,676,249
- BTC Dominance: 57.5%
- 24h Change: -0.5%

============================================================
Market Data Aggregator — 2026-04-19 16:00 UTC
============================================================

Fetching BTC price...
Fetching BTC OHLCV 24h...
Fetching Fear & Greed...
Fetching global crypto market...
Fetching FRED macro data...
Loading internal data...

JSON saved: /home/ubuntu/.openclaw/workspace/directives/market_briefing.json
Markdown saved: /home/ubuntu/.openclaw/workspace/directives/market_briefing.md

# Market Briefing — April 19, 2026 04:00 PM UTC

## BTC: $75,841.00 (-0.5% 24h)
- 24h Range: $74,934 — $76,274 (1.8%)
- 24h Trend: DOWN
- Volume: 59,428,620,740 USD
- Fear & Greed: 27 (Fear)

## Market Regime: MIXED
- Bias: BULLISH
- Recommendation: DayTrader light size — no clear regime
- 1H: TRANSITIONAL (ADX 36.1, Chop 56.3)
- 4H: WEAK_TREND (ADX 25.3, Chop 47.9)
- 1D: TRANSITIONAL (ADX 19.9, Chop 45.4)

## Optimal SuperTrend: ATR 16 / Mult 5.0
- Win Rate: 40.0% | PF: 1.79 | Return: 49.35%

## Positions
- BTCUSD: LONG

## Global Crypto
- Total Market Cap: $2,638,333,043,847
- BTC Dominance: 57.6%
- 24h Change: -0.7%

============================================================
Market Data Aggregator — 2026-04-19 17:00 UTC
============================================================

Fetching BTC price...
Fetching BTC OHLCV 24h...
Fetching Fear & Greed...
Fetching global crypto market...
Fetching FRED macro data...
Loading internal data...

JSON saved: /home/ubuntu/.openclaw/workspace/directives/market_briefing.json
Markdown saved: /home/ubuntu/.openclaw/workspace/directives/market_briefing.md

# Market Briefing — April 19, 2026 05:00 PM UTC

## BTC: $75,497.00 (-0.6% 24h)
- 24h Range: $74,934 — $76,274 (1.8%)
- 24h Trend: DOWN
- Volume: 56,447,728,879 USD
- Fear & Greed: 27 (Fear)

## Market Regime: MIXED
- Bias: MIXED
- Recommendation: DayTrader light size — no clear regime
- 1H: WEAK_TREND (ADX 28.2, Chop 55.0)
- 1D: TRANSITIONAL (ADX 19.9, Chop 45.8)

## Optimal SuperTrend: ATR 16 / Mult 5.0
- Win Rate: 40.0% | PF: 1.79 | Return: 49.35%

## Positions
- BTCUSD: LONG

## Global Crypto
- Total Market Cap: $2,625,769,018,384
- BTC Dominance: 57.5%
- 24h Change: -0.9%

============================================================
Market Data Aggregator — 2026-04-19 18:00 UTC
============================================================

Fetching BTC price...
Fetching BTC OHLCV 24h...
Fetching Fear & Greed...
Fetching global crypto market...
Fetching FRED macro data...
Loading internal data...

JSON saved: /home/ubuntu/.openclaw/workspace/directives/market_briefing.json
Markdown saved: /home/ubuntu/.openclaw/workspace/directives/market_briefing.md

# Market Briefing — April 19, 2026 06:00 PM UTC

## BTC: $74,855.00 (-1.3% 24h)
- 24h Range: $74,676 — $76,274 (2.1%)
- 24h Trend: DOWN
- Volume: 59,471,810,498 USD
- Fear & Greed: 27 (Fear)

## Market Regime: MIXED
- Bias: MIXED
- Recommendation: DayTrader light size — no clear regime
- 1H: WEAK_TREND (ADX 28.2, Chop 55.0)
- 1D: TRANSITIONAL (ADX 19.9, Chop 45.8)

## Optimal SuperTrend: ATR 16 / Mult 5.0
- Win Rate: 40.0% | PF: 1.79 | Return: 49.35%

## Positions
- BTCUSD: LONG

## Global Crypto
- Total Market Cap: $2,609,824,447,940
- BTC Dominance: 57.4%
- 24h Change: -1.5%

============================================================
Market Data Aggregator — 2026-04-19 19:00 UTC
============================================================

Fetching BTC price...
Fetching BTC OHLCV 24h...
Fetching Fear & Greed...
Fetching global crypto market...
Fetching FRED macro data...
Loading internal data...

JSON saved: /home/ubuntu/.openclaw/workspace/directives/market_briefing.json
Markdown saved: /home/ubuntu/.openclaw/workspace/directives/market_briefing.md

# Market Briefing — April 19, 2026 07:00 PM UTC

## BTC: $74,795.00 (-1.1% 24h)
- 24h Range: $74,626 — $76,274 (2.2%)
- 24h Trend: DOWN
- Volume: 63,375,396,370 USD
- Fear & Greed: 27 (Fear)

## Market Regime: MIXED
- Bias: MIXED
- Recommendation: DayTrader light size — no clear regime
- 1H: WEAK_TREND (ADX 28.2, Chop 55.0)
- 1D: TRANSITIONAL (ADX 19.9, Chop 45.8)

## Optimal SuperTrend: ATR 16 / Mult 5.0
- Win Rate: 40.0% | PF: 1.79 | Return: 49.35%

## Positions
- BTCUSD: LONG

## Global Crypto
- Total Market Cap: $2,606,796,386,636
- BTC Dominance: 57.4%
- 24h Change: -1.1%

============================================================
Market Data Aggregator — 2026-04-19 20:00 UTC
============================================================

Fetching BTC price...
Fetching BTC OHLCV 24h...
Fetching Fear & Greed...
Fetching global crypto market...
Fetching FRED macro data...
Loading internal data...

JSON saved: /home/ubuntu/.openclaw/workspace/directives/market_briefing.json
Markdown saved: /home/ubuntu/.openclaw/workspace/directives/market_briefing.md

# Market Briefing — April 19, 2026 08:00 PM UTC

## BTC: $74,973.00 (-0.9% 24h)
- 24h Range: $74,626 — $76,274 (2.2%)
- 24h Trend: DOWN
- Volume: 65,411,153,036 USD
- Fear & Greed: 27 (Fear)

## Market Regime: MIXED
- Bias: MIXED
- Recommendation: DayTrader light size — no clear regime
- 1H: WEAK_TREND (ADX 28.2, Chop 55.0)
- 1D: TRANSITIONAL (ADX 19.9, Chop 45.8)

## Optimal SuperTrend: ATR 16 / Mult 5.0
- Win Rate: 40.0% | PF: 1.79 | Return: 49.35%

## Positions
- BTCUSD: LONG

## Global Crypto
- Total Market Cap: $2,612,010,716,061
- BTC Dominance: 57.4%
- 24h Change: -1.0%

============================================================
Market Data Aggregator — 2026-04-19 21:00 UTC
============================================================

Fetching BTC price...
Fetching BTC OHLCV 24h...
Fetching Fear & Greed...
Fetching global crypto market...
Fetching FRED macro data...
Loading internal data...

JSON saved: /home/ubuntu/.openclaw/workspace/directives/market_briefing.json
Markdown saved: /home/ubuntu/.openclaw/workspace/directives/market_briefing.md

# Market Briefing — April 19, 2026 09:00 PM UTC

## BTC: $74,690.00 (-1.4% 24h)
- 24h Range: $74,459 — $76,274 (2.4%)
- 24h Trend: DOWN
- Volume: 57,688,755,446 USD
- Fear & Greed: 27 (Fear)

## Market Regime: MIXED
- Bias: MIXED
- Recommendation: DayTrader light size — no clear regime
- 1H: WEAK_TREND (ADX 28.4, Chop 49.7)
- 1D: TRANSITIONAL (ADX 19.7, Chop 46.1)

## Optimal SuperTrend: ATR 16 / Mult 5.0
- Win Rate: 40.0% | PF: 1.79 | Return: 49.35%

## Positions
- BTCUSD: LONG

## Global Crypto
- Total Market Cap: $2,603,719,469,990
- BTC Dominance: 57.4%
- 24h Change: -1.4%

============================================================
Market Data Aggregator — 2026-04-19 22:00 UTC
============================================================

Fetching BTC price...
Fetching BTC OHLCV 24h...
Fetching Fear & Greed...
Fetching global crypto market...
Fetching FRED macro data...
Loading internal data...

JSON saved: /home/ubuntu/.openclaw/workspace/directives/market_briefing.json
Markdown saved: /home/ubuntu/.openclaw/workspace/directives/market_briefing.md

# Market Briefing — April 19, 2026 10:00 PM UTC

## BTC: $74,460.00 (-1.8% 24h)
- 24h Range: $74,398 — $76,274 (2.5%)
- 24h Trend: DOWN
- Volume: 58,774,343,300 USD
- Fear & Greed: 27 (Fear)

## Market Regime: MIXED
- Bias: MIXED
- Recommendation: DayTrader light size — no clear regime
- 1H: WEAK_TREND (ADX 28.4, Chop 49.7)
- 1D: TRANSITIONAL (ADX 19.7, Chop 46.1)

## Optimal SuperTrend: ATR 16 / Mult 5.0
- Win Rate: 40.0% | PF: 1.79 | Return: 49.35%

## Positions
- BTCUSD: LONG

## Global Crypto
- Total Market Cap: $2,597,723,133,966
- BTC Dominance: 57.4%
- 24h Change: -1.8%

============================================================
Market Data Aggregator — 2026-04-19 23:00 UTC
============================================================

Fetching BTC price...
Fetching BTC OHLCV 24h...
Fetching Fear & Greed...
Fetching global crypto market...
Fetching FRED macro data...
Loading internal data...

JSON saved: /home/ubuntu/.openclaw/workspace/directives/market_briefing.json
Markdown saved: /home/ubuntu/.openclaw/workspace/directives/market_briefing.md

# Market Briefing — April 19, 2026 11:00 PM UTC

## BTC: $74,155.00 (-2.2% 24h)
- 24h Range: $73,796 — $76,274 (3.4%)
- 24h Trend: DOWN
- Volume: 61,407,418,717 USD
- Fear & Greed: 27 (Fear)

## Market Regime: MIXED
- Bias: MIXED
- Recommendation: DayTrader light size — no clear regime
- 1H: WEAK_TREND (ADX 28.4, Chop 49.7)
- 1D: TRANSITIONAL (ADX 19.7, Chop 46.1)

## Optimal SuperTrend: ATR 16 / Mult 5.0
- Win Rate: 40.0% | PF: 1.79 | Return: 49.35%

## Positions
- BTCUSD: LONG

## Global Crypto
- Total Market Cap: $2,587,393,089,258
- BTC Dominance: 57.4%
- 24h Change: -2.1%

============================================================
Market Data Aggregator — 2026-04-20 00:00 UTC
============================================================

Fetching BTC price...
Fetching BTC OHLCV 24h...
Fetching Fear & Greed...
Fetching global crypto market...
Fetching FRED macro data...
Loading internal data...

JSON saved: /home/ubuntu/.openclaw/workspace/directives/market_briefing.json
Markdown saved: /home/ubuntu/.openclaw/workspace/directives/market_briefing.md

# Market Briefing — April 20, 2026 12:00 AM UTC

## BTC: $73,870.00 (-2.5% 24h)
- 24h Range: $73,796 — $76,274 (3.4%)
- 24h Trend: DOWN
- Volume: 62,224,670,801 USD
- Fear & Greed: 29 (Fear)

## Market Regime: MIXED
- Bias: MIXED
- Recommendation: DayTrader light size — no clear regime
- 1H: WEAK_TREND (ADX 28.4, Chop 49.7)
- 1D: TRANSITIONAL (ADX 19.7, Chop 46.1)

## Optimal SuperTrend: ATR 16 / Mult 5.0
- Win Rate: 40.0% | PF: 1.79 | Return: 49.35%

## Positions
- BTCUSD: LONG @ $77,961.03

## Global Crypto
- Total Market Cap: $2,578,863,757,302
- BTC Dominance: 57.3%
- 24h Change: -2.3%

============================================================
Market Data Aggregator — 2026-04-20 01:00 UTC
============================================================

Fetching BTC price...
Fetching BTC OHLCV 24h...
Fetching Fear & Greed...
Fetching global crypto market...
Fetching FRED macro data...
Loading internal data...

JSON saved: /home/ubuntu/.openclaw/workspace/directives/market_briefing.json
Markdown saved: /home/ubuntu/.openclaw/workspace/directives/market_briefing.md

# Market Briefing — April 20, 2026 01:00 AM UTC

## BTC: $74,344.00 (-1.7% 24h)
- 24h Range: $73,748 — $76,274 (3.4%)
- 24h Trend: DOWN
- Volume: 55,348,837,769 USD
- Fear & Greed: 29 (Fear)

## Market Regime: MIXED_TREND
- Bias: MIXED
- Recommendation: SuperTrend on trending TFs, Grid Bot on ranging TFs
- 1H: STRONG_TREND (ADX 33.2, Chop 37.3)
- 4H: WEAK_TREND (ADX 23.6, Chop 35.2)
- 1D: TRANSITIONAL (ADX 19.3, Chop 47.5)

## Optimal SuperTrend: ATR 16 / Mult 5.0
- Win Rate: 40.0% | PF: 1.79 | Return: 49.35%

## Positions
- BTCUSD: LONG @ $77,961.03

## Global Crypto
- Total Market Cap: $2,593,409,924,685
- BTC Dominance: 57.4%
- 24h Change: -1.6%

============================================================
Market Data Aggregator — 2026-04-20 02:00 UTC
============================================================

Fetching BTC price...
Fetching BTC OHLCV 24h...
Fetching Fear & Greed...
Fetching global crypto market...
Fetching FRED macro data...
Loading internal data...

JSON saved: /home/ubuntu/.openclaw/workspace/directives/market_briefing.json
Markdown saved: /home/ubuntu/.openclaw/workspace/directives/market_briefing.md

# Market Briefing — April 20, 2026 02:00 AM UTC

## BTC: $74,623.00 (-1.4% 24h)
- 24h Range: $73,748 — $76,274 (3.4%)
- 24h Trend: DOWN
- Volume: 56,323,405,409 USD
- Fear & Greed: 29 (Fear)

## Market Regime: MIXED_TREND
- Bias: MIXED
- Recommendation: SuperTrend on trending TFs, Grid Bot on ranging TFs
- 1H: STRONG_TREND (ADX 33.2, Chop 37.3)
- 4H: WEAK_TREND (ADX 23.6, Chop 35.2)
- 1D: TRANSITIONAL (ADX 19.3, Chop 47.5)

## Optimal SuperTrend: ATR 16 / Mult 5.0
- Win Rate: 40.0% | PF: 1.79 | Return: 49.35%

## Positions
- BTCUSD: LONG @ $77,961.03

## Global Crypto
- Total Market Cap: $2,601,402,560,084
- BTC Dominance: 57.4%
- 24h Change: -1.3%

============================================================
Market Data Aggregator — 2026-04-20 03:00 UTC
============================================================

Fetching BTC price...
Fetching BTC OHLCV 24h...
Fetching Fear & Greed...
Fetching global crypto market...
Fetching FRED macro data...
Loading internal data...

JSON saved: /home/ubuntu/.openclaw/workspace/directives/market_briefing.json
Markdown saved: /home/ubuntu/.openclaw/workspace/directives/market_briefing.md

# Market Briefing — April 20, 2026 03:00 AM UTC

## BTC: $74,466.00 (-1.4% 24h)
- 24h Range: $73,748 — $76,274 (3.4%)
- 24h Trend: DOWN
- Volume: 56,827,393,811 USD
- Fear & Greed: 29 (Fear)

## Market Regime: MIXED_TREND
- Bias: MIXED
- Recommendation: SuperTrend on trending TFs, Grid Bot on ranging TFs
- 1H: STRONG_TREND (ADX 33.2, Chop 37.3)
- 4H: WEAK_TREND (ADX 23.6, Chop 35.2)
- 1D: TRANSITIONAL (ADX 19.3, Chop 47.5)

## Optimal SuperTrend: ATR 16 / Mult 5.0
- Win Rate: 40.0% | PF: 1.79 | Return: 49.35%

## Positions
- BTCUSD: LONG @ $77,961.03

## Global Crypto
- Total Market Cap: $2,597,070,258,976
- BTC Dominance: 57.4%
- 24h Change: -1.3%

============================================================
Market Data Aggregator — 2026-04-20 04:00 UTC
============================================================

Fetching BTC price...
Fetching BTC OHLCV 24h...
Fetching Fear & Greed...
Fetching global crypto market...
Fetching FRED macro data...
Loading internal data...

JSON saved: /home/ubuntu/.openclaw/workspace/directives/market_briefing.json
Markdown saved: /home/ubuntu/.openclaw/workspace/directives/market_briefing.md

# Market Briefing — April 20, 2026 04:00 AM UTC

## BTC: $74,656.00 (-1.2% 24h)
- 24h Range: $73,748 — $76,274 (3.4%)
- 24h Trend: DOWN
- Volume: 56,922,293,931 USD
- Fear & Greed: 29 (Fear)

## Market Regime: MIXED
- Bias: MIXED
- Recommendation: DayTrader light size — no clear regime
- 1H: WEAK_TREND (ADX 27.9, Chop 37.6)
- 4H: WEAK_TREND (ADX 23.3, Chop 39.1)

## Optimal SuperTrend: ATR 16 / Mult 5.0
- Win Rate: 40.0% | PF: 1.79 | Return: 49.35%

## Positions
- BTCUSD: LONG @ $77,961.03

## Global Crypto
- Total Market Cap: $2,602,385,026,152
- BTC Dominance: 57.4%
- 24h Change: -1.1%

============================================================
Market Data Aggregator — 2026-04-20 05:00 UTC
============================================================

Fetching BTC price...
Fetching BTC OHLCV 24h...
Fetching Fear & Greed...
Fetching global crypto market...
Fetching FRED macro data...
Loading internal data...

JSON saved: /home/ubuntu/.openclaw/workspace/directives/market_briefing.json
Markdown saved: /home/ubuntu/.openclaw/workspace/directives/market_briefing.md

# Market Briefing — April 20, 2026 05:00 AM UTC

## BTC: $74,580.00 (-1.5% 24h)
- 24h Range: $73,748 — $76,274 (3.4%)
- 24h Trend: DOWN
- Volume: 44,886,277,759 USD
- Fear & Greed: 29 (Fear)

## Market Regime: MIXED
- Bias: MIXED
- Recommendation: DayTrader light size — no clear regime
- 1H: WEAK_TREND (ADX 27.9, Chop 37.6)
- 4H: WEAK_TREND (ADX 23.3, Chop 39.1)

## Optimal SuperTrend: ATR 16 / Mult 5.0
- Win Rate: 40.0% | PF: 1.79 | Return: 49.35%

## Positions
- BTCUSD: LONG @ $77,961.03

## Global Crypto
- Total Market Cap: $2,600,028,182,757
- BTC Dominance: 57.4%
- 24h Change: -1.2%

============================================================
Market Data Aggregator — 2026-04-20 06:00 UTC
============================================================

Fetching BTC price...
Fetching BTC OHLCV 24h...
Fetching Fear & Greed...
Fetching global crypto market...
Fetching FRED macro data...
Loading internal data...

JSON saved: /home/ubuntu/.openclaw/workspace/directives/market_briefing.json
Markdown saved: /home/ubuntu/.openclaw/workspace/directives/market_briefing.md

# Market Briefing — April 20, 2026 06:00 AM UTC

## BTC: $74,280.00 (-1.7% 24h)
- 24h Range: $73,748 — $76,274 (3.4%)
- 24h Trend: DOWN
- Volume: 45,728,941,832 USD
- Fear & Greed: 29 (Fear)

## Market Regime: MIXED
- Bias: MIXED
- Recommendation: DayTrader light size — no clear regime
- 1H: WEAK_TREND (ADX 27.9, Chop 37.6)
- 4H: WEAK_TREND (ADX 23.3, Chop 39.1)

## Optimal SuperTrend: ATR 16 / Mult 5.0
- Win Rate: 40.0% | PF: 1.79 | Return: 49.35%

## Positions
- BTCUSD: LONG @ $77,961.03

## Global Crypto
- Total Market Cap: $2,591,033,629,344
- BTC Dominance: 57.4%
- 24h Change: -1.5%

============================================================
Market Data Aggregator — 2026-04-20 07:00 UTC
============================================================

Fetching BTC price...
Fetching BTC OHLCV 24h...
Fetching Fear & Greed...
Fetching global crypto market...
Fetching FRED macro data...
Loading internal data...

JSON saved: /home/ubuntu/.openclaw/workspace/directives/market_briefing.json
Markdown saved: /home/ubuntu/.openclaw/workspace/directives/market_briefing.md

# Market Briefing — April 20, 2026 07:00 AM UTC

## BTC: $74,785.00 (-0.8% 24h)
- 24h Range: $73,748 — $76,274 (3.4%)
- 24h Trend: DOWN
- Volume: 39,816,635,003 USD
- Fear & Greed: 29 (Fear)

## Market Regime: MIXED
- Bias: MIXED
- Recommendation: DayTrader light size — no clear regime
- 1H: WEAK_TREND (ADX 27.9, Chop 37.6)
- 4H: WEAK_TREND (ADX 23.3, Chop 39.1)

## Optimal SuperTrend: ATR 16 / Mult 5.0
- Win Rate: 40.0% | PF: 1.79 | Return: 49.35%

## Positions
- BTCUSD: LONG @ $77,961.03

## Global Crypto
- Total Market Cap: $2,606,168,379,897
- BTC Dominance: 57.5%
- 24h Change: -0.8%

============================================================
Market Data Aggregator — 2026-04-20 08:00 UTC
============================================================

Fetching BTC price...
Fetching BTC OHLCV 24h...
Fetching Fear & Greed...
Fetching global crypto market...
Fetching FRED macro data...
Loading internal data...

JSON saved: /home/ubuntu/.openclaw/workspace/directives/market_briefing.json
Markdown saved: /home/ubuntu/.openclaw/workspace/directives/market_briefing.md

# Market Briefing — April 20, 2026 08:00 AM UTC

## BTC: $74,798.00 (-0.7% 24h)
- 24h Range: $73,748 — $76,274 (3.4%)
- 24h Trend: DOWN
- Volume: 40,352,911,479 USD
- Fear & Greed: 29 (Fear)

## Market Regime: MIXED
- Bias: MIXED
- Recommendation: DayTrader light size — no clear regime
- 1H: WEAK_TREND (ADX 27.9, Chop 37.6)
- 4H: WEAK_TREND (ADX 23.3, Chop 39.1)

## Optimal SuperTrend: ATR 16 / Mult 5.0
- Win Rate: 40.0% | PF: 1.79 | Return: 49.35%

## Positions
- BTCUSD: LONG @ $77,961.03

## Global Crypto
- Total Market Cap: $2,607,111,738,781
- BTC Dominance: 57.4%
- 24h Change: -0.5%

============================================================
Market Data Aggregator — 2026-04-20 09:00 UTC
============================================================

Fetching BTC price...
Fetching BTC OHLCV 24h...
Fetching Fear & Greed...
Fetching global crypto market...
Fetching FRED macro data...
Loading internal data...

JSON saved: /home/ubuntu/.openclaw/workspace/directives/market_briefing.json
Markdown saved: /home/ubuntu/.openclaw/workspace/directives/market_briefing.md

# Market Briefing — April 20, 2026 09:00 AM UTC

## BTC: $74,737.00 (-0.7% 24h)
- 24h Range: $73,748 — $76,274 (3.4%)
- 24h Trend: DOWN
- Volume: 41,478,740,827 USD
- Fear & Greed: 29 (Fear)

## Market Regime: MIXED
- Bias: MIXED
- Recommendation: DayTrader light size — no clear regime
- 1H: WEAK_TREND (ADX 24.6, Chop 50.7)
- 4H: WEAK_TREND (ADX 20.8, Chop 46.2)
- 1D: TRANSITIONAL (ADX 19.2, Chop 46.8)

## Optimal SuperTrend: ATR 16 / Mult 5.0
- Win Rate: 40.0% | PF: 1.79 | Return: 49.35%

## Positions
- BTCUSD: LONG @ $77,961.03

## Global Crypto
- Total Market Cap: $2,605,566,249,242
- BTC Dominance: 57.4%
- 24h Change: -0.6%

============================================================
Market Data Aggregator — 2026-04-20 10:00 UTC
============================================================

Fetching BTC price...
Fetching BTC OHLCV 24h...
Fetching Fear & Greed...
Fetching global crypto market...
Fetching FRED macro data...
Loading internal data...

JSON saved: /home/ubuntu/.openclaw/workspace/directives/market_briefing.json
Markdown saved: /home/ubuntu/.openclaw/workspace/directives/market_briefing.md

# Market Briefing — April 20, 2026 10:00 AM UTC

## BTC: $75,079.00 (+0.1% 24h)
- 24h Range: $73,748 — $76,274 (3.4%)
- 24h Trend: DOWN
- Volume: 41,883,535,722 USD
- Fear & Greed: 29 (Fear)

## Market Regime: MIXED
- Bias: MIXED
- Recommendation: DayTrader light size — no clear regime
- 1H: WEAK_TREND (ADX 24.6, Chop 50.7)
- 4H: WEAK_TREND (ADX 20.8, Chop 46.2)
- 1D: TRANSITIONAL (ADX 19.2, Chop 46.8)

## Optimal SuperTrend: ATR 16 / Mult 5.0
- Win Rate: 40.0% | PF: 1.79 | Return: 49.35%

## Positions
- BTCUSD: LONG @ $77,961.03

## Global Crypto
- Total Market Cap: $2,616,274,514,491
- BTC Dominance: 57.5%
- 24h Change: +0.1%

============================================================
Market Data Aggregator — 2026-04-20 11:00 UTC
============================================================

Fetching BTC price...
Fetching BTC OHLCV 24h...
Fetching Fear & Greed...
Fetching global crypto market...
Fetching FRED macro data...
Loading internal data...

JSON saved: /home/ubuntu/.openclaw/workspace/directives/market_briefing.json
Markdown saved: /home/ubuntu/.openclaw/workspace/directives/market_briefing.md

# Market Briefing — April 20, 2026 11:00 AM UTC

## BTC: $75,051.00 (-0.2% 24h)
- 24h Range: $73,748 — $76,274 (3.4%)
- 24h Trend: DOWN
- Volume: 37,403,332,670 USD
- Fear & Greed: 29 (Fear)

## Market Regime: MIXED
- Bias: MIXED
- Recommendation: DayTrader light size — no clear regime
- 1H: WEAK_TREND (ADX 24.6, Chop 50.7)
- 4H: WEAK_TREND (ADX 20.8, Chop 46.2)
- 1D: TRANSITIONAL (ADX 19.2, Chop 46.8)

## Optimal SuperTrend: ATR 16 / Mult 5.0
- Win Rate: 40.0% | PF: 1.79 | Return: 49.35%

## Positions
- BTCUSD: LONG @ $77,961.03

## Global Crypto
- Total Market Cap: $2,614,921,078,073
- BTC Dominance: 57.5%
- 24h Change: -0.2%

============================================================
Market Data Aggregator — 2026-04-20 12:00 UTC
============================================================

Fetching BTC price...
Fetching BTC OHLCV 24h...
Fetching Fear & Greed...
Fetching global crypto market...
Fetching FRED macro data...
Loading internal data...

JSON saved: /home/ubuntu/.openclaw/workspace/directives/market_briefing.json
Markdown saved: /home/ubuntu/.openclaw/workspace/directives/market_briefing.md

# Market Briefing — April 20, 2026 12:00 PM UTC

## BTC: $75,183.00 (-0.6% 24h)
- 24h Range: $73,748 — $76,274 (3.4%)
- 24h Trend: DOWN
- Volume: 37,377,657,657 USD
- Fear & Greed: 29 (Fear)

## Market Regime: MIXED
- Bias: MIXED
- Recommendation: DayTrader light size — no clear regime
- 1H: WEAK_TREND (ADX 24.6, Chop 50.7)
- 4H: WEAK_TREND (ADX 20.8, Chop 46.2)
- 1D: TRANSITIONAL (ADX 19.2, Chop 46.8)

## Optimal SuperTrend: ATR 16 / Mult 5.0
- Win Rate: 40.0% | PF: 1.79 | Return: 49.35%

## Positions
- BTCUSD: LONG @ $77,961.03

## Global Crypto
- Total Market Cap: $2,617,849,203,331
- BTC Dominance: 57.5%
- 24h Change: -0.5%

============================================================
Market Data Aggregator — 2026-04-20 13:00 UTC
============================================================

Fetching BTC price...
Fetching BTC OHLCV 24h...
Fetching Fear & Greed...
Fetching global crypto market...
Fetching FRED macro data...
Loading internal data...

JSON saved: /home/ubuntu/.openclaw/workspace/directives/market_briefing.json
Markdown saved: /home/ubuntu/.openclaw/workspace/directives/market_briefing.md

# Market Briefing — April 20, 2026 01:00 PM UTC

## BTC: $75,285.00 (-0.5% 24h)
- 24h Range: $73,748 — $76,274 (3.4%)
- 24h Trend: DOWN
- Volume: 38,246,065,478 USD
- Fear & Greed: 29 (Fear)

## Market Regime: MIXED
- Bias: MIXED
- Recommendation: DayTrader light size — no clear regime
- 1H: WEAK_TREND (ADX 23.2, Chop 45.4)
- 1D: TRANSITIONAL (ADX 19.2, Chop 46.8)

## Optimal SuperTrend: ATR 16 / Mult 5.0
- Win Rate: 40.0% | PF: 1.79 | Return: 49.35%

## Positions
- BTCUSD: LONG @ $77,961.03

## Global Crypto
- Total Market Cap: $2,621,536,071,042
- BTC Dominance: 57.5%
- 24h Change: -0.5%

============================================================
Market Data Aggregator — 2026-04-20 14:00 UTC
============================================================

Fetching BTC price...
Fetching BTC OHLCV 24h...
Fetching Fear & Greed...
Fetching global crypto market...
Fetching FRED macro data...
Loading internal data...

JSON saved: /home/ubuntu/.openclaw/workspace/directives/market_briefing.json
Markdown saved: /home/ubuntu/.openclaw/workspace/directives/market_briefing.md

# Market Briefing — April 20, 2026 02:00 PM UTC

## BTC: $75,292.00 (-0.8% 24h)
- 24h Range: $73,748 — $76,189 (3.3%)
- 24h Trend: DOWN
- Volume: 38,747,898,902 USD
- Fear & Greed: 29 (Fear)

## Market Regime: MIXED
- Bias: MIXED
- Recommendation: DayTrader light size — no clear regime
- 1H: WEAK_TREND (ADX 23.2, Chop 45.4)
- 1D: TRANSITIONAL (ADX 19.2, Chop 46.8)

## Optimal SuperTrend: ATR 16 / Mult 5.0
- Win Rate: 40.0% | PF: 1.79 | Return: 49.35%

## Positions
- BTCUSD: LONG @ $77,961.03

## Global Crypto
- Total Market Cap: $2,621,971,281,496
- BTC Dominance: 57.5%
- 24h Change: -0.8%

============================================================
Market Data Aggregator — 2026-04-20 15:00 UTC
============================================================

Fetching BTC price...
Fetching BTC OHLCV 24h...
Fetching Fear & Greed...
Fetching global crypto market...
Fetching FRED macro data...
Loading internal data...

JSON saved: /home/ubuntu/.openclaw/workspace/directives/market_briefing.json
Markdown saved: /home/ubuntu/.openclaw/workspace/directives/market_briefing.md

# Market Briefing — April 20, 2026 03:00 PM UTC

## BTC: $75,018.00 (-1.3% 24h)
- 24h Range: $73,748 — $76,189 (3.3%)
- 24h Trend: DOWN
- Volume: 39,503,343,711 USD
- Fear & Greed: 29 (Fear)

## Market Regime: MIXED
- Bias: MIXED
- Recommendation: DayTrader light size — no clear regime
- 1H: WEAK_TREND (ADX 23.2, Chop 45.4)
- 1D: TRANSITIONAL (ADX 19.2, Chop 46.8)

## Optimal SuperTrend: ATR 16 / Mult 5.0
- Win Rate: 40.0% | PF: 1.79 | Return: 49.35%

## Positions
- BTCUSD: LONG @ $77,961.03

## Global Crypto
- Total Market Cap: $2,611,271,336,021
- BTC Dominance: 57.5%
- 24h Change: -1.3%

============================================================
Market Data Aggregator — 2026-04-20 16:00 UTC
============================================================

Fetching BTC price...
Fetching BTC OHLCV 24h...
Fetching Fear & Greed...
Fetching global crypto market...
  [FAIL] https://api.coingecko.com/api/v3/global: HTTP Error 429: Too Many Requests
Fetching FRED macro data...
Loading internal data...

JSON saved: /home/ubuntu/.openclaw/workspace/directives/market_briefing.json
Markdown saved: /home/ubuntu/.openclaw/workspace/directives/market_briefing.md

# Market Briefing — April 20, 2026 04:00 PM UTC

## BTC: $75,664.00 (-0.2% 24h)
- 24h Range: $73,748 — $75,894 (2.9%)
- 24h Trend: UP
- Volume: 41,897,222,209 USD
- Fear & Greed: 29 (Fear)

## Market Regime: MIXED
- Bias: MIXED
- Recommendation: DayTrader light size — no clear regime
- 1H: WEAK_TREND (ADX 23.2, Chop 45.4)
- 1D: TRANSITIONAL (ADX 19.2, Chop 46.8)

## Optimal SuperTrend: ATR 16 / Mult 5.0
- Win Rate: 40.0% | PF: 1.79 | Return: 49.35%

## Positions
- BTCUSD: LONG @ $77,961.03

============================================================
Market Data Aggregator — 2026-04-20 17:00 UTC
============================================================

Fetching BTC price...
Fetching BTC OHLCV 24h...
Fetching Fear & Greed...
Fetching global crypto market...
Fetching FRED macro data...
Loading internal data...

JSON saved: /home/ubuntu/.openclaw/workspace/directives/market_briefing.json
Markdown saved: /home/ubuntu/.openclaw/workspace/directives/market_briefing.md

# Market Briefing — April 20, 2026 05:00 PM UTC

## BTC: $75,344.00 (-0.2% 24h)
- 24h Range: $0 — $0 (0.0%)
- 24h Trend: ?
- Volume: 43,533,159,475 USD
- Fear & Greed: 29 (Fear)

## Market Regime: MIXED
- Bias: MIXED
- Recommendation: DayTrader light size — no clear regime
- 1H: TRANSITIONAL (ADX 23.5, Chop 60.4)
- 4H: RANGING (ADX 18.5, Chop 58.5)
- 1D: TRANSITIONAL (ADX 19.2, Chop 47.0)

## Optimal SuperTrend: ATR 16 / Mult 5.0
- Win Rate: 40.0% | PF: 1.79 | Return: 49.35%

## Positions
- BTCUSD: LONG @ $77,961.03

## Global Crypto
- Total Market Cap: $2,624,498,608,367
- BTC Dominance: 57.6%
- 24h Change: -0.1%

============================================================
Market Data Aggregator — 2026-04-20 18:00 UTC
============================================================

Fetching BTC price...
Fetching BTC OHLCV 24h...
Fetching Fear & Greed...
Fetching global crypto market...
Fetching FRED macro data...
Loading internal data...

JSON saved: /home/ubuntu/.openclaw/workspace/directives/market_briefing.json
Markdown saved: /home/ubuntu/.openclaw/workspace/directives/market_briefing.md

# Market Briefing — April 20, 2026 06:00 PM UTC

## BTC: $75,896.00 (+1.5% 24h)
- 24h Range: $73,748 — $76,010 (3.1%)
- 24h Trend: UP
- Volume: 43,728,638,598 USD
- Fear & Greed: 29 (Fear)

## Market Regime: MIXED
- Bias: MIXED
- Recommendation: DayTrader light size — no clear regime
- 1H: TRANSITIONAL (ADX 23.5, Chop 60.4)
- 4H: RANGING (ADX 18.5, Chop 58.5)
- 1D: TRANSITIONAL (ADX 19.2, Chop 47.0)

## Optimal SuperTrend: ATR 16 / Mult 5.0
- Win Rate: 40.0% | PF: 1.79 | Return: 49.35%

## Positions
- BTCUSD: LONG @ $77,961.03

## Global Crypto
- Total Market Cap: $2,634,065,466,580
- BTC Dominance: 57.6%
- 24h Change: +1.0%

============================================================
Market Data Aggregator — 2026-04-20 19:00 UTC
============================================================

Fetching BTC price...
Fetching BTC OHLCV 24h...
Fetching Fear & Greed...
Fetching global crypto market...
Fetching FRED macro data...
Loading internal data...

JSON saved: /home/ubuntu/.openclaw/workspace/directives/market_briefing.json
Markdown saved: /home/ubuntu/.openclaw/workspace/directives/market_briefing.md

# Market Briefing — April 20, 2026 07:00 PM UTC

## BTC: $76,420.00 (+2.2% 24h)
- 24h Range: $73,748 — $76,488 (3.7%)
- 24h Trend: UP
- Volume: 45,120,403,448 USD
- Fear & Greed: 29 (Fear)

## Market Regime: MIXED
- Bias: MIXED
- Recommendation: DayTrader light size — no clear regime
- 1H: TRANSITIONAL (ADX 23.5, Chop 60.4)
- 4H: RANGING (ADX 18.5, Chop 58.5)
- 1D: TRANSITIONAL (ADX 19.2, Chop 47.0)

## Optimal SuperTrend: ATR 16 / Mult 5.0
- Win Rate: 40.0% | PF: 1.79 | Return: 49.35%

## Positions
- BTCUSD: LONG @ $77,961.03

## Global Crypto
- Total Market Cap: $2,645,397,215,949
- BTC Dominance: 57.6%
- 24h Change: +1.4%

============================================================
Market Data Aggregator — 2026-04-20 20:00 UTC
============================================================

Fetching BTC price...
Fetching BTC OHLCV 24h...
Fetching Fear & Greed...
Fetching global crypto market...
Fetching FRED macro data...
Loading internal data...

JSON saved: /home/ubuntu/.openclaw/workspace/directives/market_briefing.json
Markdown saved: /home/ubuntu/.openclaw/workspace/directives/market_briefing.md

# Market Briefing — April 20, 2026 08:00 PM UTC

## BTC: $76,313.00 (+1.8% 24h)
- 24h Range: $73,748 — $76,518 (3.8%)
- 24h Trend: UP
- Volume: 47,570,078,242 USD
- Fear & Greed: 29 (Fear)

## Market Regime: MIXED
- Bias: BULLISH
- Recommendation: DayTrader light size — no clear regime
- 1H: WEAK_TREND (ADX 26.6, Chop 54.8)
- 1D: TRANSITIONAL (ADX 19.4, Chop 47.8)

## Optimal SuperTrend: ATR 16 / Mult 5.0
- Win Rate: 40.0% | PF: 1.79 | Return: 49.35%

## Positions
- BTCUSD: SHORT @ $76,483.37

## Global Crypto
- Total Market Cap: $2,646,473,573,926
- BTC Dominance: 57.7%
- 24h Change: +1.3%

============================================================
Market Data Aggregator — 2026-04-20 21:00 UTC
============================================================

Fetching BTC price...
Fetching BTC OHLCV 24h...
Fetching Fear & Greed...
Fetching global crypto market...
Fetching FRED macro data...
Loading internal data...

JSON saved: /home/ubuntu/.openclaw/workspace/directives/market_briefing.json
Markdown saved: /home/ubuntu/.openclaw/workspace/directives/market_briefing.md

# Market Briefing — April 20, 2026 09:00 PM UTC

## BTC: $76,303.00 (+2.2% 24h)
- 24h Range: $73,748 — $76,597 (3.9%)
- 24h Trend: UP
- Volume: 49,252,061,497 USD
- Fear & Greed: 29 (Fear)

## Market Regime: MIXED
- Bias: BULLISH
- Recommendation: DayTrader light size — no clear regime
- 1H: WEAK_TREND (ADX 26.6, Chop 54.8)
- 1D: TRANSITIONAL (ADX 19.4, Chop 47.8)

## Optimal SuperTrend: ATR 16 / Mult 5.0
- Win Rate: 40.0% | PF: 1.79 | Return: 49.35%

## Positions
- BTCUSD: SHORT @ $76,483.37

## Global Crypto
- Total Market Cap: $2,647,246,905,633
- BTC Dominance: 57.7%
- 24h Change: +1.7%

============================================================
Market Data Aggregator — 2026-04-20 22:00 UTC
============================================================

Fetching BTC price...
Fetching BTC OHLCV 24h...
Fetching Fear & Greed...
Fetching global crypto market...
Fetching FRED macro data...
Loading internal data...

JSON saved: /home/ubuntu/.openclaw/workspace/directives/market_briefing.json
Markdown saved: /home/ubuntu/.openclaw/workspace/directives/market_briefing.md

# Market Briefing — April 20, 2026 10:00 PM UTC

## BTC: $75,970.00 (+2.0% 24h)
- 24h Range: $73,748 — $76,597 (3.9%)
- 24h Trend: UP
- Volume: 48,749,060,214 USD
- Fear & Greed: 29 (Fear)

## Market Regime: MIXED
- Bias: BULLISH
- Recommendation: DayTrader light size — no clear regime
- 1H: WEAK_TREND (ADX 26.6, Chop 54.8)
- 1D: TRANSITIONAL (ADX 19.4, Chop 47.8)

## Optimal SuperTrend: ATR 16 / Mult 5.0
- Win Rate: 40.0% | PF: 1.79 | Return: 49.35%

## Positions
- BTCUSD: SHORT @ $76,483.37

## Global Crypto
- Total Market Cap: $2,637,984,698,940
- BTC Dominance: 57.6%
- 24h Change: +1.6%

============================================================
Market Data Aggregator — 2026-04-20 23:00 UTC
============================================================

Fetching BTC price...
Fetching BTC OHLCV 24h...
Fetching Fear & Greed...
Fetching global crypto market...
Fetching FRED macro data...
Loading internal data...

JSON saved: /home/ubuntu/.openclaw/workspace/directives/market_briefing.json
Markdown saved: /home/ubuntu/.openclaw/workspace/directives/market_briefing.md

# Market Briefing — April 20, 2026 11:00 PM UTC

## BTC: $75,992.00 (+2.5% 24h)
- 24h Range: $73,748 — $76,597 (3.9%)
- 24h Trend: UP
- Volume: 48,399,742,744 USD
- Fear & Greed: 29 (Fear)

## Market Regime: MIXED
- Bias: BULLISH
- Recommendation: DayTrader light size — no clear regime
- 1H: WEAK_TREND (ADX 26.6, Chop 54.8)
- 1D: TRANSITIONAL (ADX 19.4, Chop 47.8)

## Optimal SuperTrend: ATR 16 / Mult 5.0
- Win Rate: 40.0% | PF: 1.79 | Return: 49.35%

## Positions
- BTCUSD: SHORT @ $76,483.37

## Global Crypto
- Total Market Cap: $2,638,527,637,648
- BTC Dominance: 57.7%
- 24h Change: +2.0%

============================================================
Market Data Aggregator — 2026-04-21 00:00 UTC
============================================================

Fetching BTC price...
Fetching BTC OHLCV 24h...
Fetching Fear & Greed...
Fetching global crypto market...
Fetching FRED macro data...
Loading internal data...

JSON saved: /home/ubuntu/.openclaw/workspace/directives/market_briefing.json
Markdown saved: /home/ubuntu/.openclaw/workspace/directives/market_briefing.md

# Market Briefing — April 21, 2026 12:00 AM UTC

## BTC: $75,873.00 (+2.7% 24h)
- 24h Range: $73,748 — $76,597 (3.9%)
- 24h Trend: UP
- Volume: 48,110,916,515 USD
- Fear & Greed: 33 (Fear)

## Market Regime: MIXED
- Bias: BULLISH
- Recommendation: DayTrader light size — no clear regime
- 1H: WEAK_TREND (ADX 24.4, Chop 52.0)
- 4H: RANGING (ADX 18.9, Chop 56.0)

## Optimal SuperTrend: ATR 16 / Mult 5.0
- Win Rate: 40.0% | PF: 1.79 | Return: 49.35%

## Positions
- BTCUSD: SHORT @ $76,483.37

## Global Crypto
- Total Market Cap: $2,634,363,980,159
- BTC Dominance: 57.6%
- 24h Change: +2.2%

============================================================
Market Data Aggregator — 2026-04-21 01:00 UTC
============================================================

Fetching BTC price...
Fetching BTC OHLCV 24h...
Fetching Fear & Greed...
Fetching global crypto market...
Fetching FRED macro data...
Loading internal data...

JSON saved: /home/ubuntu/.openclaw/workspace/directives/market_briefing.json
Markdown saved: /home/ubuntu/.openclaw/workspace/directives/market_briefing.md

# Market Briefing — April 21, 2026 01:00 AM UTC

## BTC: $76,060.00 (+2.3% 24h)
- 24h Range: $74,135 — $76,597 (3.3%)
- 24h Trend: UP
- Volume: 47,900,273,666 USD
- Fear & Greed: 33 (Fear)

## Market Regime: MIXED
- Bias: BULLISH
- Recommendation: DayTrader light size — no clear regime
- 1H: WEAK_TREND (ADX 24.4, Chop 52.0)
- 4H: RANGING (ADX 18.9, Chop 56.0)

## Optimal SuperTrend: ATR 16 / Mult 5.0
- Win Rate: 40.0% | PF: 1.79 | Return: 49.35%

## Positions
- BTCUSD: SHORT @ $76,483.37

## Global Crypto
- Total Market Cap: $2,641,049,625,119
- BTC Dominance: 57.6%
- 24h Change: +1.8%

============================================================
Market Data Aggregator — 2026-04-21 02:00 UTC
============================================================

Fetching BTC price...
Fetching BTC OHLCV 24h...
Fetching Fear & Greed...
Fetching global crypto market...
Fetching FRED macro data...
Loading internal data...

JSON saved: /home/ubuntu/.openclaw/workspace/directives/market_briefing.json
Markdown saved: /home/ubuntu/.openclaw/workspace/directives/market_briefing.md

# Market Briefing — April 21, 2026 02:00 AM UTC

## BTC: $75,921.00 (+1.7% 24h)
- 24h Range: $74,135 — $76,597 (3.3%)
- 24h Trend: UP
- Volume: 46,241,338,681 USD
- Fear & Greed: 33 (Fear)

## Market Regime: MIXED
- Bias: BULLISH
- Recommendation: DayTrader light size — no clear regime
- 1H: WEAK_TREND (ADX 24.4, Chop 52.0)
- 4H: RANGING (ADX 18.9, Chop 56.0)

## Optimal SuperTrend: ATR 16 / Mult 5.0
- Win Rate: 40.0% | PF: 1.79 | Return: 49.35%

## Positions
- BTCUSD: SHORT @ $76,483.37

## Global Crypto
- Total Market Cap: $2,641,638,616,100
- BTC Dominance: 57.6%
- 24h Change: +1.6%

============================================================
Market Data Aggregator — 2026-04-21 03:00 UTC
============================================================

Fetching BTC price...
Fetching BTC OHLCV 24h...
Fetching Fear & Greed...
Fetching global crypto market...
Fetching FRED macro data...
Loading internal data...

JSON saved: /home/ubuntu/.openclaw/workspace/directives/market_briefing.json
Markdown saved: /home/ubuntu/.openclaw/workspace/directives/market_briefing.md

# Market Briefing — April 21, 2026 03:00 AM UTC

## BTC: $75,630.00 (+1.6% 24h)
- 24h Range: $74,135 — $76,597 (3.3%)
- 24h Trend: UP
- Volume: 45,503,960,060 USD
- Fear & Greed: 33 (Fear)

## Market Regime: MIXED
- Bias: BULLISH
- Recommendation: DayTrader light size — no clear regime
- 1H: WEAK_TREND (ADX 24.4, Chop 52.0)
- 4H: RANGING (ADX 18.9, Chop 56.0)

## Optimal SuperTrend: ATR 16 / Mult 5.0
- Win Rate: 40.0% | PF: 1.79 | Return: 49.35%

## Positions
- BTCUSD: SHORT @ $76,483.37

## Global Crypto
- Total Market Cap: $2,630,313,150,803
- BTC Dominance: 57.6%
- 24h Change: +1.3%

============================================================
Market Data Aggregator — 2026-04-21 04:00 UTC
============================================================

Fetching BTC price...
Fetching BTC OHLCV 24h...
Fetching Fear & Greed...
Fetching global crypto market...
Fetching FRED macro data...
Loading internal data...

JSON saved: /home/ubuntu/.openclaw/workspace/directives/market_briefing.json
Markdown saved: /home/ubuntu/.openclaw/workspace/directives/market_briefing.md

# Market Briefing — April 21, 2026 04:00 AM UTC

## BTC: $75,730.00 (+1.4% 24h)
- 24h Range: $74,135 — $76,597 (3.3%)
- 24h Trend: UP
- Volume: 44,999,668,669 USD
- Fear & Greed: 33 (Fear)

## Market Regime: MIXED
- Bias: BULLISH
- Recommendation: DayTrader light size — no clear regime
- 1H: WEAK_TREND (ADX 24.4, Chop 52.0)
- 4H: RANGING (ADX 18.9, Chop 56.0)

## Optimal SuperTrend: ATR 16 / Mult 5.0
- Win Rate: 40.0% | PF: 1.79 | Return: 49.35%

## Positions
- BTCUSD: SHORT @ $76,483.37

## Global Crypto
- Total Market Cap: $2,630,121,941,073
- BTC Dominance: 57.6%
- 24h Change: +1.1%

============================================================
Market Data Aggregator — 2026-04-21 05:00 UTC
============================================================

Fetching BTC price...
Fetching BTC OHLCV 24h...
Fetching Fear & Greed...
Fetching global crypto market...
Fetching FRED macro data...
Loading internal data...

JSON saved: /home/ubuntu/.openclaw/workspace/directives/market_briefing.json
Markdown saved: /home/ubuntu/.openclaw/workspace/directives/market_briefing.md

# Market Briefing — April 21, 2026 05:00 AM UTC

## BTC: $75,809.00 (+1.6% 24h)
- 24h Range: $74,135 — $76,597 (3.3%)
- 24h Trend: UP
- Volume: 45,892,479,590 USD
- Fear & Greed: 33 (Fear)

## Market Regime: MIXED
- Bias: BULLISH
- Recommendation: DayTrader light size — no clear regime
- 1H: WEAK_TREND (ADX 20.7, Chop 46.2)
- 1D: TRANSITIONAL (ADX 19.5, Chop 54.6)

## Optimal SuperTrend: ATR 16 / Mult 5.0
- Win Rate: 40.0% | PF: 1.79 | Return: 49.35%

## Positions
- BTCUSD: SHORT @ $76,483.37

## Global Crypto
- Total Market Cap: $2,633,302,737,195
- BTC Dominance: 57.6%
- 24h Change: +1.3%

============================================================
Market Data Aggregator — 2026-04-21 06:00 UTC
============================================================

Fetching BTC price...
Fetching BTC OHLCV 24h...
Fetching Fear & Greed...
Fetching global crypto market...
Fetching FRED macro data...
Loading internal data...

JSON saved: /home/ubuntu/.openclaw/workspace/directives/market_briefing.json
Markdown saved: /home/ubuntu/.openclaw/workspace/directives/market_briefing.md

# Market Briefing — April 21, 2026 06:00 AM UTC

## BTC: $75,832.00 (+2.1% 24h)
- 24h Range: $74,286 — $76,597 (3.1%)
- 24h Trend: UP
- Volume: 45,979,808,001 USD
- Fear & Greed: 33 (Fear)

## Market Regime: MIXED
- Bias: BULLISH
- Recommendation: DayTrader light size — no clear regime
- 1H: WEAK_TREND (ADX 20.7, Chop 46.2)
- 1D: TRANSITIONAL (ADX 19.5, Chop 54.6)

## Optimal SuperTrend: ATR 16 / Mult 5.0
- Win Rate: 40.0% | PF: 1.79 | Return: 49.35%

## Positions
- BTCUSD: SHORT @ $76,483.37

## Global Crypto
- Total Market Cap: $2,636,696,323,176
- BTC Dominance: 57.6%
- 24h Change: +1.8%

============================================================
Market Data Aggregator — 2026-04-21 07:00 UTC
============================================================

Fetching BTC price...
Fetching BTC OHLCV 24h...
Fetching Fear & Greed...
Fetching global crypto market...
Fetching FRED macro data...
Loading internal data...

JSON saved: /home/ubuntu/.openclaw/workspace/directives/market_briefing.json
Markdown saved: /home/ubuntu/.openclaw/workspace/directives/market_briefing.md

# Market Briefing — April 21, 2026 07:00 AM UTC

## BTC: $76,009.00 (+1.6% 24h)
- 24h Range: $74,651 — $76,597 (2.6%)
- 24h Trend: UP
- Volume: 42,059,667,637 USD
- Fear & Greed: 33 (Fear)

## Market Regime: MIXED
- Bias: BULLISH
- Recommendation: DayTrader light size — no clear regime
- 1H: WEAK_TREND (ADX 20.7, Chop 46.2)
- 1D: TRANSITIONAL (ADX 19.5, Chop 54.6)

## Optimal SuperTrend: ATR 16 / Mult 5.0
- Win Rate: 40.0% | PF: 1.79 | Return: 49.35%

## Positions
- BTCUSD: SHORT @ $76,483.37

## Global Crypto
- Total Market Cap: $2,643,136,697,716
- BTC Dominance: 57.6%
- 24h Change: +1.4%

============================================================
Market Data Aggregator — 2026-04-21 08:00 UTC
============================================================

Fetching BTC price...
Fetching BTC OHLCV 24h...
Fetching Fear & Greed...
Fetching global crypto market...
Fetching FRED macro data...
Loading internal data...

JSON saved: /home/ubuntu/.openclaw/workspace/directives/market_briefing.json
Markdown saved: /home/ubuntu/.openclaw/workspace/directives/market_briefing.md

# Market Briefing — April 21, 2026 08:00 AM UTC

## BTC: $76,122.00 (+1.9% 24h)
- 24h Range: $74,651 — $76,597 (2.6%)
- 24h Trend: UP
- Volume: 43,636,479,738 USD
- Fear & Greed: 33 (Fear)

## Market Regime: MIXED
- Bias: BULLISH
- Recommendation: DayTrader light size — no clear regime
- 1H: WEAK_TREND (ADX 20.7, Chop 46.2)
- 1D: TRANSITIONAL (ADX 19.5, Chop 54.6)

## Optimal SuperTrend: ATR 16 / Mult 5.0
- Win Rate: 40.0% | PF: 1.79 | Return: 49.35%

## Positions
- BTCUSD: SHORT @ $76,483.37

## Global Crypto
- Total Market Cap: $2,648,507,269,849
- BTC Dominance: 57.6%
- 24h Change: +1.6%

============================================================
Market Data Aggregator — 2026-04-21 09:00 UTC
============================================================

Fetching BTC price...
Fetching BTC OHLCV 24h...
Fetching Fear & Greed...
Fetching global crypto market...
Fetching FRED macro data...
Loading internal data...

JSON saved: /home/ubuntu/.openclaw/workspace/directives/market_briefing.json
Markdown saved: /home/ubuntu/.openclaw/workspace/directives/market_briefing.md

# Market Briefing — April 21, 2026 09:00 AM UTC

## BTC: $76,545.00 (+2.4% 24h)
- 24h Range: $74,731 — $76,925 (2.9%)
- 24h Trend: UP
- Volume: 43,354,941,688 USD
- Fear & Greed: 33 (Fear)

## Market Regime: MIXED
- Bias: BULLISH
- Recommendation: DayTrader light size — no clear regime
- 1H: TRANSITIONAL (ADX 20.8, Chop 58.8)
- 4H: RANGING (ADX 18.1, Chop 58.4)
- 1D: TRANSITIONAL (ADX 19.5, Chop 54.7)

## Optimal SuperTrend: ATR 16 / Mult 5.0
- Win Rate: 40.0% | PF: 1.79 | Return: 49.35%

## Positions
- BTCUSD: SHORT @ $76,483.37

## Global Crypto
- Total Market Cap: $2,659,826,654,959
- BTC Dominance: 57.7%
- 24h Change: +2.1%

============================================================
Market Data Aggregator — 2026-04-21 10:00 UTC
============================================================

Fetching BTC price...
Fetching BTC OHLCV 24h...
Fetching Fear & Greed...
Fetching global crypto market...
Fetching FRED macro data...
Loading internal data...

JSON saved: /home/ubuntu/.openclaw/workspace/directives/market_briefing.json
Markdown saved: /home/ubuntu/.openclaw/workspace/directives/market_briefing.md

# Market Briefing — April 21, 2026 10:00 AM UTC

## BTC: $76,359.00 (+1.7% 24h)
- 24h Range: $74,734 — $76,925 (2.9%)
- 24h Trend: UP
- Volume: 44,286,176,561 USD
- Fear & Greed: 33 (Fear)

## Market Regime: MIXED
- Bias: BULLISH
- Recommendation: DayTrader light size — no clear regime
- 1H: TRANSITIONAL (ADX 20.8, Chop 58.8)
- 4H: RANGING (ADX 18.1, Chop 58.4)
- 1D: TRANSITIONAL (ADX 19.5, Chop 54.7)

## Optimal SuperTrend: ATR 16 / Mult 5.0
- Win Rate: 40.0% | PF: 1.79 | Return: 49.35%

## Positions
- BTCUSD: SHORT @ $76,483.37

## Global Crypto
- Total Market Cap: $2,649,994,625,789
- BTC Dominance: 57.6%
- 24h Change: +1.3%

============================================================
Market Data Aggregator — 2026-04-21 11:00 UTC
============================================================

Fetching BTC price...
Fetching BTC OHLCV 24h...
Fetching Fear & Greed...
Fetching global crypto market...
Fetching FRED macro data...
Loading internal data...

JSON saved: /home/ubuntu/.openclaw/workspace/directives/market_briefing.json
Markdown saved: /home/ubuntu/.openclaw/workspace/directives/market_briefing.md

# Market Briefing — April 21, 2026 11:00 AM UTC

## BTC: $76,791.00 (+2.3% 24h)
- 24h Range: $74,734 — $76,925 (2.9%)
- 24h Trend: UP
- Volume: 42,116,084,351 USD
- Fear & Greed: 33 (Fear)

## Market Regime: MIXED
- Bias: BULLISH
- Recommendation: DayTrader light size — no clear regime
- 1H: TRANSITIONAL (ADX 20.8, Chop 58.8)
- 4H: RANGING (ADX 18.1, Chop 58.4)
- 1D: TRANSITIONAL (ADX 19.5, Chop 54.7)

## Optimal SuperTrend: ATR 16 / Mult 5.0
- Win Rate: 40.0% | PF: 1.79 | Return: 49.35%

## Positions
- BTCUSD: SHORT @ $76,483.37

## Global Crypto
- Total Market Cap: $2,664,242,337,552
- BTC Dominance: 57.7%
- 24h Change: +1.9%

============================================================
Market Data Aggregator — 2026-04-21 12:00 UTC
============================================================

Fetching BTC price...
Fetching BTC OHLCV 24h...
Fetching Fear & Greed...
Fetching global crypto market...
Fetching FRED macro data...
Loading internal data...

JSON saved: /home/ubuntu/.openclaw/workspace/directives/market_briefing.json
Markdown saved: /home/ubuntu/.openclaw/workspace/directives/market_briefing.md

# Market Briefing — April 21, 2026 12:00 PM UTC

## BTC: $76,467.00 (+1.7% 24h)
- 24h Range: $74,734 — $76,925 (2.9%)
- 24h Trend: UP
- Volume: 42,736,745,133 USD
- Fear & Greed: 33 (Fear)

## Market Regime: MIXED
- Bias: BULLISH
- Recommendation: DayTrader light size — no clear regime
- 1H: TRANSITIONAL (ADX 20.8, Chop 58.8)
- 4H: RANGING (ADX 18.1, Chop 58.4)
- 1D: TRANSITIONAL (ADX 19.5, Chop 54.7)

## Optimal SuperTrend: ATR 16 / Mult 5.0
- Win Rate: 40.0% | PF: 1.79 | Return: 49.35%

## Positions
- BTCUSD: SHORT @ $76,483.37

## Global Crypto
- Total Market Cap: $2,654,849,737,701
- BTC Dominance: 57.7%
- 24h Change: +1.4%

============================================================
Market Data Aggregator — 2026-04-21 13:00 UTC
============================================================

Fetching BTC price...
Fetching BTC OHLCV 24h...
Fetching Fear & Greed...
Fetching global crypto market...
Fetching FRED macro data...
Loading internal data...

JSON saved: /home/ubuntu/.openclaw/workspace/directives/market_briefing.json
Markdown saved: /home/ubuntu/.openclaw/workspace/directives/market_briefing.md

# Market Briefing — April 21, 2026 01:00 PM UTC

## BTC: $75,987.00 (+0.9% 24h)
- 24h Range: $74,734 — $76,925 (2.9%)
- 24h Trend: UP
- Volume: 43,181,150,804 USD
- Fear & Greed: 33 (Fear)

## Market Regime: MIXED
- Bias: BULLISH
- Recommendation: DayTrader light size — no clear regime
- 1H: WEAK_TREND (ADX 27.5, Chop 52.6)
- 1D: RANGING (ADX 19.6, Chop 55.3)

## Optimal SuperTrend: ATR 16 / Mult 5.0
- Win Rate: 40.0% | PF: 1.79 | Return: 49.35%

## Positions
- BTCUSD: SHORT @ $76,483.37

## Global Crypto
- Total Market Cap: $2,635,490,218,162
- BTC Dominance: 57.6%
- 24h Change: +0.5%

============================================================
Market Data Aggregator — 2026-04-21 14:00 UTC
============================================================

Fetching BTC price...
Fetching BTC OHLCV 24h...
Fetching Fear & Greed...
Fetching global crypto market...
Fetching FRED macro data...
Loading internal data...

JSON saved: /home/ubuntu/.openclaw/workspace/directives/market_briefing.json
Markdown saved: /home/ubuntu/.openclaw/workspace/directives/market_briefing.md

# Market Briefing — April 21, 2026 02:00 PM UTC

## BTC: $75,921.00 (+0.8% 24h)
- 24h Range: $74,734 — $76,925 (2.9%)
- 24h Trend: UP
- Volume: 39,962,305,352 USD
- Fear & Greed: 33 (Fear)

## Market Regime: MIXED
- Bias: BULLISH
- Recommendation: DayTrader light size — no clear regime
- 1H: WEAK_TREND (ADX 27.5, Chop 52.6)
- 1D: RANGING (ADX 19.6, Chop 55.3)

## Optimal SuperTrend: ATR 16 / Mult 5.0
- Win Rate: 40.0% | PF: 1.79 | Return: 49.35%

## Positions
- BTCUSD: SHORT @ $76,483.37

## Global Crypto
- Total Market Cap: $2,638,198,865,861
- BTC Dominance: 57.6%
- 24h Change: +0.6%

============================================================
Market Data Aggregator — 2026-04-21 15:00 UTC
============================================================

Fetching BTC price...
Fetching BTC OHLCV 24h...
Fetching Fear & Greed...
Fetching global crypto market...
Fetching FRED macro data...
Loading internal data...

JSON saved: /home/ubuntu/.openclaw/workspace/directives/market_briefing.json
Markdown saved: /home/ubuntu/.openclaw/workspace/directives/market_briefing.md

# Market Briefing — April 21, 2026 03:00 PM UTC

## BTC: $75,796.00 (+1.1% 24h)
- 24h Range: $74,734 — $76,925 (2.9%)
- 24h Trend: DOWN
- Volume: 43,417,139,548 USD
- Fear & Greed: 33 (Fear)

## Market Regime: MIXED
- Bias: BULLISH
- Recommendation: DayTrader light size — no clear regime
- 1H: WEAK_TREND (ADX 27.5, Chop 52.6)
- 1D: RANGING (ADX 19.6, Chop 55.3)

## Optimal SuperTrend: ATR 16 / Mult 5.0
- Win Rate: 40.0% | PF: 1.79 | Return: 49.35%

## Positions
- BTCUSD: SHORT @ $76,483.37

## Global Crypto
- Total Market Cap: $2,647,900,141,791
- BTC Dominance: 57.6%
- 24h Change: +1.4%

============================================================
Market Data Aggregator — 2026-04-21 16:00 UTC
============================================================

Fetching BTC price...
Fetching BTC OHLCV 24h...
Fetching Fear & Greed...
Fetching global crypto market...
Fetching FRED macro data...
Loading internal data...

JSON saved: /home/ubuntu/.openclaw/workspace/directives/market_briefing.json
Markdown saved: /home/ubuntu/.openclaw/workspace/directives/market_briefing.md

# Market Briefing — April 21, 2026 04:00 PM UTC

## BTC: $75,801.00 (+0.1% 24h)
- 24h Range: $75,326 — $76,925 (2.1%)
- 24h Trend: UP
- Volume: 44,243,080,631 USD
- Fear & Greed: 33 (Fear)

## Market Regime: MIXED
- Bias: BULLISH
- Recommendation: DayTrader light size — no clear regime
- 1H: WEAK_TREND (ADX 27.5, Chop 52.6)
- 1D: RANGING (ADX 19.6, Chop 55.3)

## Optimal SuperTrend: ATR 16 / Mult 5.0
- Win Rate: 40.0% | PF: 1.79 | Return: 49.35%

## Positions
- BTCUSD: SHORT @ $76,483.37

## Global Crypto
- Total Market Cap: $2,635,926,954,193
- BTC Dominance: 57.5%
- 24h Change: +0.2%

============================================================
Market Data Aggregator — 2026-04-21 17:00 UTC
============================================================

Fetching BTC price...
Fetching BTC OHLCV 24h...
Fetching Fear & Greed...
Fetching global crypto market...
Fetching FRED macro data...
Loading internal data...

JSON saved: /home/ubuntu/.openclaw/workspace/directives/market_briefing.json
Markdown saved: /home/ubuntu/.openclaw/workspace/directives/market_briefing.md

# Market Briefing — April 21, 2026 05:00 PM UTC

## BTC: $75,921.00 (+0.8% 24h)
- 24h Range: $75,326 — $76,925 (2.1%)
- 24h Trend: DOWN
- Volume: 44,288,119,525 USD
- Fear & Greed: 33 (Fear)

## Market Regime: MIXED
- Bias: MIXED
- Recommendation: DayTrader light size — no clear regime
- 1H: TRANSITIONAL (ADX 24.0, Chop 56.6)
- 1D: RANGING (ADX 19.6, Chop 55.4)

## Optimal SuperTrend: ATR 16 / Mult 5.0
- Win Rate: 40.0% | PF: 1.79 | Return: 49.35%

## Positions
- BTCUSD: SHORT @ $76,483.37

## Global Crypto
- Total Market Cap: $2,641,893,601,867
- BTC Dominance: 57.6%
- 24h Change: +0.8%

============================================================
Market Data Aggregator — 2026-04-21 18:00 UTC
============================================================

Fetching BTC price...
Fetching BTC OHLCV 24h...
Fetching Fear & Greed...
Fetching global crypto market...
Fetching FRED macro data...
Loading internal data...

JSON saved: /home/ubuntu/.openclaw/workspace/directives/market_briefing.json
Markdown saved: /home/ubuntu/.openclaw/workspace/directives/market_briefing.md

# Market Briefing — April 21, 2026 06:00 PM UTC

## BTC: $75,557.00 (-0.5% 24h)
- 24h Range: $75,080 — $76,925 (2.5%)
- 24h Trend: DOWN
- Volume: 44,288,627,251 USD
- Fear & Greed: 33 (Fear)

## Market Regime: MIXED
- Bias: MIXED
- Recommendation: DayTrader light size — no clear regime
- 1H: TRANSITIONAL (ADX 24.0, Chop 56.6)
- 1D: RANGING (ADX 19.6, Chop 55.4)

## Optimal SuperTrend: ATR 16 / Mult 5.0
- Win Rate: 40.0% | PF: 1.79 | Return: 49.35%

## Positions
- BTCUSD: SHORT @ $76,483.37

## Global Crypto
- Total Market Cap: $2,634,466,254,173
- BTC Dominance: 57.5%
- 24h Change: -0.1%

============================================================
Market Data Aggregator — 2026-04-21 19:00 UTC
============================================================

Fetching BTC price...
Fetching BTC OHLCV 24h...
Fetching Fear & Greed...
Fetching global crypto market...
Fetching FRED macro data...
Loading internal data...

JSON saved: /home/ubuntu/.openclaw/workspace/directives/market_briefing.json
Markdown saved: /home/ubuntu/.openclaw/workspace/directives/market_briefing.md

# Market Briefing — April 21, 2026 07:00 PM UTC

## BTC: $75,600.00 (-1.1% 24h)
- 24h Range: $75,080 — $76,925 (2.5%)
- 24h Trend: DOWN
- Volume: 42,653,351,028 USD
- Fear & Greed: 33 (Fear)

## Market Regime: MIXED
- Bias: MIXED
- Recommendation: DayTrader light size — no clear regime
- 1H: TRANSITIONAL (ADX 24.0, Chop 56.6)
- 1D: RANGING (ADX 19.6, Chop 55.4)

## Optimal SuperTrend: ATR 16 / Mult 5.0
- Win Rate: 40.0% | PF: 1.79 | Return: 49.35%

## Positions
- BTCUSD: SHORT @ $76,483.37

## Global Crypto
- Total Market Cap: $2,625,425,975,265
- BTC Dominance: 57.5%
- 24h Change: -1.0%

============================================================
Market Data Aggregator — 2026-04-21 20:00 UTC
============================================================

Fetching BTC price...
Fetching BTC OHLCV 24h...
Fetching Fear & Greed...
Fetching global crypto market...
Fetching FRED macro data...
Loading internal data...

JSON saved: /home/ubuntu/.openclaw/workspace/directives/market_briefing.json
Markdown saved: /home/ubuntu/.openclaw/workspace/directives/market_briefing.md

# Market Briefing — April 21, 2026 08:00 PM UTC

## BTC: $74,993.00 (-1.7% 24h)
- 24h Range: $74,828 — $76,925 (2.8%)
- 24h Trend: DOWN
- Volume: 43,315,012,385 USD
- Fear & Greed: 33 (Fear)

## Market Regime: MIXED
- Bias: MIXED
- Recommendation: DayTrader light size — no clear regime
- 1H: TRANSITIONAL (ADX 24.0, Chop 56.6)
- 1D: RANGING (ADX 19.6, Chop 55.4)

## Optimal SuperTrend: ATR 16 / Mult 5.0
- Win Rate: 40.0% | PF: 1.79 | Return: 49.35%

## Positions
- BTCUSD: SHORT @ $76,483.37

## Global Crypto
- Total Market Cap: $2,613,667,877,857
- BTC Dominance: 57.4%
- 24h Change: -1.3%

============================================================
Market Data Aggregator — 2026-04-21 21:00 UTC
============================================================

Fetching BTC price...
Fetching BTC OHLCV 24h...
Fetching Fear & Greed...
Fetching global crypto market...
Fetching FRED macro data...
Loading internal data...

JSON saved: /home/ubuntu/.openclaw/workspace/directives/market_briefing.json
Markdown saved: /home/ubuntu/.openclaw/workspace/directives/market_briefing.md

# Market Briefing — April 21, 2026 09:00 PM UTC

## BTC: $75,764.00 (-0.7% 24h)
- 24h Range: $74,828 — $76,925 (2.8%)
- 24h Trend: DOWN
- Volume: 43,309,818,889 USD
- Fear & Greed: 33 (Fear)

## Market Regime: MIXED
- Bias: BULLISH
- Recommendation: DayTrader light size — no clear regime
- 1H: WEAK_TREND (ADX 20.1, Chop 51.5)
- 4H: RANGING (ADX 16.0, Chop 55.6)
- 1D: RANGING (ADX 19.6, Chop 56.1)

## Optimal SuperTrend: ATR 16 / Mult 5.0
- Win Rate: 40.0% | PF: 1.79 | Return: 49.35%

## Positions
- BTCUSD: SHORT @ $75,031.09

## Global Crypto
- Total Market Cap: $2,635,352,362,773
- BTC Dominance: 57.5%
- 24h Change: -0.5%

============================================================
Market Data Aggregator — 2026-04-21 22:00 UTC
============================================================

Fetching BTC price...
Fetching BTC OHLCV 24h...
Fetching Fear & Greed...
Fetching global crypto market...
Fetching FRED macro data...
Loading internal data...

JSON saved: /home/ubuntu/.openclaw/workspace/directives/market_briefing.json
Markdown saved: /home/ubuntu/.openclaw/workspace/directives/market_briefing.md

# Market Briefing — April 21, 2026 10:00 PM UTC

## BTC: $75,584.00 (-0.5% 24h)
- 24h Range: $74,828 — $76,925 (2.8%)
- 24h Trend: DOWN
- Volume: 42,274,644,712 USD
- Fear & Greed: 33 (Fear)

## Market Regime: MIXED
- Bias: BULLISH
- Recommendation: DayTrader light size — no clear regime
- 1H: WEAK_TREND (ADX 20.1, Chop 51.5)
- 4H: RANGING (ADX 16.0, Chop 55.6)
- 1D: RANGING (ADX 19.6, Chop 56.1)

## Optimal SuperTrend: ATR 16 / Mult 5.0
- Win Rate: 40.0% | PF: 1.79 | Return: 49.35%

## Positions
- BTCUSD: SHORT @ $75,031.09

## Global Crypto
- Total Market Cap: $2,630,412,266,880
- BTC Dominance: 57.5%
- 24h Change: -0.4%

============================================================
Market Data Aggregator — 2026-04-21 23:00 UTC
============================================================

Fetching BTC price...
Fetching BTC OHLCV 24h...
Fetching Fear & Greed...
Fetching global crypto market...
Fetching FRED macro data...
Loading internal data...

JSON saved: /home/ubuntu/.openclaw/workspace/directives/market_briefing.json
Markdown saved: /home/ubuntu/.openclaw/workspace/directives/market_briefing.md

# Market Briefing — April 21, 2026 11:00 PM UTC

## BTC: $75,626.00 (-0.5% 24h)
- 24h Range: $74,828 — $76,925 (2.8%)
- 24h Trend: DOWN
- Volume: 41,019,665,355 USD
- Fear & Greed: 33 (Fear)

## Market Regime: MIXED
- Bias: BULLISH
- Recommendation: DayTrader light size — no clear regime
- 1H: WEAK_TREND (ADX 20.1, Chop 51.5)
- 4H: RANGING (ADX 16.0, Chop 55.6)
- 1D: RANGING (ADX 19.6, Chop 56.1)

## Optimal SuperTrend: ATR 16 / Mult 5.0
- Win Rate: 40.0% | PF: 1.79 | Return: 49.35%

## Positions
- BTCUSD: SHORT @ $75,031.09

## Global Crypto
- Total Market Cap: $2,629,703,797,224
- BTC Dominance: 57.5%
- 24h Change: -0.3%

============================================================
Market Data Aggregator — 2026-04-22 00:00 UTC
============================================================

Fetching BTC price...
Fetching BTC OHLCV 24h...
Fetching Fear & Greed...
Fetching global crypto market...
Fetching FRED macro data...
Loading internal data...

JSON saved: /home/ubuntu/.openclaw/workspace/directives/market_briefing.json
Markdown saved: /home/ubuntu/.openclaw/workspace/directives/market_briefing.md

# Market Briefing — April 22, 2026 12:00 AM UTC

## BTC: $76,350.00 (+0.6% 24h)
- 24h Range: $74,828 — $76,925 (2.8%)
- 24h Trend: UP
- Volume: 41,231,743,978 USD
- Fear & Greed: 32 (Fear)

## Market Regime: RANGING
- Bias: BULLISH
- Recommendation: Grid Bot — all timeframes showing range-bound
- 1H: RANGING (ADX 17.9, Chop 57.8)
- 4H: RANGING (ADX 15.0, Chop 58.2)
- 1D: RANGING (ADX 19.9, Chop 56.0)

## Optimal SuperTrend: ATR 16 / Mult 5.0
- Win Rate: 40.0% | PF: 1.79 | Return: 49.35%

## Positions
- BTCUSD: SHORT @ $75,031.09

## Global Crypto
- Total Market Cap: $2,651,103,008,600
- BTC Dominance: 57.7%
- 24h Change: +0.6%

============================================================
Market Data Aggregator — 2026-04-22 01:00 UTC
============================================================

Fetching BTC price...
Fetching BTC OHLCV 24h...
Fetching Fear & Greed...
Fetching global crypto market...
Fetching FRED macro data...
Loading internal data...

JSON saved: /home/ubuntu/.openclaw/workspace/directives/market_briefing.json
Markdown saved: /home/ubuntu/.openclaw/workspace/directives/market_briefing.md

# Market Briefing — April 22, 2026 01:00 AM UTC

## BTC: $76,310.00 (+0.3% 24h)
- 24h Range: $74,828 — $76,925 (2.8%)
- 24h Trend: UP
- Volume: 40,939,445,840 USD
- Fear & Greed: 32 (Fear)

## Market Regime: RANGING
- Bias: BULLISH
- Recommendation: Grid Bot — all timeframes showing range-bound
- 1H: RANGING (ADX 17.9, Chop 57.8)
- 4H: RANGING (ADX 15.0, Chop 58.2)
- 1D: RANGING (ADX 19.9, Chop 56.0)

## Optimal SuperTrend: ATR 16 / Mult 5.0
- Win Rate: 40.0% | PF: 1.79 | Return: 49.35%

## Positions
- BTCUSD: SHORT @ $75,031.09

## Global Crypto
- Total Market Cap: $2,650,227,478,593
- BTC Dominance: 57.6%
- 24h Change: +0.3%

============================================================
Market Data Aggregator — 2026-04-22 02:00 UTC
============================================================

Fetching BTC price...
Fetching BTC OHLCV 24h...
Fetching Fear & Greed...
Fetching global crypto market...
Fetching FRED macro data...
Loading internal data...

JSON saved: /home/ubuntu/.openclaw/workspace/directives/market_briefing.json
Markdown saved: /home/ubuntu/.openclaw/workspace/directives/market_briefing.md

# Market Briefing — April 22, 2026 02:00 AM UTC

## BTC: $76,327.00 (+0.5% 24h)
- 24h Range: $74,828 — $76,925 (2.8%)
- 24h Trend: UP
- Volume: 41,543,274,954 USD
- Fear & Greed: 32 (Fear)

## Market Regime: RANGING
- Bias: BULLISH
- Recommendation: Grid Bot — all timeframes showing range-bound
- 1H: RANGING (ADX 17.9, Chop 57.8)
- 4H: RANGING (ADX 15.0, Chop 58.2)
- 1D: RANGING (ADX 19.9, Chop 56.0)

## Optimal SuperTrend: ATR 16 / Mult 5.0
- Win Rate: 40.0% | PF: 1.79 | Return: 49.35%

## Positions
- BTCUSD: SHORT @ $75,031.09

## Global Crypto
- Total Market Cap: $2,648,256,069,922
- BTC Dominance: 57.7%
- 24h Change: +0.4%

============================================================
Market Data Aggregator — 2026-04-22 03:00 UTC
============================================================

Fetching BTC price...
Fetching BTC OHLCV 24h...
Fetching Fear & Greed...
Fetching global crypto market...
Fetching FRED macro data...
Loading internal data...

JSON saved: /home/ubuntu/.openclaw/workspace/directives/market_briefing.json
Markdown saved: /home/ubuntu/.openclaw/workspace/directives/market_briefing.md

# Market Briefing — April 22, 2026 03:00 AM UTC

## BTC: $77,513.00 (+2.5% 24h)
- 24h Range: $74,828 — $77,664 (3.8%)
- 24h Trend: UP
- Volume: 41,687,133,662 USD
- Fear & Greed: 32 (Fear)

## Market Regime: RANGING
- Bias: BULLISH
- Recommendation: Grid Bot — all timeframes showing range-bound
- 1H: RANGING (ADX 17.9, Chop 57.8)
- 4H: RANGING (ADX 15.0, Chop 58.2)
- 1D: RANGING (ADX 19.9, Chop 56.0)

## Optimal SuperTrend: ATR 16 / Mult 5.0
- Win Rate: 40.0% | PF: 1.79 | Return: 49.35%

## Positions
- BTCUSD: SHORT @ $75,031.09

## Global Crypto
- Total Market Cap: $2,678,449,942,281
- BTC Dominance: 57.8%
- 24h Change: +1.8%

============================================================
Market Data Aggregator — 2026-04-22 04:00 UTC
============================================================

Fetching BTC price...
Fetching BTC OHLCV 24h...
Fetching Fear & Greed...
Fetching global crypto market...
Fetching FRED macro data...
Loading internal data...

JSON saved: /home/ubuntu/.openclaw/workspace/directives/market_briefing.json
Markdown saved: /home/ubuntu/.openclaw/workspace/directives/market_briefing.md

# Market Briefing — April 22, 2026 04:00 AM UTC

## BTC: $77,595.00 (+2.5% 24h)
- 24h Range: $74,828 — $77,748 (3.9%)
- 24h Trend: UP
- Volume: 44,026,078,573 USD
- Fear & Greed: 32 (Fear)

## Market Regime: MIXED
- Bias: BULLISH
- Recommendation: DayTrader light size — no clear regime
- 1H: WEAK_TREND (ADX 20.8, Chop 39.1)
- 4H: TRANSITIONAL (ADX 16.8, Chop 48.5)

## Optimal SuperTrend: ATR 16 / Mult 5.0
- Win Rate: 40.0% | PF: 1.79 | Return: 49.35%

## Positions
- BTCUSD: SHORT @ $75,031.09

## Global Crypto
- Total Market Cap: $2,683,350,685,959
- BTC Dominance: 57.9%
- 24h Change: +1.9%

============================================================
Market Data Aggregator — 2026-04-22 05:00 UTC
============================================================

Fetching BTC price...
Fetching BTC OHLCV 24h...
Fetching Fear & Greed...
Fetching global crypto market...
Fetching FRED macro data...
Loading internal data...

JSON saved: /home/ubuntu/.openclaw/workspace/directives/market_briefing.json
Markdown saved: /home/ubuntu/.openclaw/workspace/directives/market_briefing.md

# Market Briefing — April 22, 2026 05:00 AM UTC

## BTC: $77,479.00 (+2.2% 24h)
- 24h Range: $74,828 — $77,748 (3.9%)
- 24h Trend: UP
- Volume: 44,018,110,316 USD
- Fear & Greed: 32 (Fear)

## Market Regime: MIXED
- Bias: BULLISH
- Recommendation: DayTrader light size — no clear regime
- 1H: WEAK_TREND (ADX 20.8, Chop 39.1)
- 4H: TRANSITIONAL (ADX 16.8, Chop 48.5)

## Optimal SuperTrend: ATR 16 / Mult 5.0
- Win Rate: 40.0% | PF: 1.79 | Return: 49.35%

## Positions
- BTCUSD: SHORT @ $75,031.09

## Global Crypto
- Total Market Cap: $2,682,460,613,882
- BTC Dominance: 57.9%
- 24h Change: +1.8%

============================================================
Market Data Aggregator — 2026-04-22 06:00 UTC
============================================================

Fetching BTC price...
Fetching BTC OHLCV 24h...
Fetching Fear & Greed...
Fetching global crypto market...
Fetching FRED macro data...
Loading internal data...

JSON saved: /home/ubuntu/.openclaw/workspace/directives/market_briefing.json
Markdown saved: /home/ubuntu/.openclaw/workspace/directives/market_briefing.md

# Market Briefing — April 22, 2026 06:00 AM UTC

## BTC: $78,016.00 (+2.9% 24h)
- 24h Range: $74,828 — $78,442 (4.8%)
- 24h Trend: UP
- Volume: 48,226,195,424 USD
- Fear & Greed: 32 (Fear)

## Market Regime: MIXED
- Bias: BULLISH
- Recommendation: DayTrader light size — no clear regime
- 1H: WEAK_TREND (ADX 20.8, Chop 39.1)
- 4H: TRANSITIONAL (ADX 16.8, Chop 48.5)

## Optimal SuperTrend: ATR 16 / Mult 5.0
- Win Rate: 40.0% | PF: 1.79 | Return: 49.35%

## Positions
- BTCUSD: SHORT @ $75,031.09

## Global Crypto
- Total Market Cap: $2,702,784,440,742
- BTC Dominance: 57.8%
- 24h Change: +2.5%

============================================================
Market Data Aggregator — 2026-04-22 07:00 UTC
============================================================

Fetching BTC price...
Fetching BTC OHLCV 24h...
Fetching Fear & Greed...
Fetching global crypto market...
Fetching FRED macro data...
Loading internal data...

JSON saved: /home/ubuntu/.openclaw/workspace/directives/market_briefing.json
Markdown saved: /home/ubuntu/.openclaw/workspace/directives/market_briefing.md

# Market Briefing — April 22, 2026 07:00 AM UTC

## BTC: $77,989.00 (+2.8% 24h)
- 24h Range: $74,828 — $78,442 (4.8%)
- 24h Trend: UP
- Volume: 45,642,949,188 USD
- Fear & Greed: 32 (Fear)

## Market Regime: MIXED
- Bias: BULLISH
- Recommendation: DayTrader light size — no clear regime
- 1H: WEAK_TREND (ADX 20.8, Chop 39.1)
- 4H: TRANSITIONAL (ADX 16.8, Chop 48.5)

## Optimal SuperTrend: ATR 16 / Mult 5.0
- Win Rate: 40.0% | PF: 1.79 | Return: 49.35%

## Positions
- BTCUSD: SHORT @ $75,031.09

## Global Crypto
- Total Market Cap: $2,698,448,936,147
- BTC Dominance: 57.9%
- 24h Change: +2.1%

============================================================
Market Data Aggregator — 2026-04-22 08:00 UTC
============================================================

Fetching BTC price...
Fetching BTC OHLCV 24h...
Fetching Fear & Greed...
Fetching global crypto market...
Fetching FRED macro data...
Loading internal data...

JSON saved: /home/ubuntu/.openclaw/workspace/directives/market_briefing.json
Markdown saved: /home/ubuntu/.openclaw/workspace/directives/market_briefing.md

# Market Briefing — April 22, 2026 08:00 AM UTC

## BTC: $78,048.00 (+2.5% 24h)
- 24h Range: $74,828 — $78,442 (4.8%)
- 24h Trend: UP
- Volume: 46,214,265,026 USD
- Fear & Greed: 32 (Fear)

## Market Regime: MIXED
- Bias: BULLISH
- Recommendation: DayTrader light size — no clear regime
- 1H: WEAK_TREND (ADX 20.8, Chop 39.1)
- 4H: TRANSITIONAL (ADX 16.8, Chop 48.5)

## Optimal SuperTrend: ATR 16 / Mult 5.0
- Win Rate: 40.0% | PF: 1.79 | Return: 49.35%

## Positions
- BTCUSD: SHORT @ $75,031.09

## Global Crypto
- Total Market Cap: $2,699,204,299,400
- BTC Dominance: 57.9%
- 24h Change: +2.0%

============================================================
Market Data Aggregator — 2026-04-22 09:00 UTC
============================================================

Fetching BTC price...
Fetching BTC OHLCV 24h...
Fetching Fear & Greed...
Fetching global crypto market...
Fetching FRED macro data...
Loading internal data...

JSON saved: /home/ubuntu/.openclaw/workspace/directives/market_briefing.json
Markdown saved: /home/ubuntu/.openclaw/workspace/directives/market_briefing.md

# Market Briefing — April 22, 2026 09:00 AM UTC

## BTC: $78,051.00 (+2.0% 24h)
- 24h Range: $74,828 — $78,442 (4.8%)
- 24h Trend: UP
- Volume: 46,359,157,928 USD
- Fear & Greed: 32 (Fear)

## Market Regime: VOLATILE_CHOP
- Bias: BULLISH
- Recommendation: Reduce position sizes — high volatility with no direction
- 1H: WEAK_TREND (ADX 27.0, Chop 27.7)
- 1D: VOLATILE_CHOP (ADX 20.5, Chop 55.9)

## Optimal SuperTrend: ATR 16 / Mult 5.0
- Win Rate: 40.0% | PF: 1.79 | Return: 49.35%

## Positions
- BTCUSD: SHORT @ $75,031.09

## Global Crypto
- Total Market Cap: $2,697,586,583,213
- BTC Dominance: 57.9%
- 24h Change: +1.6%

============================================================
Market Data Aggregator — 2026-04-22 10:00 UTC
============================================================

Fetching BTC price...
Fetching BTC OHLCV 24h...
Fetching Fear & Greed...
Fetching global crypto market...
Fetching FRED macro data...
Loading internal data...

JSON saved: /home/ubuntu/.openclaw/workspace/directives/market_briefing.json
Markdown saved: /home/ubuntu/.openclaw/workspace/directives/market_briefing.md

# Market Briefing — April 22, 2026 10:00 AM UTC

## BTC: $78,027.00 (+2.2% 24h)
- 24h Range: $74,828 — $78,442 (4.8%)
- 24h Trend: UP
- Volume: 45,770,347,474 USD
- Fear & Greed: 32 (Fear)

## Market Regime: VOLATILE_CHOP
- Bias: BULLISH
- Recommendation: Reduce position sizes — high volatility with no direction
- 1H: WEAK_TREND (ADX 27.0, Chop 27.7)
- 1D: VOLATILE_CHOP (ADX 20.5, Chop 55.9)

## Optimal SuperTrend: ATR 16 / Mult 5.0
- Win Rate: 40.0% | PF: 1.79 | Return: 49.35%

## Positions
- BTCUSD: SHORT @ $75,031.09

## Global Crypto
- Total Market Cap: $2,700,829,197,483
- BTC Dominance: 57.9%
- 24h Change: +1.8%

============================================================
Market Data Aggregator — 2026-04-22 11:00 UTC
============================================================

Fetching BTC price...
Fetching BTC OHLCV 24h...
Fetching Fear & Greed...
Fetching global crypto market...
Fetching FRED macro data...
Loading internal data...

JSON saved: /home/ubuntu/.openclaw/workspace/directives/market_briefing.json
Markdown saved: /home/ubuntu/.openclaw/workspace/directives/market_briefing.md

# Market Briefing — April 22, 2026 11:00 AM UTC

## BTC: $78,120.00 (+1.7% 24h)
- 24h Range: $74,828 — $78,442 (4.8%)
- 24h Trend: UP
- Volume: 45,991,157,800 USD
- Fear & Greed: 32 (Fear)

## Market Regime: VOLATILE_CHOP
- Bias: BULLISH
- Recommendation: Reduce position sizes — high volatility with no direction
- 1H: WEAK_TREND (ADX 27.0, Chop 27.7)
- 1D: VOLATILE_CHOP (ADX 20.5, Chop 55.9)

## Optimal SuperTrend: ATR 16 / Mult 5.0
- Win Rate: 40.0% | PF: 1.79 | Return: 49.35%

## Positions
- BTCUSD: SHORT @ $75,031.09

## Global Crypto
- Total Market Cap: $2,701,157,195,264
- BTC Dominance: 57.9%
- 24h Change: +1.4%

============================================================
Market Data Aggregator — 2026-04-22 12:00 UTC
============================================================

Fetching BTC price...
Fetching BTC OHLCV 24h...
Fetching Fear & Greed...
Fetching global crypto market...
Fetching FRED macro data...
Loading internal data...

JSON saved: /home/ubuntu/.openclaw/workspace/directives/market_briefing.json
Markdown saved: /home/ubuntu/.openclaw/workspace/directives/market_briefing.md

# Market Briefing — April 22, 2026 12:00 PM UTC

## BTC: $78,286.00 (+2.4% 24h)
- 24h Range: $74,828 — $78,442 (4.8%)
- 24h Trend: UP
- Volume: 46,095,423,390 USD
- Fear & Greed: 32 (Fear)

## Market Regime: VOLATILE_CHOP
- Bias: BULLISH
- Recommendation: Reduce position sizes — high volatility with no direction
- 1H: WEAK_TREND (ADX 27.0, Chop 27.7)
- 1D: VOLATILE_CHOP (ADX 20.5, Chop 55.9)

## Optimal SuperTrend: ATR 16 / Mult 5.0
- Win Rate: 40.0% | PF: 1.79 | Return: 49.35%

## Positions
- BTCUSD: SHORT @ $75,031.09

## Global Crypto
- Total Market Cap: $2,704,545,233,888
- BTC Dominance: 57.9%
- 24h Change: +1.9%

============================================================
Market Data Aggregator — 2026-04-22 13:00 UTC
============================================================

Fetching BTC price...
Fetching BTC OHLCV 24h...
Fetching Fear & Greed...
Fetching global crypto market...
  [FAIL] https://api.coingecko.com/api/v3/global: The read operation timed out
Fetching FRED macro data...
Loading internal data...

JSON saved: /home/ubuntu/.openclaw/workspace/directives/market_briefing.json
Markdown saved: /home/ubuntu/.openclaw/workspace/directives/market_briefing.md

# Market Briefing — April 22, 2026 01:00 PM UTC

## BTC: $78,284.00 (+3.0% 24h)
- 24h Range: $74,828 — $78,534 (5.0%)
- 24h Trend: UP
- Volume: 46,466,003,734 USD
- Fear & Greed: 32 (Fear)

## Market Regime: MIXED_TREND
- Bias: BULLISH
- Recommendation: SuperTrend on trending TFs, Grid Bot on ranging TFs
- 1H: STRONG_TREND (ADX 32.9, Chop 29.9)
- 1D: VOLATILE_CHOP (ADX 20.5, Chop 55.9)

## Optimal SuperTrend: ATR 16 / Mult 5.0
- Win Rate: 40.0% | PF: 1.79 | Return: 49.35%

## Positions
- BTCUSD: SHORT @ $75,031.09

============================================================
Market Data Aggregator — 2026-04-22 14:00 UTC
============================================================

Fetching BTC price...
Fetching BTC OHLCV 24h...
Fetching Fear & Greed...
Fetching global crypto market...
Fetching FRED macro data...
Loading internal data...

JSON saved: /home/ubuntu/.openclaw/workspace/directives/market_briefing.json
Markdown saved: /home/ubuntu/.openclaw/workspace/directives/market_briefing.md

# Market Briefing — April 22, 2026 02:00 PM UTC

## BTC: $78,808.00 (+3.8% 24h)
- 24h Range: $74,828 — $78,886 (5.4%)
- 24h Trend: UP
- Volume: 46,979,616,360 USD
- Fear & Greed: 32 (Fear)

## Market Regime: MIXED_TREND
- Bias: BULLISH
- Recommendation: SuperTrend on trending TFs, Grid Bot on ranging TFs
- 1H: STRONG_TREND (ADX 32.9, Chop 29.9)
- 1D: VOLATILE_CHOP (ADX 20.5, Chop 55.9)

## Optimal SuperTrend: ATR 16 / Mult 5.0
- Win Rate: 40.0% | PF: 1.79 | Return: 49.35%

## Positions
- BTCUSD: SHORT @ $75,031.09

## Global Crypto
- Total Market Cap: $2,717,271,823,656
- BTC Dominance: 58.0%
- 24h Change: +3.0%

============================================================
Market Data Aggregator — 2026-04-22 15:00 UTC
============================================================

Fetching BTC price...
Fetching BTC OHLCV 24h...
Fetching Fear & Greed...
Fetching global crypto market...
Fetching FRED macro data...
Loading internal data...

JSON saved: /home/ubuntu/.openclaw/workspace/directives/market_briefing.json
Markdown saved: /home/ubuntu/.openclaw/workspace/directives/market_briefing.md

# Market Briefing — April 22, 2026 03:00 PM UTC

## BTC: $79,081.00 (+4.4% 24h)
- 24h Range: $74,828 — $79,217 (5.9%)
- 24h Trend: UP
- Volume: 49,584,320,214 USD
- Fear & Greed: 32 (Fear)

## Market Regime: MIXED_TREND
- Bias: BULLISH
- Recommendation: SuperTrend on trending TFs, Grid Bot on ranging TFs
- 1H: STRONG_TREND (ADX 32.9, Chop 29.9)
- 1D: VOLATILE_CHOP (ADX 20.5, Chop 55.9)

## Optimal SuperTrend: ATR 16 / Mult 5.0
- Win Rate: 40.0% | PF: 1.79 | Return: 49.35%

## Positions
- BTCUSD: SHORT @ $75,031.09

## Global Crypto
- Total Market Cap: $2,720,831,553,671
- BTC Dominance: 58.1%
- 24h Change: +3.3%

============================================================
Market Data Aggregator — 2026-04-22 16:00 UTC
============================================================

Fetching BTC price...
Fetching BTC OHLCV 24h...
Fetching Fear & Greed...
Fetching global crypto market...
Fetching FRED macro data...
Loading internal data...

JSON saved: /home/ubuntu/.openclaw/workspace/directives/market_briefing.json
Markdown saved: /home/ubuntu/.openclaw/workspace/directives/market_briefing.md

# Market Briefing — April 22, 2026 04:00 PM UTC

## BTC: $79,340.00 (+4.7% 24h)
- 24h Range: $74,828 — $79,444 (6.2%)
- 24h Trend: UP
- Volume: 50,795,415,440 USD
- Fear & Greed: 32 (Fear)

## Market Regime: MIXED_TREND
- Bias: BULLISH
- Recommendation: SuperTrend on trending TFs, Grid Bot on ranging TFs
- 1H: STRONG_TREND (ADX 32.9, Chop 29.9)
- 1D: VOLATILE_CHOP (ADX 20.5, Chop 55.9)

## Optimal SuperTrend: ATR 16 / Mult 5.0
- Win Rate: 40.0% | PF: 1.79 | Return: 49.35%

## Positions
- BTCUSD: SHORT @ $75,031.09

## Global Crypto
- Total Market Cap: $2,730,339,895,952
- BTC Dominance: 58.2%
- 24h Change: +3.5%

============================================================
Market Data Aggregator — 2026-04-22 17:00 UTC
============================================================

Fetching BTC price...
Fetching BTC OHLCV 24h...
Fetching Fear & Greed...
Fetching global crypto market...
Fetching FRED macro data...
Loading internal data...

JSON saved: /home/ubuntu/.openclaw/workspace/directives/market_briefing.json
Markdown saved: /home/ubuntu/.openclaw/workspace/directives/market_briefing.md

# Market Briefing — April 22, 2026 05:00 PM UTC

## BTC: $78,751.00 (+3.8% 24h)
- 24h Range: $74,828 — $79,516 (6.3%)
- 24h Trend: UP
- Volume: 51,915,284,496 USD
- Fear & Greed: 32 (Fear)

## Market Regime: MIXED_TREND
- Bias: BULLISH
- Recommendation: SuperTrend on trending TFs, Grid Bot on ranging TFs
- 1H: STRONG_TREND (ADX 40.7, Chop 39.8)
- 4H: WEAK_TREND (ADX 21.3, Chop 41.2)
- 1D: WEAK_TREND (ADX 20.8, Chop 52.5)

## Optimal SuperTrend: ATR 16 / Mult 5.0
- Win Rate: 40.0% | PF: 1.79 | Return: 49.35%

## Positions
- BTCUSD: SHORT @ $75,031.09

## Global Crypto
- Total Market Cap: $2,713,932,531,804
- BTC Dominance: 58.1%
- 24h Change: +3.0%

============================================================
Market Data Aggregator — 2026-04-22 18:00 UTC
============================================================

Fetching BTC price...
Fetching BTC OHLCV 24h...
Fetching Fear & Greed...
Fetching global crypto market...
Fetching FRED macro data...
Loading internal data...

JSON saved: /home/ubuntu/.openclaw/workspace/directives/market_briefing.json
Markdown saved: /home/ubuntu/.openclaw/workspace/directives/market_briefing.md

# Market Briefing — April 22, 2026 06:00 PM UTC

## BTC: $78,926.00 (+4.5% 24h)
- 24h Range: $74,828 — $79,516 (6.3%)
- 24h Trend: UP
- Volume: 51,523,017,001 USD
- Fear & Greed: 32 (Fear)

## Market Regime: MIXED_TREND
- Bias: BULLISH
- Recommendation: SuperTrend on trending TFs, Grid Bot on ranging TFs
- 1H: STRONG_TREND (ADX 40.7, Chop 39.8)
- 4H: WEAK_TREND (ADX 21.3, Chop 41.2)
- 1D: WEAK_TREND (ADX 20.8, Chop 52.5)

## Optimal SuperTrend: ATR 16 / Mult 5.0
- Win Rate: 40.0% | PF: 1.79 | Return: 49.35%

## Positions
- BTCUSD: SHORT @ $75,031.09

## Global Crypto
- Total Market Cap: $2,718,238,109,448
- BTC Dominance: 58.1%
- 24h Change: +3.4%

============================================================
Market Data Aggregator — 2026-04-22 19:00 UTC
============================================================

Fetching BTC price...
Fetching BTC OHLCV 24h...
Fetching Fear & Greed...
Fetching global crypto market...
Fetching FRED macro data...
Loading internal data...

JSON saved: /home/ubuntu/.openclaw/workspace/directives/market_briefing.json
Markdown saved: /home/ubuntu/.openclaw/workspace/directives/market_briefing.md

# Market Briefing — April 22, 2026 07:00 PM UTC

## BTC: $79,031.00 (+4.5% 24h)
- 24h Range: $74,828 — $79,516 (6.3%)
- 24h Trend: UP
- Volume: 46,827,692,235 USD
- Fear & Greed: 32 (Fear)

## Market Regime: MIXED_TREND
- Bias: BULLISH
- Recommendation: SuperTrend on trending TFs, Grid Bot on ranging TFs
- 1H: STRONG_TREND (ADX 40.7, Chop 39.8)
- 4H: WEAK_TREND (ADX 21.3, Chop 41.2)
- 1D: WEAK_TREND (ADX 20.8, Chop 52.5)

## Optimal SuperTrend: ATR 16 / Mult 5.0
- Win Rate: 40.0% | PF: 1.79 | Return: 49.35%

## Positions
- BTCUSD: SHORT @ $75,031.09

## Global Crypto
- Total Market Cap: $2,724,317,610,054
- BTC Dominance: 58.2%
- 24h Change: +3.5%

============================================================
Market Data Aggregator — 2026-04-22 20:00 UTC
============================================================

Fetching BTC price...
Fetching BTC OHLCV 24h...
Fetching Fear & Greed...
Fetching global crypto market...
Fetching FRED macro data...
Loading internal data...

JSON saved: /home/ubuntu/.openclaw/workspace/directives/market_briefing.json
Markdown saved: /home/ubuntu/.openclaw/workspace/directives/market_briefing.md

# Market Briefing — April 22, 2026 08:00 PM UTC

## BTC: $78,946.00 (+5.3% 24h)
- 24h Range: $74,995 — $79,516 (6.0%)
- 24h Trend: UP
- Volume: 46,777,419,944 USD
- Fear & Greed: 32 (Fear)

## Market Regime: MIXED_TREND
- Bias: BULLISH
- Recommendation: SuperTrend on trending TFs, Grid Bot on ranging TFs
- 1H: STRONG_TREND (ADX 40.7, Chop 39.8)
- 4H: WEAK_TREND (ADX 21.3, Chop 41.2)
- 1D: WEAK_TREND (ADX 20.8, Chop 52.5)

## Optimal SuperTrend: ATR 16 / Mult 5.0
- Win Rate: 40.0% | PF: 1.79 | Return: 49.35%

## Positions
- BTCUSD: SHORT @ $75,031.09

## Global Crypto
- Total Market Cap: $2,713,113,095,591
- BTC Dominance: 58.2%
- 24h Change: +3.8%

============================================================
Market Data Aggregator — 2026-04-22 21:00 UTC
============================================================

Fetching BTC price...
Fetching BTC OHLCV 24h...
Fetching Fear & Greed...
Fetching global crypto market...
Fetching FRED macro data...
Loading internal data...

JSON saved: /home/ubuntu/.openclaw/workspace/directives/market_briefing.json
Markdown saved: /home/ubuntu/.openclaw/workspace/directives/market_briefing.md

# Market Briefing — April 22, 2026 09:00 PM UTC

## BTC: $78,454.00 (+3.5% 24h)
- 24h Range: $75,324 — $79,516 (5.6%)
- 24h Trend: UP
- Volume: 50,257,244,293 USD
- Fear & Greed: 32 (Fear)

## Market Regime: MIXED
- Bias: BULLISH
- Recommendation: DayTrader light size — no clear regime
- 1H: WEAK_TREND (ADX 43.3, Chop 47.1)
- 1D: WEAK_TREND (ADX 20.8, Chop 52.3)

## Optimal SuperTrend: ATR 16 / Mult 5.0
- Win Rate: 40.0% | PF: 1.79 | Return: 49.35%

## Positions
- BTCUSD: SHORT @ $75,031.09

## Global Crypto
- Total Market Cap: $2,704,928,346,570
- BTC Dominance: 58.1%
- 24h Change: +2.6%

============================================================
Market Data Aggregator — 2026-04-22 22:00 UTC
============================================================

Fetching BTC price...
Fetching BTC OHLCV 24h...
Fetching Fear & Greed...
Fetching global crypto market...
Fetching FRED macro data...
Loading internal data...

JSON saved: /home/ubuntu/.openclaw/workspace/directives/market_briefing.json
Markdown saved: /home/ubuntu/.openclaw/workspace/directives/market_briefing.md

# Market Briefing — April 22, 2026 10:00 PM UTC

## BTC: $78,814.00 (+4.3% 24h)
- 24h Range: $75,324 — $79,516 (5.6%)
- 24h Trend: UP
- Volume: 50,759,963,072 USD
- Fear & Greed: 32 (Fear)

## Market Regime: MIXED
- Bias: BULLISH
- Recommendation: DayTrader light size — no clear regime
- 1H: WEAK_TREND (ADX 43.3, Chop 47.1)
- 1D: WEAK_TREND (ADX 20.8, Chop 52.3)

## Optimal SuperTrend: ATR 16 / Mult 5.0
- Win Rate: 40.0% | PF: 1.79 | Return: 49.35%

## Positions
- BTCUSD: SHORT @ $75,031.09

## Global Crypto
- Total Market Cap: $2,712,468,648,975
- BTC Dominance: 58.1%
- 24h Change: +3.1%

============================================================
Market Data Aggregator — 2026-04-22 23:00 UTC
============================================================

Fetching BTC price...
Fetching BTC OHLCV 24h...
Fetching Fear & Greed...
Fetching global crypto market...
Fetching FRED macro data...
Loading internal data...

JSON saved: /home/ubuntu/.openclaw/workspace/directives/market_briefing.json
Markdown saved: /home/ubuntu/.openclaw/workspace/directives/market_briefing.md

# Market Briefing — April 22, 2026 11:00 PM UTC

## BTC: $78,580.00 (+3.9% 24h)
- 24h Range: $75,648 — $79,516 (5.1%)
- 24h Trend: UP
- Volume: 45,256,205,747 USD
- Fear & Greed: 32 (Fear)

## Market Regime: MIXED
- Bias: BULLISH
- Recommendation: DayTrader light size — no clear regime
- 1H: WEAK_TREND (ADX 43.3, Chop 47.1)
- 1D: WEAK_TREND (ADX 20.8, Chop 52.3)

## Optimal SuperTrend: ATR 16 / Mult 5.0
- Win Rate: 40.0% | PF: 1.79 | Return: 49.35%

## Positions
- BTCUSD: SHORT @ $75,031.09

## Global Crypto
- Total Market Cap: $2,707,354,853,307
- BTC Dominance: 58.1%
- 24h Change: +2.9%

============================================================
Market Data Aggregator — 2026-04-23 00:00 UTC
============================================================

Fetching BTC price...
Fetching BTC OHLCV 24h...
Fetching Fear & Greed...
Fetching global crypto market...
Fetching FRED macro data...
Loading internal data...

JSON saved: /home/ubuntu/.openclaw/workspace/directives/market_briefing.json
Markdown saved: /home/ubuntu/.openclaw/workspace/directives/market_briefing.md

# Market Briefing — April 23, 2026 12:00 AM UTC

## BTC: $78,198.00 (+2.4% 24h)
- 24h Range: $76,149 — $79,516 (4.4%)
- 24h Trend: UP
- Volume: 50,077,128,718 USD
- Fear & Greed: 46 (Fear)

## Market Regime: MIXED
- Bias: BULLISH
- Recommendation: DayTrader light size — no clear regime
- 1H: WEAK_TREND (ADX 43.3, Chop 47.1)
- 1D: WEAK_TREND (ADX 20.8, Chop 52.3)

## Optimal SuperTrend: ATR 16 / Mult 5.0
- Win Rate: 40.0% | PF: 1.79 | Return: 49.35%

## Positions
- BTCUSD: SHORT @ $75,031.09

## Global Crypto
- Total Market Cap: $2,695,964,663,949
- BTC Dominance: 58.1%
- 24h Change: +1.6%

============================================================
Market Data Aggregator — 2026-04-23 01:00 UTC
============================================================

Fetching BTC price...
Fetching BTC OHLCV 24h...
Fetching Fear & Greed...
Fetching global crypto market...
Fetching FRED macro data...
Loading internal data...

JSON saved: /home/ubuntu/.openclaw/workspace/directives/market_briefing.json
Markdown saved: /home/ubuntu/.openclaw/workspace/directives/market_briefing.md

# Market Briefing — April 23, 2026 01:00 AM UTC

## BTC: $78,414.00 (+2.8% 24h)
- 24h Range: $76,149 — $79,516 (4.4%)
- 24h Trend: UP
- Volume: 51,629,832,890 USD
- Fear & Greed: 46 (Fear)

## Market Regime: MIXED
- Bias: BULLISH
- Recommendation: DayTrader light size — no clear regime
- 1H: TRANSITIONAL (ADX 38.0, Chop 56.5)
- 4H: WEAK_TREND (ADX 22.6, Chop 40.6)
- 1D: WEAK_TREND (ADX 21.9, Chop 53.2)

## Optimal SuperTrend: ATR 16 / Mult 5.0
- Win Rate: 40.0% | PF: 1.79 | Return: 49.35%

## Positions
- BTCUSD: SHORT @ $75,031.09

## Global Crypto
- Total Market Cap: $2,701,327,028,295
- BTC Dominance: 58.1%
- 24h Change: +1.9%

============================================================
Market Data Aggregator — 2026-04-23 02:00 UTC
============================================================

Fetching BTC price...
Fetching BTC OHLCV 24h...
Fetching Fear & Greed...
Fetching global crypto market...
Fetching FRED macro data...
Loading internal data...

JSON saved: /home/ubuntu/.openclaw/workspace/directives/market_briefing.json
Markdown saved: /home/ubuntu/.openclaw/workspace/directives/market_briefing.md

# Market Briefing — April 23, 2026 02:00 AM UTC

## BTC: $78,354.00 (+2.7% 24h)
- 24h Range: $76,241 — $79,516 (4.3%)
- 24h Trend: UP
- Volume: 52,435,469,684 USD
- Fear & Greed: 46 (Fear)

## Market Regime: MIXED
- Bias: BULLISH
- Recommendation: DayTrader light size — no clear regime
- 1H: TRANSITIONAL (ADX 38.0, Chop 56.5)
- 4H: WEAK_TREND (ADX 22.6, Chop 40.6)
- 1D: WEAK_TREND (ADX 21.9, Chop 53.2)

## Optimal SuperTrend: ATR 16 / Mult 5.0
- Win Rate: 40.0% | PF: 1.79 | Return: 49.35%

## Positions
- BTCUSD: SHORT @ $75,031.09

## Global Crypto
- Total Market Cap: $2,698,847,340,952
- BTC Dominance: 58.2%
- 24h Change: +1.9%

============================================================
Market Data Aggregator — 2026-04-23 03:00 UTC
============================================================

Fetching BTC price...
Fetching BTC OHLCV 24h...
Fetching Fear & Greed...
Fetching global crypto market...
Fetching FRED macro data...
Loading internal data...

JSON saved: /home/ubuntu/.openclaw/workspace/directives/market_briefing.json
Markdown saved: /home/ubuntu/.openclaw/workspace/directives/market_briefing.md

# Market Briefing — April 23, 2026 03:00 AM UTC

## BTC: $77,980.00 (+0.6% 24h)
- 24h Range: $77,383 — $79,516 (2.8%)
- 24h Trend: UP
- Volume: 49,545,627,900 USD
- Fear & Greed: 46 (Fear)

## Market Regime: MIXED
- Bias: BULLISH
- Recommendation: DayTrader light size — no clear regime
- 1H: TRANSITIONAL (ADX 38.0, Chop 56.5)
- 4H: WEAK_TREND (ADX 22.6, Chop 40.6)
- 1D: WEAK_TREND (ADX 21.9, Chop 53.2)

## Optimal SuperTrend: ATR 16 / Mult 5.0
- Win Rate: 40.0% | PF: 1.79 | Return: 49.35%

## Positions
- BTCUSD: SHORT @ $75,031.09

## Global Crypto
- Total Market Cap: $2,686,905,642,234
- BTC Dominance: 58.1%
- 24h Change: +0.1%

============================================================
Market Data Aggregator — 2026-04-23 04:00 UTC
============================================================

Fetching BTC price...
Fetching BTC OHLCV 24h...
Fetching Fear & Greed...
Fetching global crypto market...
Fetching FRED macro data...
Loading internal data...

JSON saved: /home/ubuntu/.openclaw/workspace/directives/market_briefing.json
Markdown saved: /home/ubuntu/.openclaw/workspace/directives/market_briefing.md

# Market Briefing — April 23, 2026 04:00 AM UTC

## BTC: $77,743.00 (+0.2% 24h)
- 24h Range: $77,383 — $79,516 (2.8%)
- 24h Trend: UP
- Volume: 49,114,226,769 USD
- Fear & Greed: 46 (Fear)

## Market Regime: MIXED
- Bias: BULLISH
- Recommendation: DayTrader light size — no clear regime
- 1H: TRANSITIONAL (ADX 38.0, Chop 56.5)
- 4H: WEAK_TREND (ADX 22.6, Chop 40.6)
- 1D: WEAK_TREND (ADX 21.9, Chop 53.2)

## Optimal SuperTrend: ATR 16 / Mult 5.0
- Win Rate: 40.0% | PF: 1.79 | Return: 49.35%

## Positions
- BTCUSD: SHORT @ $75,031.09

## Global Crypto
- Total Market Cap: $2,677,010,925,488
- BTC Dominance: 58.1%
- 24h Change: -0.3%

============================================================
Market Data Aggregator — 2026-04-23 05:00 UTC
============================================================

Fetching BTC price...
Fetching BTC OHLCV 24h...
Fetching Fear & Greed...
Fetching global crypto market...
Fetching FRED macro data...
Loading internal data...

JSON saved: /home/ubuntu/.openclaw/workspace/directives/market_briefing.json
Markdown saved: /home/ubuntu/.openclaw/workspace/directives/market_briefing.md

# Market Briefing — April 23, 2026 05:00 AM UTC

## BTC: $77,936.00 (+0.6% 24h)
- 24h Range: $77,467 — $79,516 (2.6%)
- 24h Trend: DOWN
- Volume: 47,547,625,260 USD
- Fear & Greed: 46 (Fear)

## Market Regime: MIXED
- Bias: BULLISH
- Recommendation: DayTrader light size — no clear regime
- 1H: WEAK_TREND (ADX 31.5, Chop 48.8)
- 4H: WEAK_TREND (ADX 21.3, Chop 39.8)
- 1D: WEAK_TREND (ADX 21.9, Chop 50.8)

## Optimal SuperTrend: ATR 16 / Mult 5.0
- Win Rate: 40.0% | PF: 1.79 | Return: 49.35%

## Positions
- BTCUSD: SHORT @ $75,031.09

## Global Crypto
- Total Market Cap: $2,682,727,151,734
- BTC Dominance: 58.1%
- 24h Change: +0.0%

============================================================
Market Data Aggregator — 2026-04-23 06:00 UTC
============================================================

Fetching BTC price...
Fetching BTC OHLCV 24h...
Fetching Fear & Greed...
Fetching global crypto market...
Fetching FRED macro data...
Loading internal data...

JSON saved: /home/ubuntu/.openclaw/workspace/directives/market_briefing.json
Markdown saved: /home/ubuntu/.openclaw/workspace/directives/market_briefing.md

# Market Briefing — April 23, 2026 06:00 AM UTC

## BTC: $78,030.00 (+0.0% 24h)
- 24h Range: $77,509 — $79,516 (2.6%)
- 24h Trend: UP
- Volume: 46,034,329,391 USD
- Fear & Greed: 46 (Fear)

## Market Regime: MIXED
- Bias: BULLISH
- Recommendation: DayTrader light size — no clear regime
- 1H: WEAK_TREND (ADX 31.5, Chop 48.8)
- 4H: WEAK_TREND (ADX 21.3, Chop 39.8)
- 1D: WEAK_TREND (ADX 21.9, Chop 50.8)

## Optimal SuperTrend: ATR 16 / Mult 5.0
- Win Rate: 40.0% | PF: 1.79 | Return: 49.35%

## Positions
- BTCUSD: SHORT @ $75,031.09

## Global Crypto
- Total Market Cap: $2,687,608,549,258
- BTC Dominance: 58.2%
- 24h Change: -0.5%

============================================================
Market Data Aggregator — 2026-04-23 07:00 UTC
============================================================

Fetching BTC price...
Fetching BTC OHLCV 24h...
Fetching Fear & Greed...
Fetching global crypto market...
Fetching FRED macro data...
Loading internal data...

JSON saved: /home/ubuntu/.openclaw/workspace/directives/market_briefing.json
Markdown saved: /home/ubuntu/.openclaw/workspace/directives/market_briefing.md

# Market Briefing — April 23, 2026 07:00 AM UTC

## BTC: $78,219.00 (+0.3% 24h)
- 24h Range: $77,509 — $79,516 (2.6%)
- 24h Trend: UP
- Volume: 43,507,176,291 USD
- Fear & Greed: 46 (Fear)

## Market Regime: MIXED
- Bias: BULLISH
- Recommendation: DayTrader light size — no clear regime
- 1H: WEAK_TREND (ADX 31.5, Chop 48.8)
- 4H: WEAK_TREND (ADX 21.3, Chop 39.8)
- 1D: WEAK_TREND (ADX 21.9, Chop 50.8)

## Optimal SuperTrend: ATR 16 / Mult 5.0
- Win Rate: 40.0% | PF: 1.79 | Return: 49.35%

## Positions
- BTCUSD: SHORT @ $75,031.09

## Global Crypto
- Total Market Cap: $2,692,305,418,330
- BTC Dominance: 58.2%
- 24h Change: -0.2%

============================================================
Market Data Aggregator — 2026-04-23 08:00 UTC
============================================================

Fetching BTC price...
Fetching BTC OHLCV 24h...
Fetching Fear & Greed...
Fetching global crypto market...
Fetching FRED macro data...
Loading internal data...

JSON saved: /home/ubuntu/.openclaw/workspace/directives/market_briefing.json
Markdown saved: /home/ubuntu/.openclaw/workspace/directives/market_briefing.md

# Market Briefing — April 23, 2026 08:00 AM UTC

## BTC: $78,030.00 (-0.1% 24h)
- 24h Range: $77,509 — $79,516 (2.6%)
- 24h Trend: UP
- Volume: 43,026,986,086 USD
- Fear & Greed: 46 (Fear)

## Market Regime: MIXED
- Bias: BULLISH
- Recommendation: DayTrader light size — no clear regime
- 1H: WEAK_TREND (ADX 31.5, Chop 48.8)
- 4H: WEAK_TREND (ADX 21.3, Chop 39.8)
- 1D: WEAK_TREND (ADX 21.9, Chop 50.8)

## Optimal SuperTrend: ATR 16 / Mult 5.0
- Win Rate: 40.0% | PF: 1.79 | Return: 49.35%

## Positions
- BTCUSD: SHORT @ $75,031.09

## Global Crypto
- Total Market Cap: $2,685,469,099,841
- BTC Dominance: 58.2%
- 24h Change: -0.5%

============================================================
Market Data Aggregator — 2026-04-23 09:00 UTC
============================================================

Fetching BTC price...
Fetching BTC OHLCV 24h...
Fetching Fear & Greed...
Fetching global crypto market...
Fetching FRED macro data...
Loading internal data...

JSON saved: /home/ubuntu/.openclaw/workspace/directives/market_briefing.json
Markdown saved: /home/ubuntu/.openclaw/workspace/directives/market_briefing.md

# Market Briefing — April 23, 2026 09:00 AM UTC

## BTC: $77,889.00 (-0.2% 24h)
- 24h Range: $77,509 — $79,516 (2.6%)
- 24h Trend: DOWN
- Volume: 44,638,074,868 USD
- Fear & Greed: 46 (Fear)

## Market Regime: MIXED
- Bias: BULLISH
- Recommendation: DayTrader light size — no clear regime
- 1H: WEAK_TREND (ADX 25.5, Chop 50.9)
- 4H: WEAK_TREND (ADX 21.0, Chop 39.5)
- 1D: WEAK_TREND (ADX 21.9, Chop 50.8)

## Optimal SuperTrend: ATR 16 / Mult 5.0
- Win Rate: 40.0% | PF: 1.79 | Return: 49.35%

## Positions
- BTCUSD: SHORT @ $75,031.09

## Global Crypto
- Total Market Cap: $2,681,478,254,451
- BTC Dominance: 58.1%
- 24h Change: -0.8%

============================================================
Market Data Aggregator — 2026-04-23 10:00 UTC
============================================================

Fetching BTC price...
Fetching BTC OHLCV 24h...
Fetching Fear & Greed...
Fetching global crypto market...
Fetching FRED macro data...
Loading internal data...

JSON saved: /home/ubuntu/.openclaw/workspace/directives/market_briefing.json
Markdown saved: /home/ubuntu/.openclaw/workspace/directives/market_briefing.md

# Market Briefing — April 23, 2026 10:00 AM UTC

## BTC: $77,642.00 (-0.5% 24h)
- 24h Range: $77,465 — $79,516 (2.6%)
- 24h Trend: DOWN
- Volume: 44,970,592,599 USD
- Fear & Greed: 46 (Fear)

## Market Regime: MIXED
- Bias: BULLISH
- Recommendation: DayTrader light size — no clear regime
- 1H: WEAK_TREND (ADX 25.5, Chop 50.9)
- 4H: WEAK_TREND (ADX 21.0, Chop 39.5)
- 1D: WEAK_TREND (ADX 21.9, Chop 50.8)

## Optimal SuperTrend: ATR 16 / Mult 5.0
- Win Rate: 40.0% | PF: 1.79 | Return: 49.35%

## Positions
- BTCUSD: SHORT @ $75,031.09

## Global Crypto
- Total Market Cap: $2,672,839,704,443
- BTC Dominance: 58.2%
- 24h Change: -0.9%

============================================================
Market Data Aggregator — 2026-04-23 11:00 UTC
============================================================

Fetching BTC price...
Fetching BTC OHLCV 24h...
Fetching Fear & Greed...
Fetching global crypto market...
Fetching FRED macro data...
Loading internal data...

JSON saved: /home/ubuntu/.openclaw/workspace/directives/market_briefing.json
Markdown saved: /home/ubuntu/.openclaw/workspace/directives/market_briefing.md

# Market Briefing — April 23, 2026 11:00 AM UTC

## BTC: $77,420.00 (-0.9% 24h)
- 24h Range: $77,203 — $79,516 (3.0%)
- 24h Trend: DOWN
- Volume: 46,372,167,195 USD
- Fear & Greed: 46 (Fear)

## Market Regime: MIXED
- Bias: BULLISH
- Recommendation: DayTrader light size — no clear regime
- 1H: WEAK_TREND (ADX 25.5, Chop 50.9)
- 4H: WEAK_TREND (ADX 21.0, Chop 39.5)
- 1D: WEAK_TREND (ADX 21.9, Chop 50.8)

## Optimal SuperTrend: ATR 16 / Mult 5.0
- Win Rate: 40.0% | PF: 1.79 | Return: 49.35%

## Positions
- BTCUSD: SHORT @ $75,031.09

## Global Crypto
- Total Market Cap: $2,664,752,872,888
- BTC Dominance: 58.1%
- 24h Change: -1.4%

============================================================
Market Data Aggregator — 2026-04-23 12:00 UTC
============================================================

Fetching BTC price...
Fetching BTC OHLCV 24h...
Fetching Fear & Greed...
Fetching global crypto market...
Fetching FRED macro data...
Loading internal data...

JSON saved: /home/ubuntu/.openclaw/workspace/directives/market_briefing.json
Markdown saved: /home/ubuntu/.openclaw/workspace/directives/market_briefing.md

# Market Briefing — April 23, 2026 12:00 PM UTC

## BTC: $77,721.00 (-0.7% 24h)
- 24h Range: $77,203 — $79,516 (3.0%)
- 24h Trend: DOWN
- Volume: 45,799,841,367 USD
- Fear & Greed: 46 (Fear)

## Market Regime: MIXED
- Bias: BULLISH
- Recommendation: DayTrader light size — no clear regime
- 1H: WEAK_TREND (ADX 25.5, Chop 50.9)
- 4H: WEAK_TREND (ADX 21.0, Chop 39.5)
- 1D: WEAK_TREND (ADX 21.9, Chop 50.8)

## Optimal SuperTrend: ATR 16 / Mult 5.0
- Win Rate: 40.0% | PF: 1.79 | Return: 49.35%

## Positions
- BTCUSD: SHORT @ $75,031.09

## Global Crypto
- Total Market Cap: $2,676,895,115,300
- BTC Dominance: 58.1%
- 24h Change: -1.1%

============================================================
Market Data Aggregator — 2026-04-23 13:00 UTC
============================================================

Fetching BTC price...
Fetching BTC OHLCV 24h...
Fetching Fear & Greed...
Fetching global crypto market...
Fetching FRED macro data...
Loading internal data...

JSON saved: /home/ubuntu/.openclaw/workspace/directives/market_briefing.json
Markdown saved: /home/ubuntu/.openclaw/workspace/directives/market_briefing.md

# Market Briefing — April 23, 2026 01:00 PM UTC

## BTC: $77,785.00 (-0.6% 24h)
- 24h Range: $77,203 — $79,516 (3.0%)
- 24h Trend: DOWN
- Volume: 45,696,581,328 USD
- Fear & Greed: 46 (Fear)

## Market Regime: MIXED
- Bias: BULLISH
- Recommendation: DayTrader light size — no clear regime
- 1H: TRANSITIONAL (ADX 26.8, Chop 56.2)
- 1D: WEAK_TREND (ADX 21.9, Chop 51.1)

## Optimal SuperTrend: ATR 16 / Mult 5.0
- Win Rate: 40.0% | PF: 1.79 | Return: 49.35%

## Positions
- BTCUSD: SHORT @ $75,031.09

## Global Crypto
- Total Market Cap: $2,676,450,492,346
- BTC Dominance: 58.1%
- 24h Change: -1.1%

============================================================
Market Data Aggregator — 2026-04-23 14:00 UTC
============================================================

Fetching BTC price...
Fetching BTC OHLCV 24h...
Fetching Fear & Greed...
Fetching global crypto market...
Fetching FRED macro data...
Loading internal data...

JSON saved: /home/ubuntu/.openclaw/workspace/directives/market_briefing.json
Markdown saved: /home/ubuntu/.openclaw/workspace/directives/market_briefing.md

# Market Briefing — April 23, 2026 02:00 PM UTC

## BTC: $77,529.00 (-1.6% 24h)
- 24h Range: $77,203 — $79,516 (3.0%)
- 24h Trend: DOWN
- Volume: 45,077,128,693 USD
- Fear & Greed: 46 (Fear)

## Market Regime: MIXED
- Bias: BULLISH
- Recommendation: DayTrader light size — no clear regime
- 1H: TRANSITIONAL (ADX 26.8, Chop 56.2)
- 1D: WEAK_TREND (ADX 21.9, Chop 51.1)

## Optimal SuperTrend: ATR 16 / Mult 5.0
- Win Rate: 40.0% | PF: 1.79 | Return: 49.35%

## Positions
- BTCUSD: SHORT @ $75,031.09

## Global Crypto
- Total Market Cap: $2,668,990,057,515
- BTC Dominance: 58.1%
- 24h Change: -1.8%

============================================================
Market Data Aggregator — 2026-04-23 15:00 UTC
============================================================

Fetching BTC price...
Fetching BTC OHLCV 24h...
Fetching Fear & Greed...
Fetching global crypto market...
Fetching FRED macro data...
Loading internal data...

JSON saved: /home/ubuntu/.openclaw/workspace/directives/market_briefing.json
Markdown saved: /home/ubuntu/.openclaw/workspace/directives/market_briefing.md

# Market Briefing — April 23, 2026 03:00 PM UTC

## BTC: $78,192.00 (-1.1% 24h)
- 24h Range: $77,203 — $79,516 (3.0%)
- 24h Trend: DOWN
- Volume: 39,553,446,023 USD
- Fear & Greed: 46 (Fear)

## Market Regime: MIXED
- Bias: BULLISH
- Recommendation: DayTrader light size — no clear regime
- 1H: TRANSITIONAL (ADX 26.8, Chop 56.2)
- 1D: WEAK_TREND (ADX 21.9, Chop 51.1)

## Optimal SuperTrend: ATR 16 / Mult 5.0
- Win Rate: 40.0% | PF: 1.79 | Return: 49.35%

## Positions
- BTCUSD: SHORT @ $75,031.09

## Global Crypto
- Total Market Cap: $2,687,029,130,113
- BTC Dominance: 58.2%
- 24h Change: -1.4%

============================================================
Market Data Aggregator — 2026-04-23 16:00 UTC
============================================================

Fetching BTC price...
Fetching BTC OHLCV 24h...
Fetching Fear & Greed...
Fetching global crypto market...
Fetching FRED macro data...
Loading internal data...

JSON saved: /home/ubuntu/.openclaw/workspace/directives/market_briefing.json
Markdown saved: /home/ubuntu/.openclaw/workspace/directives/market_briefing.md

# Market Briefing — April 23, 2026 04:00 PM UTC

## BTC: $78,375.00 (-1.2% 24h)
- 24h Range: $77,203 — $79,516 (3.0%)
- 24h Trend: DOWN
- Volume: 43,219,427,237 USD
- Fear & Greed: 46 (Fear)

## Market Regime: MIXED
- Bias: BULLISH
- Recommendation: DayTrader light size — no clear regime
- 1H: TRANSITIONAL (ADX 26.8, Chop 56.2)
- 1D: WEAK_TREND (ADX 21.9, Chop 51.1)

## Optimal SuperTrend: ATR 16 / Mult 5.0
- Win Rate: 40.0% | PF: 1.79 | Return: 49.35%

## Positions
- BTCUSD: SHORT @ $75,031.09

## Global Crypto
- Total Market Cap: $2,692,947,538,308
- BTC Dominance: 58.2%
- 24h Change: -1.3%

============================================================
Market Data Aggregator — 2026-04-23 17:00 UTC
============================================================

Fetching BTC price...
Fetching BTC OHLCV 24h...
Fetching Fear & Greed...
Fetching global crypto market...
Fetching FRED macro data...
Loading internal data...

JSON saved: /home/ubuntu/.openclaw/workspace/directives/market_briefing.json
Markdown saved: /home/ubuntu/.openclaw/workspace/directives/market_briefing.md

# Market Briefing — April 23, 2026 05:00 PM UTC

## BTC: $78,119.00 (-0.8% 24h)
- 24h Range: $77,203 — $79,194 (2.6%)
- 24h Trend: DOWN
- Volume: 41,881,598,047 USD
- Fear & Greed: 46 (Fear)

## Market Regime: MIXED
- Bias: BULLISH
- Recommendation: DayTrader light size — no clear regime
- 1H: TRANSITIONAL (ADX 22.5, Chop 55.5)
- 4H: TRANSITIONAL (ADX 19.6, Chop 43.4)
- 1D: WEAK_TREND (ADX 21.9, Chop 51.2)

## Optimal SuperTrend: ATR 16 / Mult 5.0
- Win Rate: 40.0% | PF: 1.79 | Return: 49.35%

## Positions
- BTCUSD: SHORT @ $75,031.09

## Global Crypto
- Total Market Cap: $2,686,006,069,833
- BTC Dominance: 58.2%
- 24h Change: -0.7%

============================================================
Market Data Aggregator — 2026-04-23 18:00 UTC
============================================================

Fetching BTC price...
Fetching BTC OHLCV 24h...
Fetching Fear & Greed...
Fetching global crypto market...
Fetching FRED macro data...
Loading internal data...

JSON saved: /home/ubuntu/.openclaw/workspace/directives/market_briefing.json
Markdown saved: /home/ubuntu/.openclaw/workspace/directives/market_briefing.md

# Market Briefing — April 23, 2026 06:00 PM UTC

## BTC: $77,722.00 (-1.5% 24h)
- 24h Range: $76,986 — $79,194 (2.9%)
- 24h Trend: DOWN
- Volume: 43,565,536,987 USD
- Fear & Greed: 46 (Fear)

## Market Regime: MIXED
- Bias: BULLISH
- Recommendation: DayTrader light size — no clear regime
- 1H: TRANSITIONAL (ADX 22.5, Chop 55.5)
- 4H: TRANSITIONAL (ADX 19.6, Chop 43.4)
- 1D: WEAK_TREND (ADX 21.9, Chop 51.2)

## Optimal SuperTrend: ATR 16 / Mult 5.0
- Win Rate: 40.0% | PF: 1.79 | Return: 49.35%

## Positions
- BTCUSD: SHORT @ $75,031.09

## Global Crypto
- Total Market Cap: $2,676,034,078,933
- BTC Dominance: 58.2%
- 24h Change: -1.9%

============================================================
Market Data Aggregator — 2026-04-23 19:00 UTC
============================================================

Fetching BTC price...
Fetching BTC OHLCV 24h...
Fetching Fear & Greed...
Fetching global crypto market...
Fetching FRED macro data...
Loading internal data...

JSON saved: /home/ubuntu/.openclaw/workspace/directives/market_briefing.json
Markdown saved: /home/ubuntu/.openclaw/workspace/directives/market_briefing.md

# Market Briefing — April 23, 2026 07:00 PM UTC

## BTC: $77,793.00 (-1.6% 24h)
- 24h Range: $76,986 — $79,100 (2.8%)
- 24h Trend: DOWN
- Volume: 44,684,056,053 USD
- Fear & Greed: 46 (Fear)

## Market Regime: MIXED
- Bias: BULLISH
- Recommendation: DayTrader light size — no clear regime
- 1H: TRANSITIONAL (ADX 22.5, Chop 55.5)
- 4H: TRANSITIONAL (ADX 19.6, Chop 43.4)
- 1D: WEAK_TREND (ADX 21.9, Chop 51.2)

## Optimal SuperTrend: ATR 16 / Mult 5.0
- Win Rate: 40.0% | PF: 1.79 | Return: 49.35%

## Positions
- BTCUSD: SHORT @ $75,031.09

## Global Crypto
- Total Market Cap: $2,677,022,913,781
- BTC Dominance: 58.2%
- 24h Change: -1.5%

============================================================
Market Data Aggregator — 2026-04-23 20:00 UTC
============================================================

Fetching BTC price...
Fetching BTC OHLCV 24h...
Fetching Fear & Greed...
Fetching global crypto market...
Fetching FRED macro data...
Loading internal data...

JSON saved: /home/ubuntu/.openclaw/workspace/directives/market_briefing.json
Markdown saved: /home/ubuntu/.openclaw/workspace/directives/market_briefing.md

# Market Briefing — April 23, 2026 08:00 PM UTC

## BTC: $77,758.00 (-1.5% 24h)
- 24h Range: $76,986 — $78,950 (2.5%)
- 24h Trend: DOWN
- Volume: 43,193,879,678 USD
- Fear & Greed: 46 (Fear)

## Market Regime: MIXED
- Bias: BULLISH
- Recommendation: DayTrader light size — no clear regime
- 1H: TRANSITIONAL (ADX 22.5, Chop 55.5)
- 4H: TRANSITIONAL (ADX 19.6, Chop 43.4)
- 1D: WEAK_TREND (ADX 21.9, Chop 51.2)

## Optimal SuperTrend: ATR 16 / Mult 5.0
- Win Rate: 40.0% | PF: 1.79 | Return: 49.35%

## Positions
- BTCUSD: SHORT @ $75,031.09

## Global Crypto
- Total Market Cap: $2,676,458,607,642
- BTC Dominance: 58.1%
- 24h Change: -1.5%

============================================================
Market Data Aggregator — 2026-04-23 21:00 UTC
============================================================

Fetching BTC price...
Fetching BTC OHLCV 24h...
Fetching Fear & Greed...
Fetching global crypto market...
Fetching FRED macro data...
Loading internal data...

JSON saved: /home/ubuntu/.openclaw/workspace/directives/market_briefing.json
Markdown saved: /home/ubuntu/.openclaw/workspace/directives/market_briefing.md

# Market Briefing — April 23, 2026 09:00 PM UTC

## BTC: $77,879.00 (-0.7% 24h)
- 24h Range: $76,986 — $78,861 (2.4%)
- 24h Trend: DOWN
- Volume: 43,653,598,380 USD
- Fear & Greed: 46 (Fear)

## Market Regime: MIXED
- Bias: BULLISH
- Recommendation: DayTrader light size — no clear regime
- 1H: WEAK_TREND (ADX 24.1, Chop 53.9)
- 4H: TRANSITIONAL (ADX 18.2, Chop 43.5)
- 1D: WEAK_TREND (ADX 21.9, Chop 51.4)

## Optimal SuperTrend: ATR 16 / Mult 5.0
- Win Rate: 40.0% | PF: 1.79 | Return: 49.35%

## Positions
- BTCUSD: SHORT @ $75,031.09

## Global Crypto
- Total Market Cap: $2,682,145,560,711
- BTC Dominance: 58.1%
- 24h Change: -0.8%

============================================================
Market Data Aggregator — 2026-04-23 22:00 UTC
============================================================

Fetching BTC price...
Fetching BTC OHLCV 24h...
Fetching Fear & Greed...
Fetching global crypto market...
Fetching FRED macro data...
Loading internal data...

JSON saved: /home/ubuntu/.openclaw/workspace/directives/market_briefing.json
Markdown saved: /home/ubuntu/.openclaw/workspace/directives/market_briefing.md

# Market Briefing — April 23, 2026 10:00 PM UTC

## BTC: $77,971.00 (-1.0% 24h)
- 24h Range: $76,986 — $78,861 (2.4%)
- 24h Trend: DOWN
- Volume: 43,350,026,322 USD
- Fear & Greed: 46 (Fear)

## Market Regime: MIXED
- Bias: BULLISH
- Recommendation: DayTrader light size — no clear regime
- 1H: WEAK_TREND (ADX 24.1, Chop 53.9)
- 4H: TRANSITIONAL (ADX 18.2, Chop 43.5)
- 1D: WEAK_TREND (ADX 21.9, Chop 51.4)

## Optimal SuperTrend: ATR 16 / Mult 5.0
- Win Rate: 40.0% | PF: 1.79 | Return: 49.35%

## Positions
- BTCUSD: SHORT @ $75,031.09

## Global Crypto
- Total Market Cap: $2,685,491,214,839
- BTC Dominance: 58.1%
- 24h Change: -1.1%

============================================================
Market Data Aggregator — 2026-04-23 23:00 UTC
============================================================

Fetching BTC price...
Fetching BTC OHLCV 24h...
Fetching Fear & Greed...
Fetching global crypto market...
Fetching FRED macro data...
Loading internal data...

JSON saved: /home/ubuntu/.openclaw/workspace/directives/market_briefing.json
Markdown saved: /home/ubuntu/.openclaw/workspace/directives/market_briefing.md

# Market Briefing — April 23, 2026 11:00 PM UTC

## BTC: $78,238.00 (-0.5% 24h)
- 24h Range: $76,986 — $78,705 (2.2%)
- 24h Trend: UP
- Volume: 42,675,096,424 USD
- Fear & Greed: 46 (Fear)

## Market Regime: MIXED
- Bias: BULLISH
- Recommendation: DayTrader light size — no clear regime
- 1H: WEAK_TREND (ADX 24.1, Chop 53.9)
- 4H: TRANSITIONAL (ADX 18.2, Chop 43.5)
- 1D: WEAK_TREND (ADX 21.9, Chop 51.4)

## Optimal SuperTrend: ATR 16 / Mult 5.0
- Win Rate: 40.0% | PF: 1.79 | Return: 49.35%

## Positions
- BTCUSD: SHORT @ $75,031.09

## Global Crypto
- Total Market Cap: $2,693,721,778,969
- BTC Dominance: 58.2%
- 24h Change: -0.5%

============================================================
Market Data Aggregator — 2026-04-24 00:00 UTC
============================================================

Fetching BTC price...
Fetching BTC OHLCV 24h...
Fetching Fear & Greed...
Fetching global crypto market...
Fetching FRED macro data...
Loading internal data...

JSON saved: /home/ubuntu/.openclaw/workspace/directives/market_briefing.json
Markdown saved: /home/ubuntu/.openclaw/workspace/directives/market_briefing.md

# Market Briefing — April 24, 2026 12:00 AM UTC

## BTC: $78,260.00 (+0.1% 24h)
- 24h Range: $76,986 — $78,705 (2.2%)
- 24h Trend: DOWN
- Volume: 41,759,256,990 USD
- Fear & Greed: 39 (Fear)

## Market Regime: MIXED
- Bias: BULLISH
- Recommendation: DayTrader light size — no clear regime
- 1H: WEAK_TREND (ADX 24.1, Chop 53.9)
- 4H: TRANSITIONAL (ADX 18.2, Chop 43.5)
- 1D: WEAK_TREND (ADX 21.9, Chop 51.4)

## Optimal SuperTrend: ATR 16 / Mult 5.0
- Win Rate: 40.0% | PF: 1.79 | Return: 49.35%

## Positions
- BTCUSD: SHORT @ $75,031.09

## Global Crypto
- Total Market Cap: $2,693,885,194,018
- BTC Dominance: 58.2%
- 24h Change: -0.1%

============================================================
Market Data Aggregator — 2026-04-24 01:00 UTC
============================================================

Fetching BTC price...
Fetching BTC OHLCV 24h...
Fetching Fear & Greed...
Fetching global crypto market...
Fetching FRED macro data...
Loading internal data...

JSON saved: /home/ubuntu/.openclaw/workspace/directives/market_briefing.json
Markdown saved: /home/ubuntu/.openclaw/workspace/directives/market_briefing.md

# Market Briefing — April 24, 2026 01:00 AM UTC

## BTC: $78,375.00 (-0.0% 24h)
- 24h Range: $76,986 — $78,705 (2.2%)
- 24h Trend: UP
- Volume: 40,139,504,092 USD
- Fear & Greed: 39 (Fear)

## Market Regime: MIXED
- Bias: BULLISH
- Recommendation: DayTrader light size — no clear regime
- 1H: WEAK_TREND (ADX 21.2, Chop 51.0)
- 1D: WEAK_TREND (ADX 22.9, Chop 49.2)

## Optimal SuperTrend: ATR 16 / Mult 5.0
- Win Rate: 40.0% | PF: 1.79 | Return: 49.35%

## Positions
- BTCUSD: SHORT @ $75,031.09

## Global Crypto
- Total Market Cap: $2,696,793,420,008
- BTC Dominance: 58.2%
- 24h Change: -0.1%

============================================================
Market Data Aggregator — 2026-04-24 02:00 UTC
============================================================

Fetching BTC price...
Fetching BTC OHLCV 24h...
Fetching Fear & Greed...
Fetching global crypto market...
Fetching FRED macro data...
Loading internal data...

JSON saved: /home/ubuntu/.openclaw/workspace/directives/market_briefing.json
Markdown saved: /home/ubuntu/.openclaw/workspace/directives/market_briefing.md

# Market Briefing — April 24, 2026 02:00 AM UTC

## BTC: $78,451.00 (+0.1% 24h)
- 24h Range: $76,986 — $78,705 (2.2%)
- 24h Trend: UP
- Volume: 40,080,483,178 USD
- Fear & Greed: 39 (Fear)

## Market Regime: MIXED
- Bias: BULLISH
- Recommendation: DayTrader light size — no clear regime
- 1H: WEAK_TREND (ADX 21.2, Chop 51.0)
- 1D: WEAK_TREND (ADX 22.9, Chop 49.2)

## Optimal SuperTrend: ATR 16 / Mult 5.0
- Win Rate: 40.0% | PF: 1.79 | Return: 49.35%

## Positions
- BTCUSD: SHORT @ $75,031.09

## Global Crypto
- Total Market Cap: $2,699,194,332,897
- BTC Dominance: 58.2%
- 24h Change: +0.1%

============================================================
Market Data Aggregator — 2026-04-24 03:00 UTC
============================================================

Fetching BTC price...
Fetching BTC OHLCV 24h...
Fetching Fear & Greed...
Fetching global crypto market...
Fetching FRED macro data...
Loading internal data...

JSON saved: /home/ubuntu/.openclaw/workspace/directives/market_briefing.json
Markdown saved: /home/ubuntu/.openclaw/workspace/directives/market_briefing.md

# Market Briefing — April 24, 2026 03:00 AM UTC

## BTC: $78,148.00 (+0.2% 24h)
- 24h Range: $76,986 — $78,705 (2.2%)
- 24h Trend: UP
- Volume: 38,137,277,736 USD
- Fear & Greed: 39 (Fear)

## Market Regime: MIXED
- Bias: BULLISH
- Recommendation: DayTrader light size — no clear regime
- 1H: WEAK_TREND (ADX 21.2, Chop 51.0)
- 1D: WEAK_TREND (ADX 22.9, Chop 49.2)

## Optimal SuperTrend: ATR 16 / Mult 5.0
- Win Rate: 40.0% | PF: 1.79 | Return: 49.35%

## Positions
- BTCUSD: SHORT @ $75,031.09

## Global Crypto
- Total Market Cap: $2,689,855,828,002
- BTC Dominance: 58.2%
- 24h Change: +0.2%

============================================================
Market Data Aggregator — 2026-04-24 04:00 UTC
============================================================

Fetching BTC price...
Fetching BTC OHLCV 24h...
Fetching Fear & Greed...
Fetching global crypto market...
Fetching FRED macro data...
Loading internal data...

JSON saved: /home/ubuntu/.openclaw/workspace/directives/market_briefing.json
Markdown saved: /home/ubuntu/.openclaw/workspace/directives/market_briefing.md

# Market Briefing — April 24, 2026 04:00 AM UTC

## BTC: $77,739.00 (-0.0% 24h)
- 24h Range: $76,986 — $78,705 (2.2%)
- 24h Trend: DOWN
- Volume: 36,546,613,671 USD
- Fear & Greed: 39 (Fear)

## Market Regime: MIXED
- Bias: BULLISH
- Recommendation: DayTrader light size — no clear regime
- 1H: WEAK_TREND (ADX 21.2, Chop 51.0)
- 1D: WEAK_TREND (ADX 22.9, Chop 49.2)

## Optimal SuperTrend: ATR 16 / Mult 5.0
- Win Rate: 40.0% | PF: 1.79 | Return: 49.35%

## Positions
- BTCUSD: SHORT @ $75,031.09

## Global Crypto
- Total Market Cap: $2,676,270,092,700
- BTC Dominance: 58.1%
- 24h Change: -0.1%

============================================================
Market Data Aggregator — 2026-04-24 05:00 UTC
============================================================

Fetching BTC price...
Fetching BTC OHLCV 24h...
Fetching Fear & Greed...
Fetching global crypto market...
Fetching FRED macro data...
Loading internal data...

JSON saved: /home/ubuntu/.openclaw/workspace/directives/market_briefing.json
Markdown saved: /home/ubuntu/.openclaw/workspace/directives/market_briefing.md

# Market Briefing — April 24, 2026 05:00 AM UTC

## BTC: $77,714.00 (-0.3% 24h)
- 24h Range: $76,986 — $78,705 (2.2%)
- 24h Trend: DOWN
- Volume: 37,662,394,354 USD
- Fear & Greed: 39 (Fear)

## Market Regime: MIXED
- Bias: BULLISH
- Recommendation: DayTrader light size — no clear regime
- 1H: TRANSITIONAL (ADX 19.3, Chop 54.0)
- 4H: TRANSITIONAL (ADX 17.2, Chop 53.9)

## Optimal SuperTrend: ATR 16 / Mult 5.0
- Win Rate: 40.0% | PF: 1.79 | Return: 49.35%

## Positions
- BTCUSD: SHORT @ $75,031.09

## Global Crypto
- Total Market Cap: $2,677,569,752,841
- BTC Dominance: 58.1%
- 24h Change: -0.2%

============================================================
Market Data Aggregator — 2026-04-24 06:00 UTC
============================================================

Fetching BTC price...
Fetching BTC OHLCV 24h...
Fetching Fear & Greed...
Fetching global crypto market...
Fetching FRED macro data...
Loading internal data...

JSON saved: /home/ubuntu/.openclaw/workspace/directives/market_briefing.json
Markdown saved: /home/ubuntu/.openclaw/workspace/directives/market_briefing.md

# Market Briefing — April 24, 2026 06:00 AM UTC

## BTC: $77,987.00 (-0.1% 24h)
- 24h Range: $76,986 — $78,705 (2.2%)
- 24h Trend: DOWN
- Volume: 35,286,265,710 USD
- Fear & Greed: 39 (Fear)

## Market Regime: MIXED
- Bias: BULLISH
- Recommendation: DayTrader light size — no clear regime
- 1H: TRANSITIONAL (ADX 19.3, Chop 54.0)
- 4H: TRANSITIONAL (ADX 17.2, Chop 53.9)

## Optimal SuperTrend: ATR 16 / Mult 5.0
- Win Rate: 40.0% | PF: 1.79 | Return: 49.35%

## Positions
- BTCUSD: SHORT @ $75,031.09

## Global Crypto
- Total Market Cap: $2,685,514,117,329
- BTC Dominance: 58.1%
- 24h Change: -0.0%

============================================================
Market Data Aggregator — 2026-04-24 07:00 UTC
============================================================

Fetching BTC price...
Fetching BTC OHLCV 24h...
Fetching Fear & Greed...
Fetching global crypto market...
Fetching FRED macro data...
Loading internal data...

JSON saved: /home/ubuntu/.openclaw/workspace/directives/market_briefing.json
Markdown saved: /home/ubuntu/.openclaw/workspace/directives/market_briefing.md

# Market Briefing — April 24, 2026 07:00 AM UTC

## BTC: $77,825.00 (-0.5% 24h)
- 24h Range: $76,986 — $78,705 (2.2%)
- 24h Trend: DOWN
- Volume: 37,672,609,507 USD
- Fear & Greed: 39 (Fear)

## Market Regime: MIXED
- Bias: BULLISH
- Recommendation: DayTrader light size — no clear regime
- 1H: TRANSITIONAL (ADX 19.3, Chop 54.0)
- 4H: TRANSITIONAL (ADX 17.2, Chop 53.9)

## Optimal SuperTrend: ATR 16 / Mult 5.0
- Win Rate: 40.0% | PF: 1.79 | Return: 49.35%

## Positions
- BTCUSD: SHORT @ $75,031.09

## Global Crypto
- Total Market Cap: $2,681,215,844,130
- BTC Dominance: 58.1%
- 24h Change: -0.4%

============================================================
Market Data Aggregator — 2026-04-24 08:00 UTC
============================================================

Fetching BTC price...
Fetching BTC OHLCV 24h...
Fetching Fear & Greed...
Fetching global crypto market...
Fetching FRED macro data...
Loading internal data...

JSON saved: /home/ubuntu/.openclaw/workspace/directives/market_briefing.json
Markdown saved: /home/ubuntu/.openclaw/workspace/directives/market_briefing.md

# Market Briefing — April 24, 2026 08:00 AM UTC

## BTC: $77,628.00 (-0.5% 24h)
- 24h Range: $76,986 — $78,705 (2.2%)
- 24h Trend: DOWN
- Volume: 38,219,136,984 USD
- Fear & Greed: 39 (Fear)

## Market Regime: MIXED
- Bias: BULLISH
- Recommendation: DayTrader light size — no clear regime
- 1H: TRANSITIONAL (ADX 19.3, Chop 54.0)
- 4H: TRANSITIONAL (ADX 17.2, Chop 53.9)

## Optimal SuperTrend: ATR 16 / Mult 5.0
- Win Rate: 40.0% | PF: 1.79 | Return: 49.35%

## Positions
- BTCUSD: SHORT @ $75,031.09

## Global Crypto
- Total Market Cap: $2,674,939,803,499
- BTC Dominance: 58.1%
- 24h Change: -0.4%

============================================================
Market Data Aggregator — 2026-04-24 09:00 UTC
============================================================

Fetching BTC price...
Fetching BTC OHLCV 24h...
Fetching Fear & Greed...
Fetching global crypto market...
Fetching FRED macro data...
Loading internal data...

JSON saved: /home/ubuntu/.openclaw/workspace/directives/market_briefing.json
Markdown saved: /home/ubuntu/.openclaw/workspace/directives/market_briefing.md

# Market Briefing — April 24, 2026 09:00 AM UTC

## BTC: $77,850.00 (-0.1% 24h)
- 24h Range: $76,986 — $78,705 (2.2%)
- 24h Trend: UP
- Volume: 37,389,566,485 USD
- Fear & Greed: 39 (Fear)

## Market Regime: MIXED
- Bias: MIXED
- Recommendation: DayTrader light size — no clear regime
- 1H: RANGING (ADX 19.5, Chop 59.6)
- 4H: RANGING (ADX 16.5, Chop 61.0)
- 1D: WEAK_TREND (ADX 22.9, Chop 50.4)

## Optimal SuperTrend: ATR 16 / Mult 5.0
- Win Rate: 40.0% | PF: 1.79 | Return: 49.35%

## Positions
- BTCUSD: SHORT @ $75,031.09

## Global Crypto
- Total Market Cap: $2,682,414,711,962
- BTC Dominance: 58.1%
- 24h Change: +0.0%

============================================================
Market Data Aggregator — 2026-04-24 10:00 UTC
============================================================

Fetching BTC price...
Fetching BTC OHLCV 24h...
Fetching Fear & Greed...
Fetching global crypto market...
Fetching FRED macro data...
Loading internal data...

JSON saved: /home/ubuntu/.openclaw/workspace/directives/market_briefing.json
Markdown saved: /home/ubuntu/.openclaw/workspace/directives/market_briefing.md

# Market Briefing — April 24, 2026 10:00 AM UTC

## BTC: $77,538.00 (-0.1% 24h)
- 24h Range: $76,986 — $78,705 (2.2%)
- 24h Trend: UP
- Volume: 37,122,383,104 USD
- Fear & Greed: 39 (Fear)

## Market Regime: MIXED
- Bias: MIXED
- Recommendation: DayTrader light size — no clear regime
- 1H: RANGING (ADX 19.5, Chop 59.6)
- 4H: RANGING (ADX 16.5, Chop 61.0)
- 1D: WEAK_TREND (ADX 22.9, Chop 50.4)

## Optimal SuperTrend: ATR 16 / Mult 5.0
- Win Rate: 40.0% | PF: 1.79 | Return: 49.35%

## Positions
- BTCUSD: SHORT @ $75,031.09

## Global Crypto
- Total Market Cap: $2,673,473,531,799
- BTC Dominance: 58.1%
- 24h Change: +0.0%

============================================================
Market Data Aggregator — 2026-04-24 11:00 UTC
============================================================

Fetching BTC price...
Fetching BTC OHLCV 24h...
Fetching Fear & Greed...
Fetching global crypto market...
Fetching FRED macro data...
Loading internal data...

JSON saved: /home/ubuntu/.openclaw/workspace/directives/market_briefing.json
Markdown saved: /home/ubuntu/.openclaw/workspace/directives/market_briefing.md

# Market Briefing — April 24, 2026 11:00 AM UTC

## BTC: $77,768.00 (+0.5% 24h)
- 24h Range: $76,986 — $78,705 (2.2%)
- 24h Trend: UP
- Volume: 35,060,812,421 USD
- Fear & Greed: 39 (Fear)

## Market Regime: MIXED
- Bias: MIXED
- Recommendation: DayTrader light size — no clear regime
- 1H: RANGING (ADX 19.5, Chop 59.6)
- 4H: RANGING (ADX 16.5, Chop 61.0)
- 1D: WEAK_TREND (ADX 22.9, Chop 50.4)

## Optimal SuperTrend: ATR 16 / Mult 5.0
- Win Rate: 40.0% | PF: 1.79 | Return: 49.35%

## Positions
- BTCUSD: SHORT @ $75,031.09

## Global Crypto
- Total Market Cap: $2,677,819,803,876
- BTC Dominance: 58.1%
- 24h Change: +0.4%

============================================================
Market Data Aggregator — 2026-04-24 12:00 UTC
============================================================

Fetching BTC price...
Fetching BTC OHLCV 24h...
Fetching Fear & Greed...
Fetching global crypto market...
Fetching FRED macro data...
Loading internal data...

JSON saved: /home/ubuntu/.openclaw/workspace/directives/market_briefing.json
Markdown saved: /home/ubuntu/.openclaw/workspace/directives/market_briefing.md

# Market Briefing — April 24, 2026 12:00 PM UTC

## BTC: $78,247.00 (+0.7% 24h)
- 24h Range: $76,986 — $78,705 (2.2%)
- 24h Trend: UP
- Volume: 37,265,202,405 USD
- Fear & Greed: 39 (Fear)

## Market Regime: MIXED
- Bias: MIXED
- Recommendation: DayTrader light size — no clear regime
- 1H: RANGING (ADX 19.5, Chop 59.6)
- 4H: RANGING (ADX 16.5, Chop 61.0)
- 1D: WEAK_TREND (ADX 22.9, Chop 50.4)

## Optimal SuperTrend: ATR 16 / Mult 5.0
- Win Rate: 40.0% | PF: 1.79 | Return: 49.35%

## Positions
- BTCUSD: SHORT @ $75,031.09

## Global Crypto
- Total Market Cap: $2,689,820,886,441
- BTC Dominance: 58.2%
- 24h Change: +0.5%

============================================================
Market Data Aggregator — 2026-04-24 13:00 UTC
============================================================

Fetching BTC price...
Fetching BTC OHLCV 24h...
Fetching Fear & Greed...
Fetching global crypto market...
Fetching FRED macro data...
Loading internal data...

JSON saved: /home/ubuntu/.openclaw/workspace/directives/market_briefing.json
Markdown saved: /home/ubuntu/.openclaw/workspace/directives/market_briefing.md

# Market Briefing — April 24, 2026 01:00 PM UTC

## BTC: $78,177.00 (+0.5% 24h)
- 24h Range: $76,986 — $78,705 (2.2%)
- 24h Trend: UP
- Volume: 37,212,357,212 USD
- Fear & Greed: 39 (Fear)

## Market Regime: MIXED
- Bias: MIXED
- Recommendation: DayTrader light size — no clear regime
- 1H: RANGING (ADX 17.2, Chop 62.7)
- 1D: WEAK_TREND (ADX 22.9, Chop 50.5)

## Optimal SuperTrend: ATR 16 / Mult 5.0
- Win Rate: 40.0% | PF: 1.79 | Return: 49.35%

## Positions
- BTCUSD: SHORT @ $75,031.09

## Global Crypto
- Total Market Cap: $2,685,326,591,522
- BTC Dominance: 58.2%
- 24h Change: +0.2%

============================================================
Market Data Aggregator — 2026-04-24 14:00 UTC
============================================================

Fetching BTC price...
Fetching BTC OHLCV 24h...
Fetching Fear & Greed...
Fetching global crypto market...
Fetching FRED macro data...
Loading internal data...

JSON saved: /home/ubuntu/.openclaw/workspace/directives/market_briefing.json
Markdown saved: /home/ubuntu/.openclaw/workspace/directives/market_briefing.md

# Market Briefing — April 24, 2026 02:00 PM UTC

## BTC: $78,079.00 (+0.7% 24h)
- 24h Range: $76,986 — $78,705 (2.2%)
- 24h Trend: DOWN
- Volume: 37,813,792,660 USD
- Fear & Greed: 39 (Fear)

## Market Regime: MIXED
- Bias: MIXED
- Recommendation: DayTrader light size — no clear regime
- 1H: RANGING (ADX 17.2, Chop 62.7)
- 1D: WEAK_TREND (ADX 22.9, Chop 50.5)

## Optimal SuperTrend: ATR 16 / Mult 5.0
- Win Rate: 40.0% | PF: 1.79 | Return: 49.35%

## Positions
- BTCUSD: SHORT @ $75,031.09

## Global Crypto
- Total Market Cap: $2,684,322,180,767
- BTC Dominance: 58.2%
- 24h Change: +0.5%

============================================================
Market Data Aggregator — 2026-04-24 15:00 UTC
============================================================

Fetching BTC price...
Fetching BTC OHLCV 24h...
Fetching Fear & Greed...
Fetching global crypto market...
Fetching FRED macro data...
Loading internal data...

JSON saved: /home/ubuntu/.openclaw/workspace/directives/market_briefing.json
Markdown saved: /home/ubuntu/.openclaw/workspace/directives/market_briefing.md

# Market Briefing — April 24, 2026 03:00 PM UTC

## BTC: $78,041.00 (-0.2% 24h)
- 24h Range: $76,986 — $78,705 (2.2%)
- 24h Trend: DOWN
- Volume: 37,399,564,722 USD
- Fear & Greed: 39 (Fear)

## Market Regime: MIXED
- Bias: MIXED
- Recommendation: DayTrader light size — no clear regime
- 1H: RANGING (ADX 17.2, Chop 62.7)
- 1D: WEAK_TREND (ADX 22.9, Chop 50.5)

## Optimal SuperTrend: ATR 16 / Mult 5.0
- Win Rate: 40.0% | PF: 1.79 | Return: 49.35%

## Positions
- BTCUSD: SHORT @ $75,031.09

## Global Crypto
- Total Market Cap: $2,682,655,255,301
- BTC Dominance: 58.2%
- 24h Change: -0.3%

============================================================
Market Data Aggregator — 2026-04-24 16:00 UTC
============================================================

Fetching BTC price...
Fetching BTC OHLCV 24h...
Fetching Fear & Greed...
Fetching global crypto market...
Fetching FRED macro data...
Loading internal data...

JSON saved: /home/ubuntu/.openclaw/workspace/directives/market_briefing.json
Markdown saved: /home/ubuntu/.openclaw/workspace/directives/market_briefing.md

# Market Briefing — April 24, 2026 04:00 PM UTC

## BTC: $78,038.00 (-0.5% 24h)
- 24h Range: $76,986 — $78,605 (2.1%)
- 24h Trend: DOWN
- Volume: 36,863,829,816 USD
- Fear & Greed: 39 (Fear)

## Market Regime: MIXED
- Bias: MIXED
- Recommendation: DayTrader light size — no clear regime
- 1H: RANGING (ADX 17.2, Chop 62.7)
- 1D: WEAK_TREND (ADX 22.9, Chop 50.5)

## Optimal SuperTrend: ATR 16 / Mult 5.0
- Win Rate: 40.0% | PF: 1.79 | Return: 49.35%

## Positions
- BTCUSD: SHORT @ $75,031.09

## Global Crypto
- Total Market Cap: $2,685,157,650,302
- BTC Dominance: 58.2%
- 24h Change: -0.4%

============================================================
Market Data Aggregator — 2026-04-24 17:00 UTC
============================================================

Fetching BTC price...
Fetching BTC OHLCV 24h...
Fetching Fear & Greed...
Fetching global crypto market...
Fetching FRED macro data...
Loading internal data...

JSON saved: /home/ubuntu/.openclaw/workspace/directives/market_briefing.json
Markdown saved: /home/ubuntu/.openclaw/workspace/directives/market_briefing.md

# Market Briefing — April 24, 2026 05:00 PM UTC

## BTC: $77,711.00 (-0.5% 24h)
- 24h Range: $76,986 — $78,605 (2.1%)
- 24h Trend: UP
- Volume: 37,046,623,429 USD
- Fear & Greed: 39 (Fear)

## Market Regime: MIXED
- Bias: MIXED
- Recommendation: DayTrader light size — no clear regime
- 1H: RANGING (ADX 13.9, Chop 64.6)
- 4H: RANGING (ADX 16.7, Chop 61.1)
- 1D: WEAK_TREND (ADX 22.9, Chop 50.5)

## Optimal SuperTrend: ATR 16 / Mult 5.0
- Win Rate: 40.0% | PF: 1.79 | Return: 49.35%

## Positions
- BTCUSD: SHORT @ $75,031.09

## Global Crypto
- Total Market Cap: $2,676,368,228,164
- BTC Dominance: 58.1%
- 24h Change: -0.4%

============================================================
Market Data Aggregator — 2026-04-24 18:00 UTC
============================================================

Fetching BTC price...
Fetching BTC OHLCV 24h...
Fetching Fear & Greed...
Fetching global crypto market...
Fetching FRED macro data...
Loading internal data...

JSON saved: /home/ubuntu/.openclaw/workspace/directives/market_briefing.json
Markdown saved: /home/ubuntu/.openclaw/workspace/directives/market_briefing.md

# Market Briefing — April 24, 2026 06:00 PM UTC

## BTC: $77,717.00 (-0.1% 24h)
- 24h Range: $77,436 — $78,605 (1.5%)
- 24h Trend: DOWN
- Volume: 35,256,543,866 USD
- Fear & Greed: 39 (Fear)

## Market Regime: MIXED
- Bias: MIXED
- Recommendation: DayTrader light size — no clear regime
- 1H: RANGING (ADX 13.9, Chop 64.6)
- 4H: RANGING (ADX 16.7, Chop 61.1)
- 1D: WEAK_TREND (ADX 22.9, Chop 50.5)

## Optimal SuperTrend: ATR 16 / Mult 5.0
- Win Rate: 40.0% | PF: 1.79 | Return: 49.35%

## Positions
- BTCUSD: SHORT @ $75,031.09

## Global Crypto
- Total Market Cap: $2,677,499,263,220
- BTC Dominance: 58.1%
- 24h Change: +0.1%

============================================================
Market Data Aggregator — 2026-04-24 19:00 UTC
============================================================

Fetching BTC price...
Fetching BTC OHLCV 24h...
Fetching Fear & Greed...
Fetching global crypto market...
Fetching FRED macro data...
Loading internal data...

JSON saved: /home/ubuntu/.openclaw/workspace/directives/market_briefing.json
Markdown saved: /home/ubuntu/.openclaw/workspace/directives/market_briefing.md

# Market Briefing — April 24, 2026 07:00 PM UTC

## BTC: $77,597.00 (-0.2% 24h)
- 24h Range: $77,387 — $78,605 (1.6%)
- 24h Trend: DOWN
- Volume: 34,068,816,692 USD
- Fear & Greed: 39 (Fear)

## Market Regime: MIXED
- Bias: MIXED
- Recommendation: DayTrader light size — no clear regime
- 1H: RANGING (ADX 13.9, Chop 64.6)
- 4H: RANGING (ADX 16.7, Chop 61.1)
- 1D: WEAK_TREND (ADX 22.9, Chop 50.5)

## Optimal SuperTrend: ATR 16 / Mult 5.0
- Win Rate: 40.0% | PF: 1.79 | Return: 49.35%

## Positions
- BTCUSD: SHORT @ $75,031.09

## Global Crypto
- Total Market Cap: $2,674,659,375,828
- BTC Dominance: 58.1%
- 24h Change: -0.1%

============================================================
Market Data Aggregator — 2026-04-24 20:00 UTC
============================================================

Fetching BTC price...
Fetching BTC OHLCV 24h...
Fetching Fear & Greed...
Fetching global crypto market...
Fetching FRED macro data...
Loading internal data...

JSON saved: /home/ubuntu/.openclaw/workspace/directives/market_briefing.json
Markdown saved: /home/ubuntu/.openclaw/workspace/directives/market_briefing.md

# Market Briefing — April 24, 2026 08:00 PM UTC

## BTC: $77,641.00 (-0.1% 24h)
- 24h Range: $77,387 — $78,605 (1.6%)
- 24h Trend: DOWN
- Volume: 33,360,645,644 USD
- Fear & Greed: 39 (Fear)

## Market Regime: MIXED
- Bias: MIXED
- Recommendation: DayTrader light size — no clear regime
- 1H: RANGING (ADX 13.9, Chop 64.6)
- 4H: RANGING (ADX 16.7, Chop 61.1)
- 1D: WEAK_TREND (ADX 22.9, Chop 50.5)

## Optimal SuperTrend: ATR 16 / Mult 5.0
- Win Rate: 40.0% | PF: 1.79 | Return: 49.35%

## Positions
- BTCUSD: SHORT @ $75,031.09

## Global Crypto
- Total Market Cap: $2,676,587,241,866
- BTC Dominance: 58.1%
- 24h Change: -0.1%

============================================================
Market Data Aggregator — 2026-04-24 21:00 UTC
============================================================

Fetching BTC price...
Fetching BTC OHLCV 24h...
Fetching Fear & Greed...
Fetching global crypto market...
Fetching FRED macro data...
Loading internal data...

JSON saved: /home/ubuntu/.openclaw/workspace/directives/market_briefing.json
Markdown saved: /home/ubuntu/.openclaw/workspace/directives/market_briefing.md

# Market Briefing — April 24, 2026 09:00 PM UTC

## BTC: $77,745.00 (-0.2% 24h)
- 24h Range: $77,387 — $78,605 (1.6%)
- 24h Trend: DOWN
- Volume: 33,251,952,848 USD
- Fear & Greed: 39 (Fear)

## Market Regime: MIXED
- Bias: MIXED
- Recommendation: DayTrader light size — no clear regime
- 1H: RANGING (ADX 11.2, Chop 61.4)
- 4H: RANGING (ADX 16.0, Chop 59.2)
- 1D: WEAK_TREND (ADX 22.9, Chop 50.5)

## Optimal SuperTrend: ATR 16 / Mult 5.0
- Win Rate: 40.0% | PF: 1.79 | Return: 49.35%

## Positions
- BTCUSD: LONG @ $60,000.00

## Global Crypto
- Total Market Cap: $2,680,371,348,456
- BTC Dominance: 58.1%
- 24h Change: -0.1%
